supplier_id,company_name,country,hs_code,commodity_name,category,total_export_value,total_export_quantity,export_growth_rate,main_import_partner,tariff_rate,trade_restriction_flag,exchange_rate_usd,currency_volatility,estimated_capacity,reliability_score,risk_score,last_updated_year,company_size,years_in_business,min_order_quantity,avg_lead_time_days,production_capacity_monthly,certification_iso,certification_haccp,certification_fda,payment_terms,digital_maturity_score,esg_score,buyer_rating,dispute_rate_percent,on_time_delivery_rate_percent,logistics_mode,avg_unit_price_usd,flexibility_score
SUP0001,India Soybeans Exports 735,India,120190,Soybeans,Agriculture,1890837.0,13801.73,12.49,China,6.86,0,83.0,3.77,189.08,0.95,3.57,2023,SME,32,10894,16,129656,No,No,No,LC,5.0,4.0,4.5,0.67,90.43,Land,179.0,4.0
SUP0002,Indonesia Raw Exports 122,Indonesia,170114,Raw Sugar,Agriculture,7950991.0,46770.54,4.78,Brazil,11.36,0,15500.0,5.71,795.1,0.88,5.69,2023,Large,12,16253,27,89951,Yes,No,No,LC,4.0,8.0,5.0,3.58,87.99,Land,318.02,5.0
SUP0003,Ethiopia Car Exports 865,Ethiopia,401110,Car Tyres,Automobile,4546476.0,10148.38,11.24,China,11.7,0,56.0,5.69,454.65,0.95,5.79,2023,Large,29,12092,41,98804,Yes,No,No,Advance,8.0,6.0,4.19,4.11,89.52,Air,422.46,8.0
SUP0004,India Soybean Exports 11,India,230400,Soybean Meal,Agriculture,3667936.0,16748.57,0.01,Germany,4.0,0,83.0,4.05,366.79,0.87,2.82,2023,Large,9,15838,25,178519,Yes,Yes,No,Advance,10.0,7.0,3.96,2.26,85.09,Land,227.24,9.0
SUP0005,China Soybean Exports 706,China,230400,Soybean Meal,Agriculture,3489590.0,9720.31,6.46,France,10.87,0,7.0,2.49,348.96,0.93,4.26,2023,SME,6,2156,22,73419,Yes,Yes,Yes,Advance,5.0,6.0,4.32,7.16,81.38,Sea,280.57,7.0
SUP0006,Vietnam Coffee Exports 924,Vietnam,90111,Coffee,Agriculture,6248873.0,20028.44,0.96,Brazil,7.54,0,24000.0,4.5,624.89,0.87,4.06,2023,Enterprise,31,11273,13,196154,Yes,Yes,Yes,TT,9.0,4.0,3.67,1.72,93.84,Sea,200.7,9.0
SUP0007,Thailand Rice Exports 15,Thailand,100630,Rice,Grains,3564977.0,17057.31,3.62,Japan,3.6,0,35.0,4.25,356.5,0.88,2.78,2023,SME,21,12759,22,145490,No,No,No,TT,5.0,4.0,4.99,2.95,86.92,Sea,97.93,7.0
SUP0008,Indonesia Soybean Exports 756,Indonesia,230400,Soybean Meal,Agriculture,5171010.0,35909.79,6.9,UK,5.49,0,15500.0,5.56,517.1,0.91,3.87,2023,SME,17,4335,15,79742,No,Yes,Yes,LC,9.0,4.0,3.34,4.42,88.15,Air,353.25,7.0
SUP0009,Germany Medicaments Exports 934,Germany,300490,Medicaments,Pharma,9918930.0,132252.4,2.46,UAE,5.0,0,0.9,1.38,991.89,0.85,2.05,2023,Large,39,16089,25,197772,Yes,No,No,TT,9.0,10.0,4.16,5.95,82.44,Sea,207.93,10.0
SUP0010,Brazil Soybeans Exports 271,Brazil,120190,Soybeans,Agriculture,9268491.0,21504.62,0.98,USA,5.13,1,5.0,5.17,926.85,0.88,8.61,2023,SME,17,18445,21,79938,Yes,No,Yes,Advance,6.0,4.0,5.0,6.43,97.08,Air,241.69,4.0
SUP0011,Argentina Soybeans Exports 617,Argentina,120190,Soybeans,Agriculture,693773.0,9010.04,12.59,Germany,10.39,0,850.0,7.07,69.38,0.96,5.95,2023,SME,35,15490,10,62167,No,No,No,LC,7.0,6.0,3.38,2.46,96.97,Air,105.02,9.0
SUP0012,Ethiopia T-Shirts Exports 356,Ethiopia,610910,T-Shirts,Textiles,9365501.0,24517.02,8.82,Germany,4.09,0,56.0,6.14,936.55,0.91,3.68,2023,Large,34,19945,26,102731,Yes,No,No,Advance,7.0,5.0,3.42,7.63,88.98,Land,25.16,4.0
SUP0013,Indonesia Plastic Exports 158,Indonesia,392690,Plastic Products,Industrial,7192281.0,15500.61,10.35,UK,9.71,0,15500.0,4.88,719.23,0.97,4.87,2023,SME,34,25813,50,154210,Yes,No,No,Advance,4.0,6.0,4.31,4.3,95.48,Air,460.03,8.0
SUP0014,Brazil Steel Exports 600,Brazil,721420,Steel Bars,Industrial,5975977.0,45618.15,0.18,Germany,9.8,0,5.0,7.53,597.6,0.89,5.95,2023,SME,31,2266,51,47636,Yes,No,No,LC,10.0,7.0,3.96,2.65,87.62,Air,465.2,6.0
SUP0015,Thailand Copper Exports 713,Thailand,740311,Copper Cathodes,Industrial,9718703.0,404945.96,13.33,Germany,11.23,0,35.0,3.76,971.87,0.96,4.87,2023,Enterprise,12,24967,26,176613,No,No,No,TT,5.0,6.0,3.89,5.1,87.05,Land,149.89,7.0
SUP0016,Brazil Black Exports 920,Brazil,90411,Black Pepper,Spices,1612922.0,3476.12,7.76,Germany,3.41,0,5.0,7.03,161.29,0.95,3.83,2023,Large,4,15216,18,135261,Yes,No,No,Advance,9.0,9.0,3.93,6.96,93.49,Air,84.84,9.0
SUP0017,Argentina Portable Exports 685,Argentina,847130,Portable Computers,Electronics,1927399.0,6692.36,1.31,India,4.57,0,850.0,6.94,192.74,0.87,4.15,2023,SME,20,35359,33,120395,Yes,No,No,TT,10.0,7.0,4.38,4.57,80.17,Land,252.73,6.0
SUP0018,Thailand Soybean Exports 96,Thailand,150710,Soybean Oil,Agriculture,5886668.0,309824.63,5.81,Germany,9.33,0,35.0,3.62,588.67,0.94,4.25,2023,SME,26,2611,22,81678,No,Yes,No,LC,5.0,7.0,4.13,5.35,89.17,Land,422.3,5.0
SUP0019,China Turmeric Exports 530,China,91030,Turmeric,Spices,7526347.0,23893.17,4.11,France,10.51,0,7.0,3.43,752.63,0.88,4.53,2023,Large,3,18402,30,26119,No,Yes,No,Advance,8.0,9.0,3.86,2.32,80.88,Sea,188.6,10.0
SUP0020,Vietnam Petroleum Exports 740,Vietnam,271019,Petroleum Oils,Energy,8743598.0,21325.85,2.67,UAE,9.59,0,24000.0,5.53,874.36,0.86,5.09,2023,SME,22,16297,25,199274,Yes,No,No,TT,8.0,4.0,4.24,6.11,82.09,Sea,476.04,9.0
SUP0021,Indonesia Soybeans Exports 2,Indonesia,120190,Soybeans,Agriculture,7534931.0,26345.91,13.0,USA,10.09,1,15500.0,4.48,753.49,0.98,9.82,2023,SME,8,1573,17,61800,Yes,Yes,No,TT,7.0,6.0,4.48,6.36,88.39,Land,115.26,6.0
SUP0022,India Ethyl Exports 393,India,220710,Ethyl Alcohol,Chemical,4908644.0,12883.58,13.19,UAE,6.49,1,83.0,3.68,490.86,0.95,8.42,2023,SME,35,2779,18,160505,Yes,No,No,LC,5.0,9.0,4.18,5.28,83.74,Sea,329.04,5.0
SUP0023,Ethiopia Cotton Exports 904,Ethiopia,520100,Cotton,Industrial,3779965.0,7714.21,7.26,Brazil,3.92,0,56.0,5.47,378.0,0.92,3.36,2023,Enterprise,17,45282,58,191909,No,No,No,LC,6.0,5.0,4.15,2.37,97.61,Sea,58.13,5.0
SUP0024,Indonesia Medicaments Exports 202,Indonesia,300490,Medicaments,Pharma,2051912.0,14450.08,3.24,Japan,3.03,1,15500.0,4.0,205.19,0.86,7.51,2023,Large,20,21787,32,189022,Yes,No,Yes,TT,4.0,7.0,4.11,4.46,83.38,Land,451.03,5.0
SUP0025,Brazil Cinnamon Exports 732,Brazil,90611,Cinnamon,Spices,9721932.0,21273.37,11.28,USA,3.73,0,5.0,7.23,972.19,0.96,4.01,2023,Enterprise,20,14523,17,140856,Yes,Yes,No,Advance,5.0,9.0,4.72,5.79,95.74,Land,408.66,8.0
SUP0026,Germany Soybean Exports 707,Germany,150710,Soybean Oil,Agriculture,8794893.0,258673.32,14.91,Brazil,3.39,0,0.9,1.52,879.49,0.95,1.62,2023,Enterprise,34,516,23,172645,Yes,Yes,No,LC,4.0,10.0,4.58,6.7,82.04,Land,353.89,4.0
SUP0027,USA Ethyl Exports 355,USA,220710,Ethyl Alcohol,Chemical,6296952.0,27142.03,13.33,Brazil,9.16,1,1.0,1.37,629.7,0.95,8.3,2023,SME,12,15485,35,86267,No,No,No,LC,5.0,7.0,4.94,2.9,88.59,Sea,245.66,6.0
SUP0028,Thailand Plastic Exports 689,Thailand,392690,Plastic Products,Industrial,4896080.0,11797.78,8.49,France,6.86,1,35.0,3.23,489.61,0.9,8.35,2023,Large,26,2127,20,137988,Yes,No,No,Advance,6.0,9.0,4.79,5.64,90.55,Air,431.18,4.0
SUP0029,Indonesia Soybeans Exports 681,Indonesia,120190,Soybeans,Agriculture,7351719.0,75017.54,0.99,USA,4.97,1,15500.0,4.07,735.17,0.88,8.12,2023,Large,36,2700,24,183534,Yes,No,Yes,TT,9.0,4.0,4.61,1.52,89.55,Land,102.01,8.0
SUP0030,Thailand Raw Exports 987,Thailand,170114,Raw Sugar,Agriculture,3742852.0,13179.06,-1.97,USA,8.82,0,35.0,4.26,374.29,0.72,4.35,2023,Large,22,11441,28,33088,Yes,Yes,No,LC,6.0,9.0,4.13,2.07,94.37,Sea,96.0,4.0
SUP0031,Vietnam Coffee Exports 57,Vietnam,90111,Coffee,Agriculture,6200454.0,24411.24,11.54,UAE,10.88,0,24000.0,4.27,620.05,0.97,4.97,2023,SME,39,16228,25,71681,Yes,No,Yes,Advance,6.0,5.0,4.49,0.39,95.1,Sea,419.71,9.0
SUP0032,Thailand Power Exports 838,Thailand,850440,Power Supply Units,Electronics,5238217.0,14234.29,6.16,Brazil,7.88,0,35.0,3.98,523.82,0.91,3.96,2023,Enterprise,26,39932,59,166258,No,No,No,Advance,7.0,9.0,4.19,7.67,93.51,Air,101.39,4.0
SUP0033,Germany T-Shirts Exports 513,Germany,610910,T-Shirts,Textiles,7132593.0,88056.7,13.89,Germany,11.4,0,0.9,1.82,713.26,0.96,4.15,2023,Large,16,24994,22,40455,Yes,No,No,TT,8.0,7.0,3.8,6.29,86.9,Sea,461.53,5.0
SUP0034,Brazil Rice Exports 341,Brazil,100630,Rice,Grains,3575465.0,8741.97,-0.65,UAE,4.48,0,5.0,7.95,357.55,0.71,4.52,2023,Enterprise,33,15883,14,183778,Yes,Yes,No,LC,9.0,8.0,5.0,4.86,87.77,Land,6.33,6.0
SUP0035,USA Cotton Exports 903,USA,520100,Cotton,Industrial,9261715.0,23096.55,13.22,Germany,6.01,1,1.0,1.54,926.17,0.96,7.42,2023,SME,36,20111,50,100419,Yes,No,No,Advance,6.0,9.0,2.95,5.66,87.86,Sea,298.51,7.0
SUP0036,Argentina Car Exports 465,Argentina,401110,Car Tyres,Automobile,8242643.0,20006.42,14.55,Brazil,7.16,0,850.0,8.23,824.26,0.95,5.44,2023,SME,22,11332,43,171035,No,No,No,TT,9.0,4.0,4.31,4.44,83.46,Sea,207.81,8.0
SUP0037,Indonesia Wheat Exports 283,Indonesia,100199,Wheat,Grains,9587011.0,46765.91,5.01,Japan,5.68,0,15500.0,4.85,958.7,0.91,3.64,2023,SME,29,12554,30,73993,Yes,Yes,No,TT,7.0,7.0,4.18,1.58,95.17,Air,433.01,6.0
SUP0038,Thailand Ethyl Exports 540,Thailand,220710,Ethyl Alcohol,Chemical,8478541.0,37350.4,11.98,France,11.85,0,35.0,4.66,847.85,0.96,5.42,2023,Large,9,23560,22,84648,No,No,No,TT,9.0,7.0,4.75,5.6,85.5,Air,26.83,9.0
SUP0039,Germany Steel Exports 190,Germany,721420,Steel Bars,Industrial,1735550.0,4690.68,3.1,China,7.97,0,0.9,1.61,173.56,0.88,3.04,2023,Large,31,34487,32,163695,Yes,No,No,LC,7.0,9.0,3.97,4.79,80.31,Land,332.06,8.0
SUP0040,Thailand Motor Exports 7,Thailand,870323,Motor Cars,Automobile,9181753.0,170032.46,13.59,France,9.36,1,35.0,4.61,918.18,0.96,9.65,2023,SME,14,12376,49,108678,Yes,No,No,LC,9.0,9.0,3.48,5.86,86.56,Air,144.73,8.0
SUP0041,USA Cotton Exports 812,USA,520100,Cotton,Industrial,2481753.0,7193.49,7.17,Brazil,4.5,1,1.0,1.48,248.18,0.92,6.94,2023,SME,4,26242,21,98620,Yes,No,No,TT,7.0,4.0,4.35,6.02,87.87,Air,491.41,9.0
SUP0042,Ethiopia Aluminium Exports 605,Ethiopia,760110,Aluminium,Industrial,7691908.0,28175.49,2.59,China,10.98,0,56.0,6.61,769.19,0.9,5.94,2023,Large,10,42432,35,197286,No,No,No,TT,6.0,4.0,4.7,3.02,81.08,Land,120.66,7.0
SUP0043,Ethiopia Soybean Exports 908,Ethiopia,150710,Soybean Oil,Agriculture,3911281.0,14432.77,-0.79,Germany,8.06,0,56.0,5.99,391.13,0.83,4.81,2023,SME,19,17915,15,50759,No,Yes,No,LC,6.0,4.0,4.35,0.78,95.41,Air,279.24,7.0
SUP0044,Indonesia Plastic Exports 954,Indonesia,392690,Plastic Products,Industrial,8682287.0,39645.15,-1.35,USA,5.05,0,15500.0,5.5,868.23,0.74,3.71,2023,SME,24,18231,29,160644,Yes,No,No,TT,8.0,5.0,4.04,2.64,87.85,Land,447.22,4.0
SUP0045,Vietnam Steel Exports 268,Vietnam,721420,Steel Bars,Industrial,6584230.0,13890.78,4.19,USA,11.28,0,24000.0,5.68,658.42,0.87,5.66,2023,Large,26,22705,31,116203,Yes,No,No,TT,4.0,5.0,4.51,3.49,91.05,Land,353.79,5.0
SUP0046,Argentina Aluminium Exports 196,Argentina,760110,Aluminium,Industrial,2737394.0,9279.3,-0.34,China,8.73,0,850.0,7.0,273.74,0.79,5.42,2023,Enterprise,3,3463,28,48708,Yes,No,No,LC,5.0,4.0,4.86,5.62,91.75,Air,7.95,5.0
SUP0047,China Wheat Exports 383,China,100199,Wheat,Grains,6707704.0,24751.68,1.79,India,9.19,0,7.0,3.42,670.77,0.9,4.12,2023,Large,23,11204,25,197115,Yes,No,No,Advance,8.0,8.0,4.47,4.48,89.0,Land,61.55,6.0
SUP0048,Thailand Coffee Exports 884,Thailand,90111,Coffee,Agriculture,5170916.0,21019.98,4.2,Japan,3.48,1,35.0,4.08,517.09,0.89,7.68,2023,SME,24,18221,18,39954,No,No,No,TT,5.0,4.0,4.44,4.43,91.76,Land,412.76,8.0
SUP0049,Germany Steel Exports 661,Germany,721420,Steel Bars,Industrial,6443464.0,15563.92,6.03,Mexico,11.72,0,0.9,1.51,644.35,0.92,4.12,2023,SME,25,16042,37,163965,Yes,No,No,LC,9.0,7.0,4.58,4.78,82.14,Sea,271.9,9.0
SUP0050,Indonesia Cotton Exports 676,Indonesia,520100,Cotton,Industrial,7984753.0,27439.01,13.11,UK,9.14,1,15500.0,5.2,798.48,0.96,9.82,2023,Large,5,18159,26,138238,Yes,No,No,TT,4.0,9.0,3.85,4.84,86.14,Land,458.26,8.0
SUP0051,Vietnam Car Exports 880,Vietnam,401110,Car Tyres,Automobile,3427390.0,16320.9,10.57,China,8.88,0,24000.0,5.74,342.74,0.97,4.96,2023,Large,24,1952,58,166118,Yes,No,No,Advance,5.0,4.0,4.14,6.6,98.2,Sea,153.96,8.0
SUP0052,Germany Footwear Exports 603,Germany,640399,Footwear,Consumer Goods,773464.0,3249.85,6.73,Brazil,5.01,0,0.9,1.57,77.35,0.93,2.13,2023,SME,30,6631,39,112994,Yes,No,No,LC,7.0,8.0,3.48,3.84,88.27,Sea,78.89,10.0
SUP0053,Thailand Black Exports 742,Thailand,90411,Black Pepper,Spices,7089365.0,18224.59,6.12,Mexico,9.31,0,35.0,4.75,708.94,0.92,4.69,2023,SME,40,13730,27,75658,Yes,Yes,No,LC,10.0,6.0,4.31,1.07,89.0,Air,326.01,5.0
SUP0054,Indonesia Soybean Exports 844,Indonesia,230400,Soybean Meal,Agriculture,5194855.0,11293.16,4.07,UAE,11.81,0,15500.0,5.67,519.49,0.86,5.81,2023,Large,17,12148,16,90050,Yes,Yes,No,LC,9.0,9.0,4.28,1.52,93.79,Sea,35.85,10.0
SUP0055,Brazil Soybean Exports 378,Brazil,150710,Soybean Oil,Agriculture,1951002.0,3902.0,1.85,Japan,6.17,0,5.0,5.29,195.1,0.89,3.97,2023,SME,12,14716,24,45839,No,Yes,No,TT,4.0,5.0,3.96,1.45,80.22,Land,336.67,4.0
SUP0056,Indonesia Raw Exports 609,Indonesia,170114,Raw Sugar,Agriculture,4706871.0,31589.74,5.73,UAE,10.35,0,15500.0,5.45,470.69,0.94,5.29,2023,Large,38,610,19,181496,No,Yes,Yes,TT,10.0,7.0,3.63,1.57,81.34,Land,496.0,10.0
SUP0057,Ethiopia Ethyl Exports 509,Ethiopia,220710,Ethyl Alcohol,Chemical,6257934.0,14190.33,14.79,Brazil,10.63,1,56.0,5.37,625.79,0.96,10.34,2023,SME,30,17552,43,71762,Yes,No,No,Advance,9.0,8.0,3.72,7.57,81.02,Air,282.75,5.0
SUP0058,Vietnam Footwear Exports 869,Vietnam,640399,Footwear,Consumer Goods,3539810.0,8509.16,11.42,China,9.2,0,24000.0,4.6,353.98,0.98,4.6,2023,SME,17,24395,31,135794,No,No,No,TT,4.0,7.0,4.02,7.39,95.07,Land,195.85,8.0
SUP0059,China Petroleum Exports 991,China,271019,Petroleum Oils,Energy,7132637.0,324210.77,-0.37,India,10.61,0,7.0,2.47,713.26,0.71,4.17,2023,Large,4,23086,17,90831,Yes,No,No,Advance,7.0,6.0,3.8,7.88,86.42,Air,486.63,8.0
SUP0060,Indonesia Motor Exports 247,Indonesia,870323,Motor Cars,Automobile,2797255.0,9141.36,8.85,Germany,11.44,0,15500.0,5.1,279.73,0.91,5.47,2023,SME,22,3888,59,86515,Yes,No,No,Advance,10.0,7.0,3.75,0.87,82.24,Air,35.92,10.0
SUP0061,China Cotton Exports 636,China,520100,Cotton,Industrial,930935.0,1888.31,0.58,Mexico,9.57,0,7.0,2.14,93.09,0.85,3.73,2023,SME,9,40318,39,78490,No,No,No,TT,7.0,8.0,3.59,4.82,81.76,Land,130.02,7.0
SUP0062,Indonesia Footwear Exports 83,Indonesia,640399,Footwear,Consumer Goods,5571401.0,13140.1,14.81,Mexico,8.25,1,15500.0,4.66,557.14,0.97,9.34,2023,SME,6,22316,43,36770,Yes,No,No,Advance,10.0,9.0,5.0,7.43,95.89,Air,403.12,4.0
SUP0063,Thailand Cardamom Exports 696,Thailand,90832,Cardamom,Spices,893633.0,17872.66,7.07,UK,10.68,0,35.0,3.61,89.36,0.91,4.65,2023,Large,12,16942,26,198167,Yes,No,No,Advance,6.0,5.0,4.18,4.41,98.24,Land,486.81,10.0
SUP0064,Vietnam Petroleum Exports 416,Vietnam,271019,Petroleum Oils,Energy,982280.0,8692.74,14.78,Germany,10.01,0,24000.0,5.4,98.23,0.96,5.16,2023,SME,16,12292,40,85945,No,No,No,TT,7.0,7.0,4.59,5.25,83.86,Sea,339.75,9.0
SUP0065,Brazil Medicaments Exports 43,Brazil,300490,Medicaments,Pharma,2708666.0,18810.18,0.95,India,8.67,0,5.0,6.27,270.87,0.87,5.11,2023,SME,4,12948,21,27691,Yes,No,No,LC,10.0,4.0,4.25,6.92,89.59,Sea,7.98,10.0
SUP0066,Indonesia Soybean Exports 613,Indonesia,150710,Soybean Oil,Agriculture,1788103.0,28382.59,5.94,UAE,6.02,1,15500.0,5.91,178.81,0.93,9.17,2023,SME,27,11627,23,101563,Yes,No,No,Advance,8.0,7.0,3.95,2.64,82.55,Sea,438.03,9.0
SUP0067,Thailand Petroleum Exports 63,Thailand,271019,Petroleum Oils,Energy,9707333.0,422057.96,1.03,India,9.39,0,35.0,4.56,970.73,0.88,4.64,2023,SME,26,13573,30,103333,Yes,No,No,TT,7.0,7.0,4.47,0.53,96.3,Air,432.63,5.0
SUP0068,India Soybeans Exports 996,India,120190,Soybeans,Agriculture,8919909.0,24572.75,1.38,France,6.17,0,83.0,4.74,891.99,0.89,3.75,2023,SME,38,13334,26,53115,No,Yes,No,LC,10.0,7.0,4.2,7.69,89.88,Land,383.01,7.0
SUP0069,Argentina Ethyl Exports 5,Argentina,220710,Ethyl Alcohol,Chemical,2652974.0,189498.14,7.45,France,7.36,0,850.0,6.48,265.3,0.9,4.8,2023,SME,24,10262,15,157727,Yes,No,No,TT,10.0,9.0,4.66,0.87,93.17,Air,90.6,4.0
SUP0070,Argentina Medicaments Exports 106,Argentina,300490,Medicaments,Pharma,6237091.0,13707.89,2.02,UK,10.53,1,850.0,6.59,623.71,0.87,10.79,2023,Large,25,9837,37,197129,Yes,No,No,LC,4.0,6.0,4.63,6.59,98.81,Air,476.46,5.0
SUP0071,China Cinnamon Exports 137,China,90611,Cinnamon,Spices,6169976.0,342776.44,6.52,Mexico,11.97,0,7.0,3.19,617.0,0.9,4.87,2023,Large,4,548,28,107333,Yes,Yes,No,TT,5.0,8.0,3.91,4.22,94.71,Sea,320.25,10.0
SUP0072,China Cinnamon Exports 976,China,90611,Cinnamon,Spices,1072420.0,6579.26,5.39,Brazil,4.72,0,7.0,3.21,107.24,0.92,2.7,2023,Enterprise,10,7801,24,117080,Yes,Yes,No,LC,5.0,8.0,4.07,0.57,81.26,Land,262.62,4.0
SUP0073,Germany Black Exports 48,Germany,90411,Black Pepper,Spices,6918755.0,14236.12,8.09,India,4.79,0,0.9,1.9,691.88,0.92,2.2,2023,SME,38,11511,17,131155,Yes,No,No,TT,8.0,6.0,4.01,1.67,92.4,Sea,170.53,9.0
SUP0074,India Raw Exports 479,India,170114,Raw Sugar,Agriculture,4430370.0,16909.81,7.01,Brazil,7.96,1,83.0,3.49,443.04,0.93,8.78,2023,SME,6,7601,13,197370,Yes,No,Yes,LC,10.0,4.0,3.81,6.91,96.21,Land,79.73,4.0
SUP0075,Vietnam Aluminium Exports 477,Vietnam,760110,Aluminium,Industrial,6193891.0,14304.6,6.06,France,5.54,0,24000.0,5.62,619.39,0.94,3.91,2023,SME,9,49258,49,73664,No,No,No,TT,4.0,4.0,3.51,3.85,98.31,Land,360.86,5.0
SUP0076,Germany T-Shirts Exports 440,Germany,610910,T-Shirts,Textiles,3194557.0,7162.68,2.75,UAE,7.31,0,0.9,1.46,319.46,0.86,2.78,2023,SME,8,15069,42,111410,Yes,No,No,LC,7.0,7.0,5.0,0.03,94.12,Air,315.91,4.0
SUP0077,Indonesia Plastic Exports 742,Indonesia,392690,Plastic Products,Industrial,5555223.0,12979.49,3.04,France,7.9,1,15500.0,5.36,555.52,0.85,9.51,2023,SME,11,3741,38,80198,Yes,No,No,LC,10.0,4.0,4.0,6.99,88.33,Air,149.45,8.0
SUP0078,Ethiopia Soybean Exports 403,Ethiopia,230400,Soybean Meal,Agriculture,2968010.0,82444.72,12.73,UK,10.98,1,56.0,7.07,296.8,0.97,11.12,2023,Large,7,9718,24,166580,Yes,Yes,Yes,LC,8.0,6.0,4.77,6.27,96.84,Air,401.97,6.0
SUP0079,India Portable Exports 907,India,847130,Portable Computers,Electronics,6316505.0,15751.88,0.57,UAE,11.25,0,83.0,3.76,631.65,0.87,4.88,2023,Enterprise,17,37207,46,190170,Yes,No,No,LC,6.0,9.0,5.0,0.07,84.32,Land,394.26,7.0
SUP0080,USA Wheat Exports 655,USA,100199,Wheat,Grains,2363214.0,8817.96,3.78,Japan,7.94,1,1.0,1.33,236.32,0.88,7.91,2023,SME,23,19132,13,119332,Yes,No,No,LC,10.0,5.0,5.0,3.21,84.37,Sea,427.08,9.0
SUP0081,USA Turmeric Exports 529,USA,91030,Turmeric,Spices,8967787.0,320278.11,6.03,UK,8.86,1,1.0,1.51,896.78,0.93,8.26,2023,SME,32,3224,10,85664,No,Yes,No,Advance,4.0,9.0,3.85,7.3,92.84,Sea,392.68,4.0
SUP0082,Indonesia Cinnamon Exports 997,Indonesia,90611,Cinnamon,Spices,8705248.0,17986.05,8.8,India,11.54,0,15500.0,5.35,870.52,0.92,5.6,2023,SME,36,6868,27,151762,No,Yes,No,Advance,8.0,7.0,4.2,7.61,92.39,Sea,287.19,5.0
SUP0083,USA Wheat Exports 338,USA,100199,Wheat,Grains,6408862.0,20027.69,5.05,Mexico,7.24,0,1.0,1.45,640.89,0.91,2.75,2023,Enterprise,23,7982,27,189366,Yes,No,No,Advance,7.0,7.0,3.91,3.25,92.62,Air,300.97,10.0
SUP0084,China Ethyl Exports 566,China,220710,Ethyl Alcohol,Chemical,3039748.0,26204.72,14.89,Germany,4.22,0,7.0,3.38,303.97,0.96,2.62,2023,Large,28,19786,41,192349,Yes,No,No,LC,9.0,6.0,3.43,4.87,81.97,Sea,270.53,10.0
SUP0085,Germany Aluminium Exports 611,Germany,760110,Aluminium,Industrial,969447.0,6974.44,-1.13,Japan,9.59,0,0.9,1.91,96.94,0.74,3.64,2023,SME,13,6360,29,100345,Yes,No,No,Advance,7.0,7.0,3.88,5.6,80.57,Sea,145.07,9.0
SUP0086,Brazil Steel Exports 276,Brazil,721420,Steel Bars,Industrial,9013400.0,150223.33,6.67,Brazil,5.82,0,5.0,6.3,901.34,0.94,4.27,2023,SME,38,7760,51,117701,No,No,No,Advance,9.0,5.0,3.63,6.07,89.8,Sea,397.74,5.0
SUP0087,USA Cotton Exports 455,USA,520100,Cotton,Industrial,9224547.0,19880.49,14.08,Mexico,7.86,0,1.0,1.0,922.45,0.95,2.76,2023,Large,11,32853,56,128227,Yes,No,No,LC,7.0,5.0,3.66,5.51,95.64,Air,268.86,6.0
SUP0088,Brazil Rice Exports 890,Brazil,100630,Rice,Grains,6439895.0,14310.88,2.53,France,6.42,0,5.0,7.46,643.99,0.86,4.91,2023,SME,6,1616,18,106238,Yes,No,No,TT,6.0,5.0,3.78,6.03,85.32,Land,90.88,9.0
SUP0089,Indonesia Power Exports 70,Indonesia,850440,Power Supply Units,Electronics,5427481.0,17340.19,2.95,Japan,11.34,1,15500.0,5.85,542.75,0.88,10.74,2023,Large,23,21689,43,99275,Yes,No,No,Advance,8.0,8.0,3.29,5.36,87.47,Land,14.41,4.0
SUP0090,Argentina Soybean Exports 989,Argentina,150710,Soybean Oil,Agriculture,1860823.0,5983.35,6.26,Mexico,8.18,0,850.0,9.42,186.08,0.93,6.22,2023,SME,20,16033,27,112151,Yes,No,Yes,LC,9.0,4.0,4.76,1.51,94.35,Land,227.0,8.0
SUP0091,Thailand Aluminium Exports 175,Thailand,760110,Aluminium,Industrial,6176999.0,33032.08,0.36,UK,9.02,0,35.0,3.87,617.7,0.88,4.25,2023,Large,10,49179,32,46383,No,No,No,Advance,6.0,4.0,4.86,0.17,82.73,Land,44.81,5.0
SUP0092,Ethiopia Raw Exports 629,Ethiopia,170114,Raw Sugar,Agriculture,9273908.0,23901.82,12.36,UK,9.61,0,56.0,5.36,927.39,0.97,5.03,2023,SME,9,2685,12,74510,No,Yes,No,LC,8.0,9.0,3.24,4.75,96.74,Land,20.88,10.0
SUP0093,Indonesia Cardamom Exports 190,Indonesia,90832,Cardamom,Spices,4378920.0,21465.29,-1.34,Japan,7.45,0,15500.0,4.88,437.89,0.82,4.19,2023,Enterprise,16,7450,30,187334,Yes,Yes,No,Advance,4.0,4.0,4.52,3.03,97.07,Air,343.65,4.0
SUP0094,Thailand Soybean Exports 582,Thailand,230400,Soybean Meal,Agriculture,1099533.0,12935.68,9.1,Mexico,3.49,0,35.0,4.65,109.95,0.9,2.91,2023,Large,38,16106,21,124719,Yes,No,No,TT,4.0,8.0,4.41,1.93,98.42,Land,284.75,6.0
SUP0095,Argentina Portable Exports 114,Argentina,847130,Portable Computers,Electronics,2930650.0,58613.0,2.78,Mexico,10.83,1,850.0,9.27,293.06,0.87,11.96,2023,SME,27,41601,28,30567,Yes,No,No,Advance,8.0,9.0,3.93,0.56,89.36,Land,328.38,8.0
SUP0096,Argentina Motor Exports 712,Argentina,870323,Motor Cars,Automobile,7253221.0,22595.7,9.8,India,7.53,0,850.0,8.62,725.32,0.93,5.71,2023,Large,40,48010,53,49348,Yes,No,No,LC,7.0,5.0,4.61,7.92,87.29,Air,154.5,9.0
SUP0097,Indonesia Footwear Exports 102,Indonesia,640399,Footwear,Consumer Goods,4593585.0,22967.92,10.54,Mexico,11.56,0,15500.0,5.99,459.36,0.95,5.86,2023,SME,18,22163,16,192405,Yes,No,No,LC,10.0,8.0,4.08,5.0,89.68,Sea,30.59,5.0
SUP0098,Argentina Copper Exports 226,Argentina,740311,Copper Cathodes,Industrial,1796474.0,4491.19,-0.39,Brazil,6.82,0,850.0,9.6,179.65,0.79,5.89,2023,Enterprise,20,12032,45,139595,Yes,No,No,TT,4.0,6.0,4.37,7.76,90.64,Land,370.19,6.0
SUP0099,Thailand Soybean Exports 957,Thailand,230400,Soybean Meal,Agriculture,4307297.0,10379.03,-0.92,Mexico,11.94,0,35.0,3.41,430.73,0.75,4.95,2023,SME,17,5215,17,53217,No,No,Yes,TT,4.0,8.0,4.66,4.89,85.12,Sea,116.9,9.0
SUP0100,USA Black Exports 632,USA,90411,Black Pepper,Spices,7176855.0,71057.97,11.77,UAE,6.01,0,1.0,1.92,717.69,0.98,2.57,2023,Enterprise,23,1652,23,190753,No,No,No,TT,5.0,9.0,4.31,0.87,84.53,Sea,223.99,10.0
SUP0101,Brazil Cardamom Exports 577,Brazil,90832,Cardamom,Spices,4878111.0,10627.69,1.41,Germany,3.88,0,5.0,6.91,487.81,0.87,3.93,2023,SME,3,19702,13,168055,No,No,No,TT,7.0,9.0,3.85,2.82,89.17,Land,89.94,9.0
SUP0102,China Portable Exports 227,China,847130,Portable Computers,Electronics,7844019.0,128590.48,9.53,UAE,10.0,1,7.0,3.89,784.4,0.9,9.56,2023,SME,14,43085,32,170674,Yes,No,No,Advance,10.0,4.0,4.38,0.25,89.53,Air,184.79,9.0
SUP0103,Argentina Turmeric Exports 289,Argentina,91030,Turmeric,Spices,4978471.0,18716.06,11.54,Germany,5.89,1,850.0,8.84,497.85,0.96,10.3,2023,SME,16,12072,24,162251,Yes,No,No,Advance,4.0,7.0,3.78,2.16,90.92,Air,107.72,4.0
SUP0104,Indonesia Wheat Exports 634,Indonesia,100199,Wheat,Grains,2911914.0,13481.08,-0.67,USA,7.1,1,15500.0,5.31,291.19,0.76,9.25,2023,SME,32,18022,15,83358,Yes,Yes,No,TT,6.0,9.0,3.67,5.86,88.07,Sea,437.19,9.0
SUP0105,Germany Soybeans Exports 576,Germany,120190,Soybeans,Agriculture,5229768.0,30229.87,2.77,France,7.33,1,0.9,1.95,522.98,0.86,7.98,2023,Large,7,12532,10,198308,Yes,No,Yes,LC,7.0,6.0,4.1,4.46,83.45,Air,43.19,5.0
SUP0106,USA Steel Exports 915,USA,721420,Steel Bars,Industrial,7541266.0,40113.12,5.84,UAE,3.27,0,1.0,1.24,754.13,0.9,1.48,2023,Large,24,35073,44,197830,Yes,No,No,LC,9.0,8.0,3.62,7.31,91.3,Land,275.28,8.0
SUP0107,Brazil Motor Exports 218,Brazil,870323,Motor Cars,Automobile,8516710.0,78858.43,11.02,Germany,3.55,1,5.0,6.31,851.67,0.96,8.59,2023,SME,5,18468,53,126616,Yes,No,No,TT,9.0,8.0,3.63,1.75,80.29,Sea,129.13,10.0
SUP0108,Brazil Motor Exports 651,Brazil,870323,Motor Cars,Automobile,6691722.0,17797.13,12.5,Germany,8.1,0,5.0,6.14,669.17,0.97,4.89,2023,Large,38,48243,25,92729,Yes,No,No,TT,5.0,5.0,3.33,6.88,81.14,Sea,156.5,9.0
SUP0109,USA Aluminium Exports 615,USA,760110,Aluminium,Industrial,7822412.0,18492.7,6.89,Mexico,11.16,0,1.0,1.3,782.24,0.94,3.87,2023,SME,11,11117,44,21599,Yes,No,No,Advance,4.0,5.0,4.48,0.77,90.79,Land,394.15,10.0
SUP0110,Germany Coffee Exports 221,Germany,90111,Coffee,Agriculture,7591149.0,46287.49,3.15,UAE,11.46,0,0.9,1.44,759.11,0.89,4.01,2023,Enterprise,5,9568,21,50610,No,No,No,LC,5.0,6.0,4.36,1.53,88.95,Land,315.55,9.0
SUP0111,Argentina Power Exports 143,Argentina,850440,Power Supply Units,Electronics,8034329.0,66952.74,4.57,India,5.35,1,850.0,6.5,803.43,0.89,9.21,2023,Large,19,27919,37,61541,Yes,No,No,TT,7.0,9.0,4.63,4.13,83.5,Land,279.12,10.0
SUP0112,USA Rice Exports 630,USA,100630,Rice,Grains,8330279.0,16828.85,1.71,Brazil,11.55,0,1.0,1.38,833.03,0.9,4.02,2023,SME,15,9759,22,100013,Yes,No,No,Advance,10.0,6.0,3.79,5.08,97.89,Air,263.91,9.0
SUP0113,Germany Copper Exports 951,Germany,740311,Copper Cathodes,Industrial,5097328.0,149921.41,14.31,Brazil,6.72,0,0.9,1.88,509.73,0.97,2.77,2023,SME,6,18973,22,108047,Yes,No,No,TT,6.0,10.0,4.74,1.61,90.73,Air,177.43,10.0
SUP0114,Thailand Cotton Exports 306,Thailand,520100,Cotton,Industrial,9798966.0,28239.1,8.01,Mexico,11.31,0,35.0,4.13,979.9,0.95,5.04,2023,SME,10,26250,38,171104,No,No,No,LC,9.0,8.0,4.5,2.9,81.62,Air,390.57,6.0
SUP0115,Brazil Soybean Exports 878,Brazil,230400,Soybean Meal,Agriculture,2534767.0,5632.82,4.75,UK,10.41,0,5.0,5.72,253.48,0.88,5.41,2023,SME,8,17098,21,198270,No,No,No,TT,6.0,6.0,4.7,6.71,93.1,Land,102.92,6.0
SUP0116,Indonesia Turmeric Exports 456,Indonesia,91030,Turmeric,Spices,4423323.0,12287.01,2.12,China,7.5,0,15500.0,5.51,442.33,0.88,4.45,2023,SME,5,9862,12,186478,No,No,No,LC,7.0,5.0,4.08,0.98,86.93,Air,52.14,9.0
SUP0117,USA Medicaments Exports 992,USA,300490,Medicaments,Pharma,9319098.0,21622.04,7.01,UAE,4.0,0,1.0,1.12,931.91,0.91,1.65,2023,SME,9,18539,20,180656,Yes,No,No,TT,8.0,6.0,3.96,4.25,90.68,Air,370.93,7.0
SUP0118,China Rice Exports 921,China,100630,Rice,Grains,3995657.0,62432.14,3.91,Germany,4.0,1,7.0,3.92,399.57,0.88,7.77,2023,SME,25,6047,19,118569,Yes,Yes,No,Advance,10.0,9.0,3.87,5.8,82.98,Sea,97.32,7.0
SUP0119,Argentina Car Exports 692,Argentina,401110,Car Tyres,Automobile,2166080.0,28501.05,9.34,China,10.15,0,850.0,6.42,216.61,0.93,5.61,2023,Enterprise,20,49923,22,23287,Yes,No,No,Advance,8.0,8.0,3.98,7.2,80.27,Land,132.91,10.0
SUP0120,Thailand Black Exports 650,Thailand,90411,Black Pepper,Spices,8601964.0,49154.08,11.78,UAE,6.28,1,35.0,3.54,860.2,0.96,8.3,2023,SME,40,11611,29,132027,Yes,Yes,No,TT,4.0,5.0,3.86,2.43,94.44,Sea,16.44,9.0
SUP0121,Ethiopia Plastic Exports 440,Ethiopia,392690,Plastic Products,Industrial,3583810.0,49093.29,13.81,India,11.24,0,56.0,7.48,358.38,0.96,6.36,2023,SME,37,2101,25,137608,Yes,No,No,TT,4.0,9.0,3.94,2.79,89.39,Air,289.79,10.0
SUP0122,China Cardamom Exports 757,China,90832,Cardamom,Spices,9253509.0,42447.29,-1.96,Germany,7.7,1,7.0,2.88,925.35,0.85,8.46,2023,SME,26,595,26,149443,No,Yes,No,TT,10.0,7.0,4.39,7.42,95.25,Air,216.54,5.0
SUP0123,Brazil Plastic Exports 390,Brazil,392690,Plastic Products,Industrial,5608921.0,28911.96,9.22,Mexico,8.23,1,5.0,7.07,560.89,0.91,10.3,2023,SME,7,12477,58,108224,Yes,No,No,LC,7.0,5.0,4.93,4.84,88.8,Air,17.41,9.0
SUP0124,Ethiopia Black Exports 725,Ethiopia,90411,Black Pepper,Spices,4373025.0,45552.34,13.22,Brazil,4.91,0,56.0,7.71,437.3,0.95,4.56,2023,Large,14,11617,18,146894,Yes,Yes,No,Advance,7.0,9.0,3.38,4.75,89.7,Sea,151.93,8.0
SUP0125,Indonesia Footwear Exports 420,Indonesia,640399,Footwear,Consumer Goods,8563518.0,93081.72,0.15,Japan,9.48,0,15500.0,4.8,856.35,0.87,4.76,2023,SME,13,14939,33,128335,No,No,No,LC,8.0,9.0,3.95,4.6,91.05,Land,403.07,8.0
SUP0126,India Raw Exports 500,India,170114,Raw Sugar,Agriculture,5448710.0,14338.71,11.81,France,10.73,1,83.0,3.42,544.87,0.98,9.59,2023,SME,12,12476,24,117721,Yes,No,No,LC,8.0,6.0,3.71,1.57,87.07,Air,119.21,5.0
SUP0127,USA Cardamom Exports 446,USA,90832,Cardamom,Spices,9548693.0,42438.64,7.72,UK,9.04,0,1.0,1.81,954.87,0.94,3.44,2023,Large,26,15049,29,158991,No,Yes,No,Advance,10.0,4.0,3.84,4.24,80.13,Sea,285.05,4.0
SUP0128,Indonesia Motor Exports 240,Indonesia,870323,Motor Cars,Automobile,6898413.0,16703.18,3.49,Brazil,7.11,0,15500.0,4.43,689.84,0.86,3.91,2023,SME,31,11326,21,78873,Yes,No,No,LC,9.0,4.0,4.26,3.83,82.81,Land,27.31,9.0
SUP0129,China Portable Exports 883,China,847130,Portable Computers,Electronics,7177254.0,15878.88,9.82,Japan,8.57,0,7.0,3.2,717.73,0.92,3.85,2023,Large,25,14121,56,87532,No,No,No,Advance,10.0,8.0,3.97,1.99,88.89,Air,226.55,4.0
SUP0130,Brazil Car Exports 259,Brazil,401110,Car Tyres,Automobile,9829592.0,30813.77,0.66,France,3.7,1,5.0,7.25,982.96,0.86,9.01,2023,Large,26,48984,60,63916,Yes,No,No,LC,5.0,4.0,4.7,3.02,96.6,Sea,281.75,7.0
SUP0131,Ethiopia Plastic Exports 89,Ethiopia,392690,Plastic Products,Industrial,8630339.0,253833.5,1.68,Brazil,11.04,0,56.0,5.84,863.03,0.89,5.65,2023,SME,19,8136,26,121811,Yes,No,No,TT,9.0,9.0,3.56,7.38,94.96,Land,167.96,5.0
SUP0132,Thailand Cinnamon Exports 360,Thailand,90611,Cinnamon,Spices,8326016.0,23322.17,-0.4,China,10.73,0,35.0,4.22,832.6,0.79,4.91,2023,Enterprise,14,10897,30,162551,No,No,No,Advance,6.0,8.0,3.75,4.08,83.97,Land,49.26,8.0
SUP0133,Thailand Cotton Exports 956,Thailand,520100,Cotton,Industrial,8380633.0,32109.7,4.61,Japan,3.42,0,35.0,3.78,838.06,0.86,2.54,2023,Large,9,40137,50,161648,No,No,No,TT,6.0,5.0,4.58,1.39,86.67,Air,409.75,8.0
SUP0134,Vietnam Turmeric Exports 904,Vietnam,91030,Turmeric,Spices,6968648.0,19092.19,0.33,India,9.43,0,24000.0,4.93,696.86,0.85,4.8,2023,Large,29,13723,14,128527,Yes,Yes,No,LC,9.0,7.0,3.76,5.4,86.55,Land,272.18,10.0
SUP0135,Germany Power Exports 659,Germany,850440,Power Supply Units,Electronics,8755316.0,364804.83,8.06,Brazil,4.97,0,0.9,1.91,875.53,0.95,2.25,2023,SME,3,17355,36,145624,Yes,No,No,TT,9.0,7.0,4.0,1.49,91.47,Land,295.32,10.0
SUP0136,Vietnam Coffee Exports 234,Vietnam,90111,Coffee,Agriculture,1304047.0,3642.59,0.22,UK,6.97,0,24000.0,4.26,130.4,0.86,3.79,2023,SME,9,3563,16,44736,Yes,No,Yes,TT,9.0,4.0,4.45,5.07,92.01,Air,338.75,6.0
SUP0137,Vietnam Plastic Exports 19,Vietnam,392690,Plastic Products,Industrial,9340449.0,29280.4,2.55,UAE,11.72,0,24000.0,5.94,934.04,0.86,5.89,2023,Large,33,45314,42,122639,Yes,No,No,Advance,10.0,8.0,3.95,4.28,82.93,Air,434.92,10.0
SUP0138,Vietnam Footwear Exports 384,Vietnam,640399,Footwear,Consumer Goods,764119.0,1810.71,-1.36,France,11.61,0,24000.0,5.79,76.41,0.78,5.8,2023,SME,30,8811,24,23020,No,No,No,LC,7.0,5.0,3.48,2.93,91.31,Sea,63.38,9.0
SUP0139,USA Raw Exports 375,USA,170114,Raw Sugar,Agriculture,3965306.0,13533.47,8.0,UAE,11.54,0,1.0,1.24,396.53,0.93,3.96,2023,Large,14,2366,11,138376,Yes,Yes,Yes,Advance,8.0,5.0,4.38,0.7,98.45,Air,439.09,4.0
SUP0140,India Aluminium Exports 150,India,760110,Aluminium,Industrial,4716636.0,9433.27,1.22,UAE,4.77,0,83.0,3.92,471.66,0.9,3.0,2023,SME,13,39901,58,131481,Yes,No,No,TT,10.0,8.0,4.05,4.59,89.5,Land,479.36,10.0
SUP0141,Brazil Car Exports 373,Brazil,401110,Car Tyres,Automobile,7551141.0,66824.26,10.75,India,11.98,0,5.0,6.46,755.11,0.97,6.18,2023,SME,29,40758,43,73984,No,No,No,TT,10.0,8.0,4.75,4.56,94.44,Land,122.79,4.0
SUP0142,Thailand Footwear Exports 13,Thailand,640399,Footwear,Consumer Goods,4774015.0,53640.62,8.81,France,9.19,0,35.0,4.61,477.4,0.92,4.6,2023,Large,32,26741,33,142785,Yes,No,No,TT,6.0,9.0,4.22,2.69,98.01,Land,78.28,8.0
SUP0143,Thailand Power Exports 337,Thailand,850440,Power Supply Units,Electronics,8619063.0,48151.19,-1.62,USA,4.55,1,35.0,3.2,861.91,0.77,7.65,2023,Large,9,17797,54,159299,Yes,No,No,LC,4.0,5.0,3.16,3.57,95.28,Air,379.79,8.0
SUP0144,Indonesia Plastic Exports 402,Indonesia,392690,Plastic Products,Industrial,6995641.0,55965.13,1.19,China,7.01,1,15500.0,5.13,699.56,0.86,9.15,2023,SME,39,30143,32,49306,Yes,No,No,Advance,4.0,9.0,4.86,7.75,97.2,Sea,141.22,6.0
SUP0145,Vietnam Plastic Exports 833,Vietnam,392690,Plastic Products,Industrial,9848546.0,31364.8,13.73,China,3.33,0,24000.0,4.78,984.85,0.97,2.91,2023,Enterprise,6,48384,60,162882,No,No,No,Advance,4.0,4.0,4.59,2.48,87.71,Air,91.63,7.0
SUP0146,India Cotton Exports 375,India,520100,Cotton,Industrial,4222776.0,24694.6,1.83,Japan,5.47,0,83.0,4.79,422.28,0.9,3.56,2023,SME,5,49543,58,110600,Yes,No,No,Advance,10.0,8.0,4.3,5.23,91.65,Air,456.89,10.0
SUP0147,China Ethyl Exports 111,China,220710,Ethyl Alcohol,Chemical,8357696.0,30726.82,13.84,Mexico,11.26,1,7.0,2.47,835.77,0.96,9.37,2023,Enterprise,14,26779,44,50337,No,No,No,LC,6.0,6.0,3.93,2.39,83.64,Air,367.84,7.0
SUP0148,Germany Aluminium Exports 535,Germany,760110,Aluminium,Industrial,9900755.0,38826.49,14.39,India,7.71,0,0.9,1.97,990.08,0.98,3.1,2023,Large,39,41909,37,114615,Yes,No,No,Advance,6.0,9.0,4.67,5.81,87.08,Land,309.89,10.0
SUP0149,India Soybeans Exports 167,India,120190,Soybeans,Agriculture,6507237.0,33542.46,12.01,UK,6.4,0,83.0,4.44,650.72,0.98,3.7,2023,Large,12,7461,30,26205,No,No,No,TT,8.0,7.0,5.0,5.11,81.14,Air,16.18,7.0
SUP0150,Brazil Wheat Exports 497,Brazil,100199,Wheat,Grains,913318.0,5279.29,10.97,France,6.47,0,5.0,7.38,91.33,0.97,4.89,2023,SME,9,16999,20,175993,Yes,Yes,No,Advance,4.0,9.0,4.61,6.13,85.14,Sea,442.08,8.0
SUP0151,Indonesia Aluminium Exports 901,Indonesia,760110,Aluminium,Industrial,8397624.0,26744.03,3.78,UK,6.38,0,15500.0,5.61,839.76,0.87,4.16,2023,Large,15,19347,41,158883,No,No,No,LC,7.0,4.0,4.21,7.71,96.42,Sea,373.27,5.0
SUP0152,Ethiopia Black Exports 588,Ethiopia,90411,Black Pepper,Spices,6451388.0,25702.74,14.35,Japan,8.68,0,56.0,6.76,645.14,0.96,5.31,2023,Large,17,4016,13,32274,No,No,No,TT,5.0,5.0,5.0,6.13,80.25,Land,380.12,7.0
SUP0153,Argentina Medicaments Exports 359,Argentina,300490,Medicaments,Pharma,1329038.0,4551.5,12.89,Mexico,7.96,0,850.0,8.35,132.9,0.96,5.73,2023,SME,35,25963,42,197603,No,No,No,LC,5.0,7.0,4.35,6.33,80.07,Air,362.75,6.0
SUP0154,Argentina Ethyl Exports 954,Argentina,220710,Ethyl Alcohol,Chemical,3143965.0,35726.88,3.23,USA,4.0,1,850.0,6.03,314.4,0.88,8.61,2023,SME,23,29595,22,107824,Yes,No,No,Advance,4.0,9.0,4.29,6.19,83.34,Air,490.94,7.0
SUP0155,Germany Soybeans Exports 382,Germany,120190,Soybeans,Agriculture,9108442.0,40845.03,7.37,China,8.54,0,0.9,1.6,910.84,0.9,3.2,2023,SME,3,11537,26,102041,Yes,Yes,No,Advance,8.0,6.0,4.23,4.4,91.48,Air,257.5,8.0
SUP0156,Ethiopia Petroleum Exports 314,Ethiopia,271019,Petroleum Oils,Energy,1528966.0,4853.86,2.38,Germany,8.14,0,56.0,6.26,152.9,0.87,4.95,2023,SME,21,1636,21,20567,Yes,No,No,TT,6.0,9.0,3.41,3.66,84.43,Sea,449.67,6.0
SUP0157,India Steel Exports 598,India,721420,Steel Bars,Industrial,1044601.0,2285.78,0.66,Germany,4.7,1,83.0,4.19,104.46,0.86,8.09,2023,Enterprise,6,13084,42,52106,Yes,No,No,TT,8.0,4.0,3.75,2.88,93.25,Sea,31.21,8.0
SUP0158,Indonesia Soybeans Exports 697,Indonesia,120190,Soybeans,Agriculture,6067983.0,12283.37,8.3,China,11.32,0,15500.0,4.57,606.8,0.94,5.22,2023,SME,22,14350,13,78393,Yes,Yes,No,LC,9.0,7.0,4.18,7.77,85.45,Land,79.65,7.0
SUP0159,China Petroleum Exports 921,China,271019,Petroleum Oils,Energy,1480705.0,11845.64,1.65,Germany,8.42,0,7.0,3.96,148.07,0.86,4.11,2023,Enterprise,24,26904,26,22000,Yes,No,No,TT,6.0,4.0,4.55,2.57,84.58,Land,204.82,7.0
SUP0160,Ethiopia Cinnamon Exports 388,Ethiopia,90611,Cinnamon,Spices,8612660.0,47583.76,3.17,India,7.41,0,56.0,6.53,861.27,0.87,4.83,2023,SME,21,17820,10,72125,Yes,Yes,No,Advance,4.0,8.0,4.93,6.02,98.31,Sea,28.26,5.0
SUP0161,Argentina Coffee Exports 515,Argentina,90111,Coffee,Agriculture,7045244.0,23175.14,5.13,Brazil,10.62,0,850.0,6.69,704.52,0.94,5.86,2023,Large,32,11351,10,189216,Yes,Yes,No,Advance,6.0,9.0,3.58,3.19,81.97,Sea,314.26,5.0
SUP0162,India Ethyl Exports 319,India,220710,Ethyl Alcohol,Chemical,1588572.0,4887.91,12.53,USA,5.3,1,83.0,4.97,158.86,0.95,8.58,2023,SME,12,1860,32,107761,No,No,No,LC,5.0,9.0,3.8,7.39,97.33,Land,268.88,7.0
SUP0163,Germany Turmeric Exports 495,Germany,91030,Turmeric,Spices,8589934.0,22139.01,11.73,Japan,5.95,0,0.9,1.14,858.99,0.95,2.24,2023,Large,13,19986,14,126044,Yes,Yes,No,LC,10.0,7.0,4.44,3.38,97.17,Air,298.22,9.0
SUP0164,Indonesia Soybeans Exports 919,Indonesia,120190,Soybeans,Agriculture,4423668.0,10146.03,0.01,UAE,8.08,1,15500.0,5.31,442.37,0.89,9.55,2023,SME,34,10630,13,190040,Yes,Yes,No,Advance,10.0,5.0,3.85,1.41,81.99,Air,134.38,9.0
SUP0165,USA Power Exports 558,USA,850440,Power Supply Units,Electronics,6082764.0,26914.88,8.89,France,9.12,0,1.0,1.07,608.28,0.93,3.16,2023,Large,23,1940,23,79500,Yes,No,No,LC,6.0,9.0,4.31,6.89,80.96,Air,454.38,7.0
SUP0166,Argentina Aluminium Exports 500,Argentina,760110,Aluminium,Industrial,4282754.0,16599.82,9.9,UK,10.82,0,850.0,8.92,428.28,0.91,6.81,2023,SME,22,8738,41,127238,Yes,No,No,LC,7.0,9.0,4.84,2.02,96.64,Sea,273.2,5.0
SUP0167,Germany Cinnamon Exports 593,Germany,90611,Cinnamon,Spices,1324723.0,2737.03,10.24,Germany,5.78,0,0.9,1.76,132.47,0.98,2.44,2023,Enterprise,38,2630,23,143049,Yes,No,No,Advance,4.0,7.0,4.29,4.08,89.53,Land,12.56,7.0
SUP0168,Argentina Turmeric Exports 323,Argentina,91030,Turmeric,Spices,2850806.0,5829.87,6.94,France,3.11,0,850.0,7.97,285.08,0.91,4.12,2023,SME,8,12855,30,50381,No,No,No,Advance,7.0,4.0,4.08,6.84,92.28,Sea,40.73,5.0
SUP0169,China Steel Exports 592,China,721420,Steel Bars,Industrial,5623813.0,216300.5,-1.55,USA,10.38,0,7.0,2.57,562.38,0.8,4.14,2023,Enterprise,13,1262,35,167445,Yes,No,No,LC,8.0,4.0,4.33,3.63,91.12,Sea,283.61,9.0
SUP0170,Indonesia Cinnamon Exports 193,Indonesia,90611,Cinnamon,Spices,8706664.0,52449.78,-0.67,Japan,7.07,0,15500.0,4.1,870.67,0.75,3.76,2023,SME,17,4162,26,162147,Yes,Yes,No,LC,4.0,6.0,4.29,6.33,98.51,Air,206.74,10.0
SUP0171,India Motor Exports 128,India,870323,Motor Cars,Automobile,6507764.0,38968.65,5.82,Germany,6.4,0,83.0,3.36,650.78,0.93,3.26,2023,Enterprise,13,16990,57,26313,No,No,No,LC,6.0,6.0,3.92,5.64,92.64,Sea,125.78,8.0
SUP0172,USA Medicaments Exports 815,USA,300490,Medicaments,Pharma,7420327.0,34038.2,13.39,Mexico,6.66,0,1.0,1.88,742.03,0.95,2.75,2023,Large,37,29145,38,105701,Yes,No,Yes,Advance,5.0,5.0,3.96,0.59,82.57,Air,44.95,4.0
SUP0173,China Footwear Exports 622,China,640399,Footwear,Consumer Goods,8821711.0,21999.28,10.32,France,4.05,0,7.0,2.73,882.17,0.98,2.31,2023,Large,5,3757,44,176525,No,No,No,LC,5.0,8.0,3.99,5.34,94.52,Land,196.29,8.0
SUP0174,Ethiopia Soybean Exports 921,Ethiopia,150710,Soybean Oil,Agriculture,4665470.0,31523.45,7.95,Mexico,10.03,1,56.0,7.04,466.55,0.9,10.82,2023,SME,30,1237,11,131953,Yes,Yes,No,LC,4.0,6.0,4.6,4.96,85.47,Land,195.17,7.0
SUP0175,Ethiopia Petroleum Exports 408,Ethiopia,271019,Petroleum Oils,Energy,2581165.0,12061.52,-1.1,USA,5.27,0,56.0,5.48,258.12,0.74,3.77,2023,SME,39,2007,15,123314,Yes,No,No,TT,10.0,9.0,4.5,7.98,85.56,Air,482.65,7.0
SUP0176,Argentina Petroleum Exports 958,Argentina,271019,Petroleum Oils,Energy,4140199.0,35691.37,12.88,Japan,3.24,0,850.0,9.63,414.02,0.96,4.82,2023,SME,12,3201,35,170002,Yes,No,No,LC,5.0,9.0,4.75,3.67,91.14,Air,337.78,9.0
SUP0177,India Plastic Exports 996,India,392690,Plastic Products,Industrial,3608926.0,7744.48,8.31,Germany,8.33,0,83.0,3.95,360.89,0.91,4.08,2023,SME,19,3879,43,73767,No,No,No,TT,5.0,8.0,4.15,4.32,95.72,Land,173.4,4.0
SUP0178,USA Cinnamon Exports 205,USA,90611,Cinnamon,Spices,2583962.0,33999.5,7.33,India,3.02,0,1.0,1.41,258.4,0.94,1.47,2023,Enterprise,17,17232,22,142974,Yes,No,No,LC,4.0,5.0,3.92,7.08,94.08,Land,453.62,10.0
SUP0179,Vietnam Soybean Exports 527,Vietnam,150710,Soybean Oil,Agriculture,9043231.0,20885.06,-1.35,France,3.41,0,24000.0,5.35,904.32,0.76,3.16,2023,Large,34,13541,10,102759,Yes,Yes,Yes,LC,5.0,6.0,3.65,7.57,82.43,Air,404.13,8.0
SUP0180,Vietnam T-Shirts Exports 659,Vietnam,610910,T-Shirts,Textiles,3002825.0,8007.53,9.88,India,3.56,1,24000.0,5.33,300.28,0.93,8.2,2023,SME,28,29429,16,161408,Yes,No,No,LC,5.0,5.0,3.36,6.59,91.17,Land,361.19,8.0
SUP0181,Germany Cardamom Exports 155,Germany,90832,Cardamom,Spices,756878.0,2514.54,5.95,India,9.56,0,0.9,1.03,75.69,0.91,3.28,2023,SME,24,13559,14,38667,Yes,No,No,Advance,7.0,8.0,4.55,5.93,87.04,Air,345.0,9.0
SUP0182,Germany Ethyl Exports 48,Germany,220710,Ethyl Alcohol,Chemical,9176134.0,19277.59,15.0,China,8.44,0,0.9,1.2,917.61,0.98,3.01,2023,Large,7,1639,26,27050,No,No,No,LC,5.0,6.0,4.03,1.35,96.03,Sea,421.87,5.0
SUP0183,Ethiopia Soybean Exports 129,Ethiopia,150710,Soybean Oil,Agriculture,4393656.0,29888.82,7.46,USA,6.93,0,56.0,6.92,439.37,0.93,4.85,2023,SME,28,5020,28,70607,Yes,No,No,LC,9.0,6.0,4.27,5.03,88.13,Land,9.87,5.0
SUP0184,USA Copper Exports 704,USA,740311,Copper Cathodes,Industrial,4418177.0,14485.83,9.71,UAE,9.2,0,1.0,1.48,441.82,0.9,3.35,2023,Enterprise,29,2724,54,88775,No,No,No,TT,4.0,7.0,4.02,2.06,84.02,Air,443.48,5.0
SUP0185,China Cotton Exports 30,China,520100,Cotton,Industrial,4176583.0,11078.47,0.84,Brazil,10.87,0,7.0,3.42,417.66,0.87,4.63,2023,Large,35,9463,36,28325,No,No,No,Advance,5.0,5.0,3.91,1.42,95.41,Air,173.61,8.0
SUP0186,China Soybeans Exports 580,China,120190,Soybeans,Agriculture,7457407.0,18013.06,12.03,UK,9.59,0,7.0,2.96,745.74,0.97,4.06,2023,Large,17,5509,18,154512,No,No,Yes,TT,8.0,5.0,4.37,2.7,82.48,Land,18.76,5.0
SUP0187,Thailand T-Shirts Exports 741,Thailand,610910,T-Shirts,Textiles,6354491.0,16810.82,-1.2,UAE,6.73,0,35.0,3.17,635.45,0.75,3.29,2023,SME,34,10796,35,87863,No,No,No,LC,6.0,5.0,4.18,7.18,88.09,Sea,148.83,10.0
SUP0188,Indonesia Steel Exports 870,Indonesia,721420,Steel Bars,Industrial,2808218.0,5661.73,12.14,Germany,9.88,0,15500.0,5.91,280.82,0.95,5.33,2023,Large,27,24556,27,94006,Yes,No,No,Advance,4.0,8.0,3.97,2.21,91.4,Air,315.89,5.0
SUP0189,Thailand Steel Exports 470,Thailand,721420,Steel Bars,Industrial,9397566.0,671254.71,0.98,Brazil,5.05,0,35.0,3.85,939.76,0.89,3.05,2023,Enterprise,14,29194,58,41160,Yes,No,No,Advance,8.0,9.0,4.45,4.13,80.12,Land,251.64,10.0
SUP0190,China Plastic Exports 624,China,392690,Plastic Products,Industrial,6309901.0,30190.91,10.14,France,10.18,0,7.0,3.09,630.99,0.97,4.29,2023,Large,6,46483,52,167052,Yes,No,No,LC,6.0,6.0,3.19,3.18,86.51,Air,469.26,8.0
SUP0191,Germany Cotton Exports 924,Germany,520100,Cotton,Industrial,8275394.0,62692.38,11.92,UK,9.62,0,0.9,1.05,827.54,0.97,3.31,2023,SME,35,11791,38,169034,Yes,No,No,Advance,4.0,8.0,3.85,5.53,96.18,Sea,27.97,5.0
SUP0192,Thailand Aluminium Exports 31,Thailand,760110,Aluminium,Industrial,8267103.0,39937.7,1.21,Brazil,7.46,1,35.0,4.46,826.71,0.88,9.02,2023,Large,21,20119,60,43922,Yes,No,No,Advance,5.0,5.0,4.66,2.85,95.02,Sea,338.59,6.0
SUP0193,Germany Coffee Exports 847,Germany,90111,Coffee,Agriculture,9317691.0,39149.96,12.25,Brazil,6.89,1,0.9,1.42,931.77,0.97,7.63,2023,Enterprise,22,17775,10,133951,No,No,No,LC,7.0,9.0,4.27,4.57,84.45,Sea,289.75,5.0
SUP0194,Argentina Aluminium Exports 618,Argentina,760110,Aluminium,Industrial,5406143.0,27166.55,11.07,USA,3.34,1,850.0,9.15,540.61,0.97,9.66,2023,Large,7,7914,46,119405,Yes,No,No,Advance,8.0,8.0,3.64,4.79,88.64,Sea,183.04,10.0
SUP0195,Argentina Cardamom Exports 811,Argentina,90832,Cardamom,Spices,6466260.0,37814.39,13.13,France,5.79,1,850.0,9.74,646.63,0.95,10.63,2023,SME,21,14015,12,191299,No,Yes,No,LC,9.0,8.0,4.09,7.35,96.63,Land,99.19,4.0
SUP0196,Brazil Cardamom Exports 355,Brazil,90832,Cardamom,Spices,6928229.0,22064.42,-1.89,USA,8.44,0,5.0,7.3,692.82,0.77,5.45,2023,SME,27,3978,11,176450,No,No,No,Advance,5.0,4.0,4.27,7.16,81.09,Air,10.3,6.0
SUP0197,China Soybeans Exports 362,China,120190,Soybeans,Agriculture,2143369.0,8088.18,13.69,Germany,8.45,0,7.0,2.06,214.34,0.97,3.36,2023,SME,6,10036,24,81949,No,No,Yes,TT,5.0,8.0,4.09,2.12,91.89,Sea,89.09,9.0
SUP0198,Brazil Medicaments Exports 945,Brazil,300490,Medicaments,Pharma,7955656.0,31695.84,-0.16,France,7.99,0,5.0,6.67,795.57,0.7,5.06,2023,SME,36,19291,39,102591,Yes,No,No,Advance,10.0,5.0,4.05,4.93,80.52,Sea,92.36,5.0
SUP0199,Thailand Coffee Exports 714,Thailand,90111,Coffee,Agriculture,6228953.0,33309.91,3.66,USA,5.31,0,35.0,4.38,622.9,0.86,3.34,2023,Large,33,19419,11,93670,Yes,Yes,No,Advance,7.0,8.0,4.39,0.57,85.94,Sea,301.42,6.0
SUP0200,India Black Exports 944,India,90411,Black Pepper,Spices,9398427.0,34938.39,13.63,Mexico,10.3,1,83.0,3.37,939.84,0.95,9.44,2023,SME,30,14610,15,167148,Yes,No,No,LC,4.0,7.0,4.69,4.94,93.87,Land,290.02,4.0
SUP0201,Thailand Turmeric Exports 949,Thailand,91030,Turmeric,Spices,4794769.0,14983.65,11.14,UK,8.23,0,35.0,4.25,479.48,0.96,4.17,2023,SME,5,11769,27,187934,No,Yes,No,TT,4.0,6.0,3.7,7.44,80.48,Sea,118.38,10.0
SUP0202,Thailand Footwear Exports 891,Thailand,640399,Footwear,Consumer Goods,2412980.0,5291.62,4.9,Brazil,11.88,0,35.0,4.39,241.3,0.88,5.32,2023,Enterprise,3,16538,43,109178,No,No,No,Advance,4.0,4.0,4.28,6.21,98.2,Land,498.54,9.0
SUP0203,Thailand Power Exports 992,Thailand,850440,Power Supply Units,Electronics,8200205.0,19759.53,14.8,China,8.06,0,35.0,3.05,820.02,0.96,3.64,2023,SME,39,11833,22,155590,Yes,No,No,Advance,7.0,7.0,3.7,5.41,81.76,Sea,434.96,4.0
SUP0204,Vietnam Coffee Exports 898,Vietnam,90111,Coffee,Agriculture,3224206.0,21352.36,14.05,Brazil,10.42,1,24000.0,5.94,322.42,0.97,10.5,2023,SME,36,3598,21,126433,Yes,Yes,Yes,LC,5.0,7.0,4.14,3.21,86.31,Sea,52.5,4.0
SUP0205,Argentina Footwear Exports 275,Argentina,640399,Footwear,Consumer Goods,7815357.0,16771.15,2.94,UK,5.76,0,850.0,6.62,781.54,0.85,4.38,2023,Large,21,20304,17,153739,No,No,No,LC,10.0,6.0,5.0,3.37,85.43,Air,355.63,7.0
SUP0206,Thailand Cotton Exports 885,Thailand,520100,Cotton,Industrial,4467898.0,58024.65,-0.38,Mexico,5.82,0,35.0,3.28,446.79,0.76,3.06,2023,SME,13,13016,58,52352,No,No,No,LC,7.0,8.0,4.32,7.8,93.4,Air,399.13,9.0
SUP0207,Indonesia Coffee Exports 677,Indonesia,90111,Coffee,Agriculture,3642619.0,8949.92,11.53,India,5.22,1,15500.0,5.49,364.26,0.98,8.76,2023,Enterprise,38,16179,10,115812,No,No,No,TT,5.0,7.0,3.62,6.28,94.1,Sea,497.24,7.0
SUP0208,Argentina Black Exports 953,Argentina,90411,Black Pepper,Spices,4438029.0,887605.8,11.77,Brazil,3.92,0,850.0,8.16,443.8,0.96,4.44,2023,SME,33,17153,21,47596,Yes,Yes,No,Advance,5.0,8.0,3.86,1.37,83.57,Land,354.72,10.0
SUP0209,Brazil Medicaments Exports 701,Brazil,300490,Medicaments,Pharma,2081151.0,4475.59,6.77,UK,9.91,0,5.0,6.63,208.12,0.91,5.62,2023,Enterprise,15,17972,28,50325,Yes,No,Yes,TT,7.0,5.0,4.16,4.24,93.36,Sea,279.89,9.0
SUP0210,Argentina Black Exports 30,Argentina,90411,Black Pepper,Spices,2102151.0,4969.62,2.08,Brazil,10.01,0,850.0,7.16,210.22,0.88,5.87,2023,SME,19,10475,18,188306,Yes,Yes,No,TT,6.0,9.0,4.69,3.41,80.74,Air,191.13,5.0
SUP0211,Ethiopia Medicaments Exports 9,Ethiopia,300490,Medicaments,Pharma,5662498.0,70781.23,6.79,UAE,4.84,0,56.0,7.07,566.25,0.93,4.28,2023,SME,13,13968,35,86885,No,No,No,Advance,6.0,5.0,4.17,7.77,98.21,Sea,405.87,5.0
SUP0212,India T-Shirts Exports 234,India,610910,T-Shirts,Textiles,4852731.0,21007.49,13.22,UAE,4.77,0,83.0,4.45,485.27,0.97,3.21,2023,SME,5,25492,24,123177,Yes,No,No,TT,6.0,5.0,5.0,4.37,98.34,Air,267.61,4.0
SUP0213,Ethiopia Steel Exports 170,Ethiopia,721420,Steel Bars,Industrial,4742010.0,11105.41,6.57,India,6.34,1,56.0,7.55,474.2,0.93,9.92,2023,SME,34,23332,21,23102,Yes,No,No,LC,10.0,8.0,4.75,6.42,86.13,Land,483.92,7.0
SUP0214,Argentina Turmeric Exports 830,Argentina,91030,Turmeric,Spices,6498090.0,14187.97,11.43,Germany,9.81,0,850.0,9.07,649.81,0.96,6.57,2023,SME,26,13328,15,185446,No,Yes,No,Advance,5.0,4.0,4.78,4.28,94.27,Sea,420.5,9.0
SUP0215,Ethiopia Soybeans Exports 678,Ethiopia,120190,Soybeans,Agriculture,4635371.0,34592.32,12.93,Mexico,8.17,0,56.0,7.13,463.54,0.98,5.3,2023,SME,33,19832,21,109986,No,No,Yes,LC,10.0,6.0,3.77,1.46,90.65,Sea,5.83,7.0
SUP0216,Ethiopia Medicaments Exports 279,Ethiopia,300490,Medicaments,Pharma,3457294.0,18488.2,2.65,UK,9.24,0,56.0,6.23,345.73,0.89,5.26,2023,Large,4,21950,31,90885,No,No,No,Advance,5.0,9.0,4.2,3.17,86.81,Air,396.24,6.0
SUP0217,India Cotton Exports 933,India,520100,Cotton,Industrial,8306345.0,125853.71,7.66,USA,3.03,0,83.0,4.89,830.63,0.94,2.86,2023,SME,18,11855,34,126374,No,No,No,LC,8.0,9.0,3.97,1.25,89.0,Air,409.51,8.0
SUP0218,Indonesia Rice Exports 174,Indonesia,100630,Rice,Grains,9716332.0,28831.85,4.63,Mexico,3.16,0,15500.0,5.39,971.63,0.87,3.1,2023,SME,22,7465,30,49068,Yes,No,No,TT,9.0,4.0,4.23,7.74,90.36,Land,412.59,8.0
SUP0219,India Petroleum Exports 495,India,271019,Petroleum Oils,Energy,9170463.0,21227.92,-0.8,Mexico,3.87,0,83.0,4.86,917.05,0.82,3.11,2023,Enterprise,6,16557,43,33279,Yes,No,No,Advance,7.0,5.0,3.98,6.47,80.33,Land,365.09,8.0
SUP0220,Ethiopia Power Exports 962,Ethiopia,850440,Power Supply Units,Electronics,3234476.0,7775.18,7.8,USA,9.56,0,56.0,7.08,323.45,0.94,5.7,2023,SME,34,18973,57,174745,No,No,No,LC,10.0,9.0,4.35,4.87,87.29,Land,62.13,10.0
SUP0221,Germany Rice Exports 302,Germany,100630,Rice,Grains,1327799.0,9552.51,2.12,Mexico,9.03,0,0.9,1.6,132.78,0.87,3.35,2023,SME,33,12578,17,43445,No,Yes,No,TT,4.0,7.0,4.73,4.48,83.83,Air,406.3,4.0
SUP0222,Brazil Ethyl Exports 531,Brazil,220710,Ethyl Alcohol,Chemical,8923967.0,22649.66,10.79,France,9.24,0,5.0,7.54,892.4,0.97,5.79,2023,Large,26,10911,40,44866,No,No,No,LC,6.0,5.0,4.85,6.09,96.67,Land,293.52,4.0
SUP0223,Argentina Ethyl Exports 244,Argentina,220710,Ethyl Alcohol,Chemical,8626940.0,54257.48,11.08,France,10.52,0,850.0,9.46,862.69,0.97,6.94,2023,SME,33,1862,40,38557,Yes,No,No,Advance,7.0,8.0,4.68,7.12,84.03,Air,202.66,4.0
SUP0224,USA Wheat Exports 54,USA,100199,Wheat,Grains,1285774.0,4056.07,14.38,Germany,10.56,0,1.0,1.25,128.58,0.98,3.67,2023,Large,22,9742,23,36858,Yes,Yes,No,Advance,4.0,5.0,4.33,2.97,86.34,Land,66.35,4.0
SUP0225,Vietnam Power Exports 886,Vietnam,850440,Power Supply Units,Electronics,2682306.0,5670.84,0.18,UAE,8.72,0,24000.0,5.24,268.23,0.86,4.71,2023,SME,6,28671,50,168122,Yes,No,No,TT,4.0,5.0,4.31,0.67,98.81,Land,267.86,4.0
SUP0226,Indonesia Raw Exports 999,Indonesia,170114,Raw Sugar,Agriculture,8612571.0,20360.69,13.61,Brazil,5.42,0,15500.0,5.26,861.26,0.97,3.73,2023,SME,17,8070,26,39354,No,Yes,No,TT,9.0,5.0,4.45,0.81,98.45,Sea,480.86,4.0
SUP0227,India Car Exports 210,India,401110,Car Tyres,Automobile,9788747.0,20695.03,13.15,India,10.49,0,83.0,3.25,978.87,0.97,4.45,2023,SME,19,6780,37,64478,Yes,No,No,TT,5.0,9.0,4.26,0.38,89.44,Air,97.27,10.0
SUP0228,India Coffee Exports 167,India,90111,Coffee,Agriculture,5683935.0,18335.27,1.34,Japan,5.27,1,83.0,4.22,568.39,0.88,8.27,2023,SME,25,1868,17,44461,Yes,No,No,TT,9.0,9.0,3.12,0.25,83.08,Land,284.99,9.0
SUP0229,Vietnam Steel Exports 56,Vietnam,721420,Steel Bars,Industrial,8378722.0,41478.82,3.35,China,9.22,1,24000.0,4.62,837.87,0.86,9.61,2023,Large,5,41983,37,178655,Yes,No,No,TT,6.0,5.0,4.89,7.4,94.42,Air,432.26,9.0
SUP0230,Argentina Footwear Exports 423,Argentina,640399,Footwear,Consumer Goods,8238128.0,45264.44,1.41,Japan,8.28,0,850.0,7.0,823.81,0.85,5.28,2023,SME,5,19283,23,40682,No,No,No,Advance,10.0,5.0,3.81,5.6,87.84,Land,306.18,9.0
SUP0231,Germany Ethyl Exports 176,Germany,220710,Ethyl Alcohol,Chemical,9839828.0,97424.04,13.87,USA,10.88,1,0.9,1.93,983.98,0.96,9.04,2023,SME,10,14599,44,137896,Yes,No,No,LC,4.0,10.0,4.17,4.35,86.43,Air,403.67,4.0
SUP0232,Argentina Motor Exports 365,Argentina,870323,Motor Cars,Automobile,5065745.0,12206.61,7.1,UK,4.3,0,850.0,7.68,506.57,0.93,4.36,2023,SME,33,8866,26,145835,Yes,No,No,Advance,10.0,7.0,3.71,4.82,90.26,Air,268.0,6.0
SUP0233,Thailand Black Exports 370,Thailand,90411,Black Pepper,Spices,982527.0,2108.43,4.38,Mexico,4.04,1,35.0,4.89,98.25,0.86,8.17,2023,SME,36,9697,11,63103,Yes,No,No,LC,8.0,5.0,3.88,1.74,86.11,Sea,430.7,7.0
SUP0234,Indonesia Raw Exports 912,Indonesia,170114,Raw Sugar,Agriculture,9724520.0,53431.43,9.62,China,10.85,1,15500.0,4.12,972.45,0.95,9.9,2023,SME,13,10030,27,81270,Yes,No,Yes,LC,9.0,8.0,4.08,0.52,88.54,Air,164.21,7.0
SUP0235,China Wheat Exports 974,China,100199,Wheat,Grains,4277879.0,33161.85,3.58,USA,11.91,0,7.0,2.68,427.79,0.88,4.64,2023,SME,23,5420,22,24529,Yes,No,No,LC,10.0,9.0,4.74,4.41,87.78,Land,54.99,10.0
SUP0236,USA Ethyl Exports 775,USA,220710,Ethyl Alcohol,Chemical,3923973.0,63289.89,12.38,Brazil,6.99,0,1.0,1.32,392.4,0.97,2.62,2023,Enterprise,25,20351,45,32268,No,No,No,Advance,9.0,7.0,3.95,5.49,95.89,Sea,281.49,4.0
SUP0237,Indonesia Soybeans Exports 767,Indonesia,120190,Soybeans,Agriculture,8937445.0,21798.65,3.67,UAE,6.55,0,15500.0,4.35,893.74,0.88,3.71,2023,SME,4,11219,25,152474,Yes,No,No,Advance,9.0,6.0,4.52,3.6,84.05,Air,499.91,5.0
SUP0238,China Black Exports 302,China,90411,Black Pepper,Spices,6579458.0,62070.36,11.86,India,4.92,0,7.0,3.73,657.95,0.97,2.97,2023,SME,11,16876,18,49678,Yes,No,No,Advance,4.0,5.0,4.07,0.75,91.32,Land,320.78,6.0
SUP0239,Thailand Steel Exports 233,Thailand,721420,Steel Bars,Industrial,5419802.0,20765.52,6.79,China,7.91,1,35.0,3.65,541.98,0.93,8.83,2023,SME,10,40281,26,94895,Yes,No,No,TT,9.0,6.0,4.32,2.98,89.28,Sea,472.06,8.0
SUP0240,China Raw Exports 786,China,170114,Raw Sugar,Agriculture,3974969.0,16290.86,0.94,France,10.89,0,7.0,3.39,397.5,0.88,4.62,2023,Large,40,629,15,114467,No,No,Yes,LC,4.0,6.0,3.38,2.05,88.79,Land,337.47,5.0
SUP0241,Ethiopia T-Shirts Exports 529,Ethiopia,610910,T-Shirts,Textiles,6359389.0,87114.92,7.02,USA,10.23,0,56.0,5.93,635.94,0.92,5.44,2023,Large,11,10087,29,64601,Yes,No,No,TT,6.0,6.0,4.97,7.65,97.64,Land,20.29,6.0
SUP0242,Thailand Copper Exports 920,Thailand,740311,Copper Cathodes,Industrial,4807678.0,12359.07,12.71,China,10.63,0,35.0,3.65,480.77,0.98,4.65,2023,Large,4,48888,23,89927,Yes,No,No,TT,7.0,8.0,4.63,7.18,97.03,Air,382.83,4.0
SUP0243,Germany Soybean Exports 438,Germany,230400,Soybean Meal,Agriculture,1185114.0,3963.59,0.12,Brazil,8.19,0,0.9,1.03,118.51,0.87,2.87,2023,Large,7,12687,19,20624,Yes,No,No,LC,6.0,6.0,4.53,4.31,97.61,Air,37.61,7.0
SUP0244,Indonesia Petroleum Exports 523,Indonesia,271019,Petroleum Oils,Energy,4088674.0,8927.24,12.82,UAE,10.88,0,15500.0,5.13,408.87,0.96,5.32,2023,SME,18,10277,21,121294,Yes,No,No,Advance,9.0,9.0,3.79,5.57,85.57,Air,312.52,4.0
SUP0245,China Soybean Exports 805,China,230400,Soybean Meal,Agriculture,4031040.0,16453.22,0.27,France,10.9,0,7.0,3.92,403.1,0.86,4.84,2023,Enterprise,9,980,11,70936,Yes,Yes,Yes,Advance,5.0,7.0,4.37,6.87,95.2,Land,337.07,4.0
SUP0246,Ethiopia Cardamom Exports 926,Ethiopia,90832,Cardamom,Spices,507258.0,8454.3,12.98,China,10.46,1,56.0,6.08,50.73,0.97,10.57,2023,SME,28,1395,16,162266,Yes,No,No,LC,4.0,8.0,4.55,5.23,87.35,Land,28.84,9.0
SUP0247,Indonesia Power Exports 618,Indonesia,850440,Power Supply Units,Electronics,8434562.0,18660.54,10.21,Germany,3.8,0,15500.0,5.53,843.46,0.98,3.35,2023,Enterprise,10,37018,49,70479,No,No,No,LC,7.0,9.0,4.97,6.77,88.42,Sea,431.46,10.0
SUP0248,Germany Aluminium Exports 93,Germany,760110,Aluminium,Industrial,1369772.0,3276.97,-1.83,Germany,10.17,1,0.9,1.96,136.98,0.7,8.84,2023,Large,22,4121,51,101120,Yes,No,No,Advance,8.0,7.0,4.75,1.13,93.9,Air,312.22,7.0
SUP0249,Thailand Power Exports 178,Thailand,850440,Power Supply Units,Electronics,5175541.0,23002.4,14.8,Mexico,4.5,1,35.0,3.97,517.55,0.98,7.94,2023,Large,5,48442,21,70742,Yes,No,No,Advance,7.0,4.0,3.81,7.77,97.38,Sea,398.37,10.0
SUP0250,Indonesia Motor Exports 437,Indonesia,870323,Motor Cars,Automobile,7562007.0,17668.24,1.92,Mexico,4.36,1,15500.0,5.16,756.2,0.87,8.37,2023,Large,14,43651,26,114335,Yes,No,No,Advance,5.0,8.0,4.59,1.12,84.58,Air,94.2,5.0
SUP0251,Indonesia Portable Exports 630,Indonesia,847130,Portable Computers,Electronics,8736367.0,21465.28,3.27,China,10.53,0,15500.0,5.15,873.64,0.9,5.22,2023,SME,20,5946,22,160791,Yes,No,No,LC,4.0,5.0,5.0,6.09,97.9,Sea,489.51,9.0
SUP0252,Ethiopia Medicaments Exports 107,Ethiopia,300490,Medicaments,Pharma,4070979.0,19955.78,3.24,France,3.93,0,56.0,6.89,407.1,0.87,3.94,2023,SME,22,11254,39,64304,Yes,No,No,LC,5.0,8.0,4.17,2.07,90.42,Land,297.16,10.0
SUP0253,Brazil Petroleum Exports 862,Brazil,271019,Petroleum Oils,Energy,8495531.0,499737.12,9.11,UK,6.88,1,5.0,7.76,849.55,0.92,10.17,2023,SME,32,13569,17,114273,Yes,No,No,TT,4.0,7.0,3.57,2.6,82.98,Sea,257.85,4.0
SUP0254,India Rice Exports 532,India,100630,Rice,Grains,1195918.0,10221.52,11.6,India,5.49,0,83.0,3.6,119.59,0.98,3.09,2023,SME,7,11729,14,126331,Yes,No,No,LC,4.0,4.0,4.17,5.97,88.62,Land,215.26,9.0
SUP0255,USA Footwear Exports 999,USA,640399,Footwear,Consumer Goods,7153266.0,18923.98,-1.81,France,6.66,0,1.0,1.64,715.33,0.75,2.65,2023,SME,39,3382,30,103953,Yes,No,No,LC,9.0,9.0,3.18,4.12,90.68,Sea,342.8,10.0
SUP0256,Brazil Coffee Exports 753,Brazil,90111,Coffee,Agriculture,1635593.0,3457.91,10.18,Germany,7.28,0,5.0,7.46,163.56,0.96,5.17,2023,SME,23,6794,11,129683,Yes,Yes,No,Advance,6.0,5.0,4.01,3.82,83.75,Land,73.78,9.0
SUP0257,China Car Exports 534,China,401110,Car Tyres,Automobile,3948610.0,13206.05,-0.32,India,4.87,0,7.0,3.84,394.86,0.85,3.0,2023,Large,37,27649,22,83897,Yes,No,No,LC,9.0,6.0,4.36,4.94,92.78,Sea,108.55,5.0
SUP0258,India T-Shirts Exports 288,India,610910,T-Shirts,Textiles,672037.0,2383.11,5.23,USA,11.07,0,83.0,3.33,67.2,0.9,4.65,2023,Large,10,8966,17,122918,No,No,No,LC,4.0,8.0,4.29,4.71,89.55,Land,448.18,6.0
SUP0259,India Power Exports 578,India,850440,Power Supply Units,Electronics,5195795.0,24741.88,14.31,Japan,7.69,0,83.0,4.46,519.58,0.97,4.09,2023,Large,17,41836,44,180660,Yes,No,No,TT,8.0,7.0,3.52,1.02,81.36,Sea,217.5,9.0
SUP0260,Brazil Turmeric Exports 35,Brazil,91030,Turmeric,Spices,4210026.0,41683.43,14.69,Japan,7.66,1,5.0,5.17,421.0,0.95,9.37,2023,SME,40,9829,14,42853,No,Yes,No,Advance,5.0,8.0,3.84,7.56,81.62,Air,330.1,4.0
SUP0261,Ethiopia Rice Exports 178,Ethiopia,100630,Rice,Grains,8417980.0,26061.86,6.83,Germany,9.41,0,56.0,5.82,841.8,0.92,5.15,2023,SME,20,11087,17,59065,Yes,Yes,No,LC,4.0,6.0,3.64,1.13,92.88,Air,136.85,6.0
SUP0262,USA Plastic Exports 364,USA,392690,Plastic Products,Industrial,6925208.0,25000.75,12.64,Germany,3.46,0,1.0,1.79,692.52,0.96,1.75,2023,SME,14,34500,21,73697,Yes,No,No,TT,6.0,8.0,4.02,7.62,89.48,Air,115.03,6.0
SUP0263,Indonesia Raw Exports 133,Indonesia,170114,Raw Sugar,Agriculture,9413271.0,19775.78,10.41,UAE,10.03,1,15500.0,5.46,941.33,0.96,10.19,2023,Enterprise,4,10755,17,99309,No,No,Yes,TT,9.0,8.0,4.17,3.38,87.69,Land,365.59,6.0
SUP0264,Indonesia Portable Exports 882,Indonesia,847130,Portable Computers,Electronics,1329078.0,4415.54,2.43,Japan,3.42,0,15500.0,5.78,132.91,0.9,3.34,2023,Large,11,2224,49,47400,Yes,No,No,LC,5.0,5.0,4.71,2.6,83.5,Air,142.22,8.0
SUP0265,Brazil Cardamom Exports 806,Brazil,90832,Cardamom,Spices,7104875.0,19735.76,8.81,UAE,5.06,1,5.0,7.35,710.49,0.92,9.46,2023,Large,27,8763,12,130299,No,No,No,Advance,10.0,4.0,4.89,6.9,82.94,Air,278.26,6.0
SUP0266,China Black Exports 611,China,90411,Black Pepper,Spices,6210408.0,188194.18,7.47,Germany,10.07,0,7.0,2.86,621.04,0.9,4.17,2023,SME,34,18476,30,146270,No,Yes,No,TT,9.0,5.0,4.4,7.72,96.89,Sea,439.52,7.0
SUP0267,USA Ethyl Exports 808,USA,220710,Ethyl Alcohol,Chemical,9604144.0,62772.18,6.0,India,5.86,0,1.0,1.4,960.41,0.92,2.32,2023,SME,38,6660,44,119293,Yes,No,No,Advance,8.0,9.0,3.92,7.41,80.94,Sea,140.31,10.0
SUP0268,China Car Exports 679,China,401110,Car Tyres,Automobile,3039989.0,42222.07,7.17,UAE,10.35,0,7.0,3.14,304.0,0.92,4.36,2023,Large,30,18551,22,138891,Yes,No,No,TT,5.0,7.0,3.76,1.73,88.5,Air,285.58,10.0
SUP0269,Vietnam Ethyl Exports 974,Vietnam,220710,Ethyl Alcohol,Chemical,1792878.0,7317.87,-0.95,France,9.35,0,24000.0,5.59,179.29,0.75,5.04,2023,SME,31,9004,16,30913,Yes,No,No,TT,7.0,6.0,4.24,2.61,97.7,Sea,66.96,4.0
SUP0270,Germany Cotton Exports 183,Germany,520100,Cotton,Industrial,6868046.0,528311.23,10.29,UK,5.16,0,0.9,1.71,686.8,0.96,2.23,2023,SME,28,38878,56,56626,Yes,No,No,TT,8.0,9.0,4.37,6.34,89.89,Air,434.55,5.0
SUP0271,Vietnam Steel Exports 802,Vietnam,721420,Steel Bars,Industrial,6043834.0,15223.76,1.21,China,10.75,0,24000.0,4.21,604.38,0.85,4.91,2023,SME,33,25952,25,140392,Yes,No,No,Advance,10.0,7.0,4.19,1.43,84.26,Air,61.45,8.0
SUP0272,Argentina Cotton Exports 943,Argentina,520100,Cotton,Industrial,8134291.0,53869.48,6.06,UAE,9.28,0,850.0,8.75,813.43,0.95,6.28,2023,SME,15,10708,57,186378,Yes,No,No,Advance,8.0,6.0,4.24,5.44,80.92,Air,411.73,5.0
SUP0273,Indonesia Plastic Exports 919,Indonesia,392690,Plastic Products,Industrial,8823112.0,40659.5,2.83,France,5.58,1,15500.0,4.29,882.31,0.86,8.39,2023,Large,7,10227,34,97419,No,No,No,TT,9.0,7.0,3.9,5.87,87.11,Land,437.77,7.0
SUP0274,Thailand Cotton Exports 602,Thailand,520100,Cotton,Industrial,3771265.0,377126.5,2.2,India,5.07,1,35.0,4.93,377.13,0.86,8.49,2023,Large,22,12492,52,104957,Yes,No,No,LC,4.0,8.0,3.7,5.02,86.86,Land,77.45,8.0
SUP0275,Germany Motor Exports 648,Germany,870323,Motor Cars,Automobile,4424652.0,9639.76,5.84,Germany,11.65,0,0.9,1.09,442.47,0.91,3.93,2023,SME,30,30722,34,44677,No,No,No,TT,6.0,6.0,4.11,7.28,93.23,Land,301.69,7.0
SUP0276,Germany T-Shirts Exports 681,Germany,610910,T-Shirts,Textiles,2097109.0,5178.05,13.52,UK,10.15,1,0.9,1.37,209.71,0.98,8.59,2023,Large,11,4269,40,158816,Yes,No,No,TT,9.0,10.0,4.85,0.67,87.27,Sea,296.53,7.0
SUP0277,China Cardamom Exports 211,China,90832,Cardamom,Spices,2405066.0,5767.54,-1.05,UK,7.79,0,7.0,2.34,240.51,0.85,3.27,2023,SME,39,18150,21,98617,Yes,Yes,No,LC,6.0,7.0,3.78,7.36,84.69,Land,471.19,4.0
SUP0278,Germany Motor Exports 581,Germany,870323,Motor Cars,Automobile,1750869.0,21352.06,6.13,Mexico,5.26,0,0.9,1.38,175.09,0.91,2.13,2023,SME,20,40468,42,47534,No,No,No,TT,10.0,10.0,3.42,2.21,91.82,Sea,421.12,10.0
SUP0279,Brazil Steel Exports 597,Brazil,721420,Steel Bars,Industrial,6390013.0,71000.14,-0.65,USA,11.67,0,5.0,6.56,639.0,0.77,6.12,2023,Enterprise,12,12394,46,96355,No,No,No,LC,9.0,7.0,4.27,0.49,93.04,Air,155.84,7.0
SUP0280,Indonesia Motor Exports 603,Indonesia,870323,Motor Cars,Automobile,5253309.0,59025.94,3.49,Mexico,12.0,1,15500.0,4.65,525.33,0.88,10.46,2023,Large,21,27524,45,22362,Yes,No,No,LC,8.0,4.0,4.63,4.28,98.13,Land,423.62,7.0
SUP0281,Vietnam Coffee Exports 166,Vietnam,90111,Coffee,Agriculture,5172817.0,10556.77,-1.16,China,10.82,0,24000.0,5.51,517.28,0.74,5.45,2023,Large,12,889,21,27009,Yes,Yes,Yes,Advance,8.0,5.0,4.67,6.97,86.09,Air,102.19,6.0
SUP0282,China T-Shirts Exports 221,China,610910,T-Shirts,Textiles,1883057.0,3972.69,-1.85,UK,6.85,0,7.0,3.16,188.31,0.71,3.32,2023,SME,32,9104,27,135257,Yes,No,No,Advance,6.0,6.0,4.36,2.37,86.89,Land,492.69,4.0
SUP0283,Brazil T-Shirts Exports 537,Brazil,610910,T-Shirts,Textiles,9424793.0,28133.71,12.47,France,11.59,1,5.0,7.91,942.48,0.96,11.64,2023,Large,22,16742,18,176780,No,No,No,TT,7.0,7.0,4.75,3.46,92.68,Air,484.14,5.0
SUP0284,India Copper Exports 880,India,740311,Copper Cathodes,Industrial,4982165.0,40505.41,6.77,Japan,6.33,0,83.0,3.18,498.22,0.9,3.17,2023,Large,30,30729,22,135070,Yes,No,No,LC,8.0,7.0,4.63,6.5,94.96,Land,174.05,6.0
SUP0285,Brazil Cotton Exports 133,Brazil,520100,Cotton,Industrial,2606670.0,5992.34,10.7,China,3.97,0,5.0,5.05,260.67,0.98,3.21,2023,Enterprise,10,38492,40,124970,Yes,No,No,TT,7.0,6.0,4.8,5.16,94.13,Land,167.57,5.0
SUP0286,USA Car Exports 47,USA,401110,Car Tyres,Automobile,601130.0,22264.07,6.55,Mexico,6.73,0,1.0,1.37,60.11,0.94,2.57,2023,Large,26,27073,49,46821,No,No,No,LC,9.0,7.0,4.2,2.48,81.69,Sea,79.73,7.0
SUP0287,Indonesia Medicaments Exports 785,Indonesia,300490,Medicaments,Pharma,2563276.0,7583.66,6.87,UAE,6.67,0,15500.0,4.64,256.33,0.92,3.86,2023,Large,32,28081,18,44887,Yes,No,No,Advance,5.0,4.0,3.98,4.25,83.24,Air,361.03,9.0
SUP0288,Thailand Car Exports 548,Thailand,401110,Car Tyres,Automobile,7709043.0,37422.54,10.9,UK,10.21,0,35.0,3.81,770.9,0.95,4.59,2023,SME,39,29742,21,56671,Yes,No,No,LC,9.0,7.0,4.9,4.93,87.02,Air,292.35,8.0
SUP0289,Argentina Soybean Exports 177,Argentina,150710,Soybean Oil,Agriculture,7015405.0,65564.53,-0.48,Brazil,7.18,0,850.0,7.05,701.54,0.72,4.97,2023,Large,17,14406,19,168061,Yes,Yes,No,Advance,8.0,6.0,4.41,7.29,84.89,Air,443.82,4.0
SUP0290,India Power Exports 315,India,850440,Power Supply Units,Electronics,3776254.0,28181.0,4.97,Mexico,6.95,1,83.0,4.89,377.63,0.87,9.04,2023,SME,34,13960,32,161728,Yes,No,No,LC,8.0,5.0,3.81,1.11,92.13,Land,284.09,10.0
SUP0291,Thailand Ethyl Exports 790,Thailand,220710,Ethyl Alcohol,Chemical,3914366.0,9810.44,5.83,Brazil,11.41,0,35.0,4.23,391.44,0.92,5.12,2023,SME,14,4015,34,72018,Yes,No,No,LC,10.0,7.0,4.15,6.89,91.84,Land,36.74,7.0
SUP0292,Indonesia Footwear Exports 433,Indonesia,640399,Footwear,Consumer Goods,3313928.0,11271.86,13.66,Brazil,6.03,0,15500.0,4.0,331.39,0.95,3.41,2023,Enterprise,23,18306,21,109266,No,No,No,TT,9.0,4.0,4.98,4.53,92.02,Land,319.78,7.0
SUP0293,Vietnam T-Shirts Exports 98,Vietnam,610910,T-Shirts,Textiles,7708631.0,23430.49,-1.04,UK,4.54,1,24000.0,5.62,770.86,0.84,8.61,2023,Large,11,20599,45,158566,No,No,No,LC,7.0,9.0,4.52,7.95,87.14,Sea,97.31,10.0
SUP0294,Ethiopia Ethyl Exports 120,Ethiopia,220710,Ethyl Alcohol,Chemical,8890450.0,18956.18,12.96,USA,5.93,0,56.0,7.95,889.04,0.98,4.96,2023,Large,13,993,20,21472,No,No,No,TT,10.0,6.0,3.27,1.15,90.08,Air,270.03,5.0
SUP0295,Indonesia Wheat Exports 486,Indonesia,100199,Wheat,Grains,9701691.0,36472.52,2.52,Japan,9.89,0,15500.0,5.26,970.17,0.86,5.07,2023,SME,21,3716,23,169353,Yes,No,No,Advance,6.0,5.0,4.3,3.12,81.57,Land,213.74,6.0
SUP0296,Vietnam Footwear Exports 701,Vietnam,640399,Footwear,Consumer Goods,8318626.0,18777.94,-1.6,Brazil,9.32,0,24000.0,5.18,831.86,0.81,4.87,2023,SME,28,28124,42,128109,No,No,No,Advance,8.0,8.0,4.66,1.39,94.32,Air,305.49,6.0
SUP0297,Germany Ethyl Exports 358,Germany,220710,Ethyl Alcohol,Chemical,1960329.0,7397.47,7.59,India,9.27,0,0.9,1.53,196.03,0.91,3.39,2023,Large,29,7958,18,85266,Yes,No,No,TT,5.0,7.0,4.0,3.48,91.61,Air,211.41,6.0
SUP0298,USA Cinnamon Exports 906,USA,90611,Cinnamon,Spices,1314716.0,3270.44,7.28,India,10.41,0,1.0,1.44,131.47,0.94,3.7,2023,SME,28,18321,11,153054,Yes,No,No,LC,7.0,9.0,4.42,3.38,84.58,Land,202.98,4.0
SUP0299,China Petroleum Exports 425,China,271019,Petroleum Oils,Energy,8320722.0,30038.71,2.85,India,10.95,1,7.0,3.27,832.07,0.87,9.59,2023,SME,32,22285,45,173341,Yes,No,No,LC,5.0,8.0,3.58,1.65,97.04,Sea,108.39,9.0
SUP0300,Thailand Soybeans Exports 179,Thailand,120190,Soybeans,Agriculture,1562605.0,3720.49,12.67,USA,3.27,0,35.0,3.73,156.26,0.98,2.47,2023,Large,28,9615,23,140157,Yes,No,No,LC,4.0,4.0,4.15,6.65,91.61,Sea,434.88,4.0
SUP0301,Brazil Cotton Exports 162,Brazil,520100,Cotton,Industrial,9440159.0,118001.99,12.31,France,7.76,1,5.0,5.24,944.02,0.98,9.42,2023,Large,17,30558,24,161991,Yes,No,No,Advance,6.0,7.0,4.25,6.07,88.5,Sea,153.41,10.0
SUP0302,China Car Exports 35,China,401110,Car Tyres,Automobile,1861934.0,7388.63,3.07,Japan,10.33,0,7.0,3.77,186.19,0.9,4.61,2023,Enterprise,27,11912,53,154840,Yes,No,No,Advance,5.0,5.0,4.63,4.91,80.66,Land,347.17,4.0
SUP0303,Indonesia Black Exports 221,Indonesia,90411,Black Pepper,Spices,7198798.0,16213.51,4.6,Brazil,11.93,0,15500.0,4.61,719.88,0.88,5.42,2023,Large,4,14493,17,159305,Yes,Yes,No,LC,6.0,8.0,4.2,5.49,88.14,Sea,296.33,8.0
SUP0304,Brazil Copper Exports 63,Brazil,740311,Copper Cathodes,Industrial,3092879.0,7991.94,13.27,Mexico,11.59,1,5.0,5.3,309.29,0.97,10.6,2023,Large,26,26391,51,72763,No,No,No,Advance,7.0,8.0,4.1,6.36,96.89,Land,316.03,8.0
SUP0305,Vietnam Portable Exports 183,Vietnam,847130,Portable Computers,Electronics,9497041.0,22086.14,0.72,UAE,9.46,0,24000.0,5.11,949.7,0.9,4.88,2023,SME,26,26679,35,134373,Yes,No,No,Advance,4.0,9.0,4.66,2.94,83.58,Land,435.19,7.0
SUP0306,Germany Plastic Exports 695,Germany,392690,Plastic Products,Industrial,1854726.0,4005.89,-0.58,USA,11.99,0,0.9,1.99,185.47,0.72,4.39,2023,SME,19,16714,50,167291,Yes,No,No,TT,8.0,6.0,4.31,0.68,92.31,Land,233.81,4.0
SUP0307,Vietnam Power Exports 912,Vietnam,850440,Power Supply Units,Electronics,5269356.0,12636.35,2.09,China,6.62,0,24000.0,5.98,526.94,0.88,4.38,2023,Enterprise,4,16758,51,103795,Yes,No,No,Advance,9.0,6.0,3.8,5.53,84.18,Air,223.79,10.0
SUP0308,Thailand Aluminium Exports 753,Thailand,760110,Aluminium,Industrial,8448100.0,143188.14,5.5,UAE,11.31,0,35.0,3.83,844.81,0.94,4.93,2023,SME,31,7759,55,130163,Yes,No,No,TT,5.0,8.0,3.15,4.18,92.02,Land,345.89,9.0
SUP0309,Vietnam Cinnamon Exports 979,Vietnam,90611,Cinnamon,Spices,7251045.0,15233.29,-1.18,UK,8.83,0,24000.0,4.47,725.1,0.82,4.44,2023,SME,9,11174,12,139684,No,Yes,No,LC,6.0,9.0,4.03,6.6,93.12,Air,216.95,5.0
SUP0310,Germany Petroleum Exports 622,Germany,271019,Petroleum Oils,Energy,5631307.0,12769.4,5.82,India,6.93,0,0.9,1.07,563.13,0.91,2.51,2023,SME,28,5174,39,145055,Yes,No,No,TT,6.0,10.0,4.51,0.44,83.39,Sea,268.41,8.0
SUP0311,Indonesia Raw Exports 808,Indonesia,170114,Raw Sugar,Agriculture,6006711.0,63228.54,-0.06,UAE,4.79,1,15500.0,5.83,600.67,0.71,8.77,2023,SME,13,7711,22,93214,No,No,No,Advance,4.0,5.0,4.54,0.81,81.99,Air,302.96,7.0
SUP0312,Indonesia Soybean Exports 216,Indonesia,230400,Soybean Meal,Agriculture,8212047.0,32330.89,6.47,UK,3.87,0,15500.0,5.55,821.2,0.91,3.38,2023,SME,18,10851,29,60325,Yes,No,Yes,Advance,4.0,4.0,4.08,5.98,93.51,Land,198.5,4.0
SUP0313,Brazil Soybean Exports 810,Brazil,150710,Soybean Oil,Agriculture,2089408.0,8425.03,13.08,USA,10.03,0,5.0,6.68,208.94,0.97,5.68,2023,SME,35,18890,20,51940,Yes,No,Yes,Advance,9.0,4.0,3.83,1.22,94.62,Sea,286.88,6.0
SUP0314,India Raw Exports 555,India,170114,Raw Sugar,Agriculture,7275967.0,18099.42,7.36,Japan,9.91,0,83.0,4.75,727.6,0.9,4.87,2023,SME,21,10098,11,38958,Yes,Yes,No,TT,5.0,6.0,4.02,0.25,86.51,Sea,327.28,4.0
SUP0315,Brazil Aluminium Exports 727,Brazil,760110,Aluminium,Industrial,5158766.0,31844.23,1.27,USA,10.27,0,5.0,6.38,515.88,0.89,5.63,2023,SME,30,45590,29,94727,No,No,No,TT,10.0,5.0,4.09,3.62,88.34,Air,296.67,8.0
SUP0316,Thailand Plastic Exports 586,Thailand,392690,Plastic Products,Industrial,3141643.0,12129.9,5.55,China,5.12,0,35.0,4.97,314.16,0.91,3.52,2023,SME,21,20763,44,53969,Yes,No,No,LC,10.0,4.0,3.25,1.18,98.09,Sea,479.59,10.0
SUP0317,India Wheat Exports 624,India,100199,Wheat,Grains,6239956.0,519996.33,7.25,Japan,4.43,1,83.0,4.23,624.0,0.95,8.02,2023,SME,20,18010,10,37787,Yes,No,No,TT,10.0,5.0,3.53,3.7,91.72,Air,381.61,8.0
SUP0318,Argentina Cinnamon Exports 464,Argentina,90611,Cinnamon,Spices,8831184.0,18749.86,7.35,India,10.65,0,850.0,7.55,883.12,0.93,6.21,2023,SME,4,19690,10,183872,Yes,No,No,TT,9.0,6.0,3.27,3.06,91.58,Air,289.13,7.0
SUP0319,India Soybeans Exports 55,India,120190,Soybeans,Agriculture,5362879.0,17816.87,2.52,USA,3.58,0,83.0,4.61,536.29,0.86,2.92,2023,SME,27,7325,20,21331,Yes,Yes,No,LC,6.0,9.0,3.66,7.68,93.78,Sea,81.06,6.0
SUP0320,Brazil Portable Exports 490,Brazil,847130,Portable Computers,Electronics,9711749.0,45170.93,10.07,USA,7.35,1,5.0,6.81,971.17,0.95,9.93,2023,SME,37,41714,27,168391,Yes,No,No,TT,4.0,6.0,4.44,4.44,98.39,Air,115.12,6.0
SUP0321,Indonesia Turmeric Exports 909,Indonesia,91030,Turmeric,Spices,6453996.0,18545.97,0.75,Germany,3.67,0,15500.0,4.64,645.4,0.86,2.96,2023,SME,37,697,15,130359,Yes,Yes,No,TT,6.0,9.0,4.81,2.41,92.73,Sea,105.62,9.0
SUP0322,India Motor Exports 750,India,870323,Motor Cars,Automobile,4220915.0,12129.07,4.53,Brazil,11.28,0,83.0,3.56,422.09,0.88,4.81,2023,SME,6,12011,51,181495,Yes,No,No,Advance,5.0,9.0,4.05,0.46,88.56,Land,418.08,6.0
SUP0323,Germany Soybean Exports 214,Germany,150710,Soybean Oil,Agriculture,7835056.0,279823.43,12.86,Mexico,9.52,0,0.9,1.82,783.51,0.97,3.58,2023,Enterprise,34,3414,26,147823,No,No,No,TT,6.0,9.0,3.39,5.12,84.04,Land,307.25,6.0
SUP0324,Ethiopia Soybean Exports 662,Ethiopia,150710,Soybean Oil,Agriculture,6310433.0,28046.37,13.06,USA,5.75,0,56.0,5.63,631.04,0.97,3.98,2023,Enterprise,21,1361,19,152981,Yes,Yes,Yes,LC,4.0,5.0,4.04,0.15,97.35,Air,112.84,10.0
SUP0325,Germany Ethyl Exports 524,Germany,220710,Ethyl Alcohol,Chemical,3327558.0,9426.51,3.28,UAE,7.04,1,0.9,1.36,332.76,0.86,7.66,2023,Enterprise,36,20829,20,152135,Yes,No,No,LC,8.0,6.0,4.46,4.81,94.44,Air,192.22,9.0
SUP0326,Germany Cardamom Exports 359,Germany,90832,Cardamom,Spices,5571421.0,214285.42,5.08,USA,7.56,0,0.9,1.42,557.14,0.93,2.84,2023,SME,27,18584,25,98844,Yes,Yes,No,LC,6.0,8.0,4.83,7.78,96.03,Land,25.9,9.0
SUP0327,Brazil Soybean Exports 163,Brazil,230400,Soybean Meal,Agriculture,2006435.0,13376.23,10.95,USA,10.29,1,5.0,7.62,200.64,0.96,11.13,2023,SME,19,7066,26,47680,Yes,Yes,No,Advance,8.0,7.0,4.43,3.35,98.53,Air,43.23,5.0
SUP0328,Germany Wheat Exports 785,Germany,100199,Wheat,Grains,8604392.0,17312.66,3.67,France,6.53,1,0.9,1.08,860.44,0.86,7.39,2023,SME,28,12206,15,68998,Yes,No,No,Advance,9.0,6.0,4.57,5.12,98.25,Sea,175.19,8.0
SUP0329,India Medicaments Exports 816,India,300490,Medicaments,Pharma,2493413.0,11597.27,4.5,France,9.48,1,83.0,3.74,249.34,0.88,9.34,2023,SME,20,18841,26,38531,Yes,No,Yes,Advance,6.0,8.0,3.62,1.84,83.65,Sea,35.88,4.0
SUP0330,India Ethyl Exports 971,India,220710,Ethyl Alcohol,Chemical,3803005.0,20781.45,13.4,China,11.19,0,83.0,3.7,380.3,0.95,4.84,2023,SME,20,12391,18,128047,Yes,No,No,Advance,6.0,5.0,4.36,1.56,87.06,Air,233.65,7.0
SUP0331,Argentina Cotton Exports 33,Argentina,520100,Cotton,Industrial,6226812.0,14184.08,12.75,UK,10.52,0,850.0,8.36,622.68,0.96,6.5,2023,SME,16,8294,39,156097,No,No,No,TT,8.0,7.0,3.46,6.76,98.53,Land,332.42,9.0
SUP0332,China Power Exports 715,China,850440,Power Supply Units,Electronics,6485901.0,88847.96,2.95,China,5.69,0,7.0,2.06,648.59,0.9,2.53,2023,Large,40,12844,25,94254,Yes,No,No,LC,9.0,5.0,3.33,1.27,80.52,Land,79.2,7.0
SUP0333,China Motor Exports 742,China,870323,Motor Cars,Automobile,1490306.0,5086.37,6.37,Mexico,3.45,1,7.0,2.96,149.03,0.93,7.22,2023,SME,28,43539,30,133528,Yes,No,No,Advance,4.0,5.0,4.68,2.67,86.86,Sea,137.14,6.0
SUP0334,Ethiopia Power Exports 809,Ethiopia,850440,Power Supply Units,Electronics,6601174.0,18085.41,14.85,Germany,11.89,0,56.0,5.21,660.12,0.98,5.65,2023,SME,33,40444,54,176730,Yes,No,No,Advance,8.0,9.0,3.97,2.43,80.53,Air,165.37,8.0
SUP0335,India Soybean Exports 178,India,150710,Soybean Oil,Agriculture,1592855.0,4449.32,12.69,France,4.85,0,83.0,3.22,159.29,0.95,2.74,2023,SME,36,10884,18,102705,Yes,No,No,TT,5.0,4.0,4.41,4.13,96.34,Land,418.8,7.0
SUP0336,China Coffee Exports 498,China,90111,Coffee,Agriculture,4080658.0,11527.28,2.79,China,10.8,0,7.0,3.65,408.07,0.88,4.7,2023,Large,8,18273,13,149858,No,No,No,TT,5.0,4.0,4.58,0.83,97.93,Sea,439.44,5.0
SUP0337,Germany Car Exports 22,Germany,401110,Car Tyres,Automobile,5139334.0,19842.99,3.8,France,8.9,1,0.9,1.13,513.93,0.85,8.12,2023,SME,27,18380,51,82659,Yes,No,No,Advance,5.0,9.0,3.69,1.0,87.86,Sea,167.37,5.0
SUP0338,Ethiopia Cinnamon Exports 919,Ethiopia,90611,Cinnamon,Spices,7193416.0,18539.73,2.28,USA,10.23,0,56.0,5.51,719.34,0.86,5.27,2023,SME,40,19434,17,32273,Yes,No,No,LC,9.0,5.0,3.97,5.55,95.53,Land,46.56,9.0
SUP0339,Argentina Aluminium Exports 86,Argentina,760110,Aluminium,Industrial,3363998.0,9091.89,7.34,Mexico,10.44,0,850.0,9.44,336.4,0.91,6.91,2023,Enterprise,31,25254,52,191857,Yes,No,No,TT,8.0,6.0,3.81,7.55,90.39,Air,174.93,6.0
SUP0340,Vietnam Footwear Exports 163,Vietnam,640399,Footwear,Consumer Goods,2778745.0,12295.33,2.48,Mexico,5.4,0,24000.0,4.17,277.87,0.89,3.29,2023,SME,33,21967,32,89376,Yes,No,No,Advance,10.0,4.0,4.29,6.65,87.01,Air,69.29,5.0
SUP0341,Vietnam Soybean Exports 758,Vietnam,230400,Soybean Meal,Agriculture,6646198.0,22153.99,14.86,UAE,6.6,0,24000.0,4.51,664.62,0.97,3.78,2023,Enterprise,8,3754,18,117686,No,Yes,Yes,Advance,6.0,6.0,4.11,0.66,92.39,Land,296.41,9.0
SUP0342,Brazil Motor Exports 328,Brazil,870323,Motor Cars,Automobile,9985766.0,79252.11,5.89,USA,10.89,1,5.0,7.48,998.58,0.94,11.26,2023,Large,28,45697,35,93769,No,No,No,Advance,5.0,7.0,4.09,2.15,87.8,Land,331.36,6.0
SUP0343,USA Rice Exports 992,USA,100630,Rice,Grains,5990393.0,18719.98,8.78,China,6.04,0,1.0,1.09,599.04,0.94,2.25,2023,SME,24,6947,16,68298,Yes,No,No,Advance,5.0,4.0,4.27,3.22,89.39,Land,373.61,10.0
SUP0344,Brazil Cinnamon Exports 106,Brazil,90611,Cinnamon,Spices,8404627.0,18113.42,-1.93,USA,10.66,0,5.0,5.13,840.46,0.8,5.25,2023,SME,18,13214,25,102887,Yes,No,No,Advance,8.0,7.0,3.96,5.17,82.59,Land,421.21,7.0
SUP0345,Ethiopia Cotton Exports 339,Ethiopia,520100,Cotton,Industrial,7912888.0,29415.94,12.65,UAE,6.09,1,56.0,7.62,791.29,0.98,9.88,2023,Large,20,31604,26,118997,Yes,No,No,Advance,7.0,7.0,4.5,7.6,95.03,Land,340.42,10.0
SUP0346,China Steel Exports 630,China,721420,Steel Bars,Industrial,993370.0,2521.24,9.48,France,10.37,0,7.0,2.82,99.34,0.92,4.24,2023,SME,37,14887,52,94677,Yes,No,No,TT,7.0,8.0,4.68,1.49,82.07,Land,73.07,7.0
SUP0347,USA Coffee Exports 321,USA,90111,Coffee,Agriculture,8544498.0,19687.78,9.76,UAE,5.64,1,1.0,1.14,854.45,0.95,7.15,2023,Enterprise,6,19509,19,100815,Yes,No,No,Advance,4.0,8.0,3.77,5.21,83.9,Sea,470.89,4.0
SUP0348,Thailand Steel Exports 578,Thailand,721420,Steel Bars,Industrial,3191471.0,14983.43,11.18,Brazil,10.66,0,35.0,3.68,319.15,0.97,4.67,2023,Large,39,33700,35,94842,Yes,No,No,TT,5.0,5.0,4.25,5.05,89.14,Air,12.16,9.0
SUP0349,China Motor Exports 149,China,870323,Motor Cars,Automobile,2419805.0,6049.51,-1.54,UK,7.52,0,7.0,2.02,241.98,0.73,3.06,2023,SME,27,27402,40,95429,No,No,No,TT,5.0,5.0,4.7,2.81,91.33,Sea,9.98,10.0
SUP0350,Thailand Raw Exports 609,Thailand,170114,Raw Sugar,Agriculture,1724688.0,15399.0,14.85,USA,10.28,0,35.0,4.68,172.47,0.97,4.96,2023,Large,11,15961,15,70301,No,Yes,No,Advance,10.0,7.0,4.39,5.42,84.74,Sea,124.73,6.0
SUP0351,Brazil Raw Exports 570,Brazil,170114,Raw Sugar,Agriculture,8302522.0,30979.56,5.77,Japan,6.02,1,5.0,5.06,830.25,0.94,8.83,2023,SME,6,17843,24,190168,Yes,Yes,No,Advance,5.0,7.0,3.68,7.82,84.75,Land,101.99,8.0
SUP0352,China T-Shirts Exports 753,China,610910,T-Shirts,Textiles,2715771.0,7090.79,10.2,Germany,5.18,1,7.0,3.88,271.58,0.95,8.11,2023,SME,5,3150,25,72406,Yes,No,No,Advance,10.0,9.0,4.54,4.89,93.79,Land,288.83,10.0
SUP0353,Argentina T-Shirts Exports 275,Argentina,610910,T-Shirts,Textiles,5066558.0,52776.65,4.2,Germany,4.17,1,850.0,8.38,506.66,0.9,9.6,2023,Large,38,22411,27,118153,Yes,No,No,TT,5.0,4.0,4.01,7.82,92.72,Air,62.19,4.0
SUP0354,USA Copper Exports 26,USA,740311,Copper Cathodes,Industrial,3021088.0,9382.26,3.68,USA,5.4,1,1.0,1.99,302.11,0.87,7.42,2023,Large,35,32798,32,175420,Yes,No,No,TT,8.0,8.0,4.32,1.06,85.83,Land,237.98,9.0
SUP0355,Vietnam Aluminium Exports 950,Vietnam,760110,Aluminium,Industrial,1640655.0,4081.23,6.17,Mexico,11.78,0,24000.0,5.35,164.07,0.94,5.67,2023,Large,21,12504,24,121599,Yes,No,No,LC,6.0,6.0,4.19,0.99,94.05,Land,281.66,9.0
SUP0356,Brazil T-Shirts Exports 315,Brazil,610910,T-Shirts,Textiles,678916.0,3463.86,10.19,France,6.83,0,5.0,6.0,67.89,0.97,4.45,2023,Large,40,16271,29,198342,Yes,No,No,Advance,10.0,9.0,3.96,3.48,93.93,Land,432.89,4.0
SUP0357,Germany Cinnamon Exports 501,Germany,90611,Cinnamon,Spices,550040.0,5914.41,0.14,Japan,10.74,0,0.9,1.92,55.0,0.86,3.99,2023,Enterprise,31,9673,25,168739,Yes,No,No,LC,4.0,7.0,4.28,4.51,90.56,Land,59.73,6.0
SUP0358,Brazil Footwear Exports 603,Brazil,640399,Footwear,Consumer Goods,8886329.0,29819.9,10.52,India,4.81,0,5.0,6.36,888.63,0.97,3.99,2023,SME,36,8385,45,21229,Yes,No,No,Advance,5.0,8.0,4.97,4.71,81.33,Air,81.75,10.0
SUP0359,USA T-Shirts Exports 378,USA,610910,T-Shirts,Textiles,1363488.0,16833.19,9.7,UK,9.78,0,1.0,1.4,136.35,0.92,3.49,2023,SME,15,27836,25,190923,No,No,No,LC,10.0,7.0,4.35,5.78,83.82,Land,346.68,4.0
SUP0360,India Soybean Exports 251,India,150710,Soybean Oil,Agriculture,3361211.0,18468.19,3.53,India,8.44,1,83.0,3.04,336.12,0.87,8.75,2023,SME,28,13264,17,135091,Yes,Yes,No,LC,10.0,9.0,4.04,1.25,97.54,Land,393.13,9.0
SUP0361,Germany Portable Exports 202,Germany,847130,Portable Computers,Electronics,9654787.0,23377.21,9.12,Japan,8.07,0,0.9,1.57,965.48,0.91,3.05,2023,SME,7,7109,38,159339,Yes,No,No,LC,7.0,6.0,4.02,0.13,90.24,Air,445.63,4.0
SUP0362,Thailand Cinnamon Exports 233,Thailand,90611,Cinnamon,Spices,1358257.0,5305.69,-0.06,Japan,10.98,0,35.0,4.68,135.83,0.79,5.17,2023,SME,39,9062,13,61445,Yes,Yes,No,Advance,8.0,4.0,4.28,3.22,92.09,Sea,169.82,6.0
SUP0363,Vietnam Coffee Exports 215,Vietnam,90111,Coffee,Agriculture,6458746.0,89704.81,2.99,Mexico,9.45,0,24000.0,5.58,645.87,0.87,5.07,2023,SME,12,6630,10,91859,Yes,No,No,LC,8.0,9.0,3.69,5.19,83.53,Air,44.25,9.0
SUP0364,Thailand Rice Exports 846,Thailand,100630,Rice,Grains,7901853.0,87798.37,12.22,UAE,7.46,1,35.0,4.91,790.19,0.97,9.2,2023,SME,16,11626,16,60532,No,No,No,Advance,6.0,4.0,3.37,6.46,83.21,Sea,283.01,6.0
SUP0365,Indonesia Steel Exports 943,Indonesia,721420,Steel Bars,Industrial,4816635.0,38227.26,7.02,France,7.79,0,15500.0,5.57,481.66,0.9,4.56,2023,SME,14,20941,30,113305,No,No,No,TT,8.0,5.0,4.77,6.83,84.56,Land,458.35,4.0
SUP0366,Ethiopia Motor Exports 577,Ethiopia,870323,Motor Cars,Automobile,1691568.0,13752.59,-0.18,Mexico,9.31,1,56.0,5.54,169.16,0.74,10.01,2023,SME,24,3183,37,169179,Yes,No,No,LC,6.0,7.0,4.31,2.49,92.83,Air,358.94,5.0
SUP0367,Brazil Portable Exports 715,Brazil,847130,Portable Computers,Electronics,1470020.0,49000.67,0.38,USA,11.56,0,5.0,7.23,147.0,0.85,6.36,2023,Large,26,18251,29,24987,Yes,No,No,Advance,8.0,6.0,4.06,1.04,82.07,Land,331.72,10.0
SUP0368,China Soybean Exports 522,China,230400,Soybean Meal,Agriculture,3739365.0,19475.86,14.83,UAE,4.51,0,7.0,2.8,373.94,0.98,2.47,2023,Large,4,15741,25,169045,Yes,No,No,LC,10.0,6.0,3.69,4.22,97.57,Sea,67.2,4.0
SUP0369,Germany Car Exports 382,Germany,401110,Car Tyres,Automobile,8197655.0,31051.72,7.17,UK,3.1,1,0.9,1.21,819.77,0.91,6.41,2023,SME,15,18719,21,172172,No,No,No,LC,9.0,7.0,3.94,0.26,85.47,Air,73.74,5.0
SUP0370,Ethiopia T-Shirts Exports 447,Ethiopia,610910,T-Shirts,Textiles,8509450.0,24037.99,13.4,Brazil,9.42,0,56.0,5.16,850.95,0.98,4.89,2023,SME,21,18896,42,33682,Yes,No,No,TT,7.0,7.0,4.33,3.3,96.01,Land,379.47,5.0
SUP0371,Indonesia Plastic Exports 787,Indonesia,392690,Plastic Products,Industrial,8403622.0,54568.97,2.1,Japan,10.14,0,15500.0,5.53,840.36,0.87,5.25,2023,Large,32,42070,20,117528,Yes,No,No,LC,4.0,9.0,3.37,3.77,82.68,Air,275.38,9.0
SUP0372,Vietnam Rice Exports 884,Vietnam,100630,Rice,Grains,8348597.0,85189.77,9.16,Mexico,10.54,0,24000.0,5.18,834.86,0.9,5.23,2023,SME,39,6149,20,73312,No,Yes,No,TT,9.0,4.0,4.57,5.97,87.95,Air,438.54,5.0
SUP0373,Vietnam T-Shirts Exports 463,Vietnam,610910,T-Shirts,Textiles,2305880.0,17875.04,5.16,Germany,11.53,0,24000.0,5.06,230.59,0.92,5.48,2023,Large,20,29830,17,111107,Yes,No,No,Advance,7.0,6.0,3.45,0.03,80.37,Sea,75.56,10.0
SUP0374,India Black Exports 494,India,90411,Black Pepper,Spices,1506367.0,15371.09,2.4,Mexico,8.55,0,83.0,3.32,150.64,0.9,3.89,2023,SME,9,6351,27,104655,Yes,Yes,No,TT,9.0,4.0,3.77,2.7,93.0,Land,336.75,4.0
SUP0375,Vietnam Cinnamon Exports 382,Vietnam,90611,Cinnamon,Spices,2478282.0,70808.06,9.26,China,9.01,0,24000.0,5.61,247.83,0.93,4.95,2023,Large,34,4326,21,56660,Yes,No,No,Advance,9.0,4.0,4.37,2.98,87.89,Land,181.28,6.0
SUP0376,USA Aluminium Exports 227,USA,760110,Aluminium,Industrial,8753640.0,22161.11,0.47,USA,4.14,1,1.0,1.46,875.36,0.86,6.83,2023,SME,25,32496,51,91477,No,No,No,TT,8.0,8.0,3.47,1.94,98.02,Sea,336.08,7.0
SUP0377,Ethiopia Footwear Exports 30,Ethiopia,640399,Footwear,Consumer Goods,3082216.0,6368.21,2.24,USA,8.64,0,56.0,7.39,308.22,0.89,5.55,2023,Enterprise,34,24726,43,120223,No,No,No,TT,10.0,5.0,4.18,5.69,84.51,Sea,491.68,5.0
SUP0378,China Raw Exports 893,China,170114,Raw Sugar,Agriculture,6228345.0,19282.8,5.39,UAE,8.43,0,7.0,3.71,622.83,0.94,4.01,2023,Large,21,15711,24,85767,Yes,Yes,Yes,LC,6.0,9.0,3.86,1.77,82.01,Air,44.07,5.0
SUP0379,USA Plastic Exports 489,USA,392690,Plastic Products,Industrial,3108139.0,33784.12,2.24,UK,5.54,0,1.0,1.4,310.81,0.9,2.22,2023,Large,23,28323,45,174590,Yes,No,No,TT,4.0,5.0,3.2,3.79,98.07,Sea,404.97,8.0
SUP0380,USA Medicaments Exports 573,USA,300490,Medicaments,Pharma,9280262.0,47836.4,7.32,Mexico,6.91,0,1.0,1.82,928.03,0.95,2.8,2023,SME,10,15927,27,114135,Yes,No,No,TT,8.0,6.0,3.14,0.18,97.74,Land,350.09,7.0
SUP0381,India Rice Exports 183,India,100630,Rice,Grains,1306607.0,5184.95,-1.81,India,6.66,0,83.0,3.4,130.66,0.78,3.36,2023,Enterprise,25,15740,21,101918,Yes,No,No,LC,5.0,9.0,4.14,4.93,92.32,Air,380.62,5.0
SUP0382,Brazil Cardamom Exports 270,Brazil,90832,Cardamom,Spices,3898573.0,9844.88,3.53,UK,4.83,1,5.0,7.16,389.86,0.86,9.31,2023,Large,3,4149,17,133644,No,No,No,LC,9.0,7.0,3.67,1.2,84.94,Land,35.47,9.0
SUP0383,China Wheat Exports 272,China,100199,Wheat,Grains,8590740.0,39048.82,14.44,China,9.73,0,7.0,3.3,859.07,0.96,4.24,2023,Large,25,6035,25,90150,Yes,Yes,No,TT,7.0,8.0,3.27,1.53,97.35,Sea,67.8,9.0
SUP0384,Ethiopia Soybeans Exports 179,Ethiopia,120190,Soybeans,Agriculture,2568214.0,5284.39,6.49,India,3.37,1,56.0,7.05,256.82,0.93,8.83,2023,SME,22,4664,23,25669,Yes,No,No,LC,10.0,9.0,4.12,7.06,87.88,Sea,108.06,6.0
SUP0385,India Raw Exports 194,India,170114,Raw Sugar,Agriculture,6390789.0,19249.36,8.93,USA,6.15,1,83.0,4.72,639.08,0.94,8.73,2023,Large,33,15072,15,114784,No,Yes,Yes,LC,9.0,7.0,3.95,3.87,87.08,Air,368.16,6.0
SUP0386,Indonesia Soybean Exports 112,Indonesia,230400,Soybean Meal,Agriculture,2805803.0,6540.33,10.97,USA,9.48,1,15500.0,5.43,280.58,0.97,10.02,2023,Large,13,14808,28,76240,No,Yes,No,LC,8.0,5.0,4.35,4.57,95.56,Land,245.81,8.0
SUP0387,Germany Black Exports 284,Germany,90411,Black Pepper,Spices,4945243.0,10797.47,8.46,USA,10.97,0,0.9,1.2,494.52,0.94,3.77,2023,Large,16,7087,15,87360,Yes,No,No,Advance,7.0,10.0,3.58,3.63,95.97,Land,322.19,9.0
SUP0388,India Cinnamon Exports 48,India,90611,Cinnamon,Spices,9515762.0,22549.2,3.58,France,7.44,0,83.0,3.5,951.58,0.89,3.63,2023,Enterprise,37,18173,22,94837,Yes,Yes,No,LC,4.0,6.0,4.16,0.72,93.72,Sea,294.5,5.0
SUP0389,India Raw Exports 354,India,170114,Raw Sugar,Agriculture,8311198.0,20674.62,13.24,Brazil,9.46,0,83.0,3.79,831.12,0.96,4.35,2023,SME,11,826,26,34527,Yes,No,Yes,TT,4.0,8.0,3.95,1.69,96.89,Air,208.6,7.0
SUP0390,Argentina Ethyl Exports 953,Argentina,220710,Ethyl Alcohol,Chemical,5103315.0,31501.94,6.26,Germany,7.47,0,850.0,9.05,510.33,0.91,5.86,2023,SME,32,10342,17,134040,No,No,No,Advance,10.0,5.0,3.84,5.66,89.1,Land,231.28,4.0
SUP0391,Thailand Car Exports 703,Thailand,401110,Car Tyres,Automobile,8605454.0,358560.58,-0.21,Japan,11.62,1,35.0,3.0,860.55,0.84,9.69,2023,SME,6,11694,42,81808,Yes,No,No,LC,4.0,8.0,3.96,1.56,98.53,Air,439.41,9.0
SUP0392,China Plastic Exports 468,China,392690,Plastic Products,Industrial,8284046.0,16735.45,13.27,Japan,4.6,0,7.0,3.57,828.4,0.97,2.81,2023,SME,38,49892,52,154684,No,No,No,Advance,10.0,8.0,4.61,7.6,89.5,Sea,466.52,8.0
SUP0393,Germany Power Exports 85,Germany,850440,Power Supply Units,Electronics,5888831.0,203063.14,4.28,Germany,8.13,0,0.9,1.89,588.88,0.88,3.2,2023,SME,10,36622,27,142462,Yes,No,No,TT,7.0,10.0,4.77,4.67,98.48,Air,148.94,8.0
SUP0394,China Soybeans Exports 344,China,120190,Soybeans,Agriculture,8611365.0,162478.58,5.14,USA,4.53,0,7.0,2.08,861.14,0.94,2.19,2023,Large,23,11998,27,47798,Yes,No,No,Advance,7.0,6.0,4.11,5.03,81.87,Air,471.48,4.0
SUP0395,China Rice Exports 367,China,100630,Rice,Grains,4908580.0,10141.69,2.56,France,7.43,0,7.0,2.37,490.86,0.89,3.18,2023,Large,3,2067,24,131854,No,Yes,No,LC,9.0,4.0,3.11,2.43,96.02,Sea,174.41,7.0
SUP0396,Brazil Cardamom Exports 862,Brazil,90832,Cardamom,Spices,5892374.0,50362.17,14.21,China,10.09,0,5.0,7.68,589.24,0.97,6.1,2023,Large,21,9683,14,114099,Yes,No,No,TT,6.0,9.0,3.97,0.93,93.46,Land,51.31,7.0
SUP0397,USA Rice Exports 312,USA,100630,Rice,Grains,8543720.0,82151.15,13.7,France,8.46,0,1.0,1.79,854.37,0.95,3.25,2023,SME,5,5590,10,71651,Yes,Yes,No,TT,6.0,8.0,4.13,0.71,91.15,Sea,479.06,7.0
SUP0398,Ethiopia Cotton Exports 824,Ethiopia,520100,Cotton,Industrial,1853481.0,4752.52,8.98,France,3.3,1,56.0,7.57,185.35,0.94,9.02,2023,SME,26,9024,30,127280,Yes,No,No,TT,8.0,5.0,4.13,6.89,93.75,Land,98.51,5.0
SUP0399,Ethiopia Soybean Exports 154,Ethiopia,230400,Soybean Meal,Agriculture,3386645.0,27533.7,-0.92,UAE,4.77,0,56.0,7.06,338.66,0.77,4.25,2023,Large,27,6589,16,151146,No,Yes,No,TT,9.0,9.0,4.21,1.27,82.4,Land,108.71,7.0
SUP0400,Ethiopia Plastic Exports 428,Ethiopia,392690,Plastic Products,Industrial,9995962.0,25115.48,-0.36,Japan,7.38,1,56.0,5.43,999.6,0.83,9.39,2023,Large,10,21107,54,69243,Yes,No,No,Advance,7.0,4.0,4.35,0.65,95.2,Air,159.82,8.0
SUP0401,Thailand Steel Exports 376,Thailand,721420,Steel Bars,Industrial,9597567.0,1599594.5,0.11,Japan,11.32,1,35.0,3.22,959.76,0.89,9.68,2023,Large,13,32039,56,194593,Yes,No,No,Advance,5.0,9.0,3.97,4.79,84.53,Sea,458.19,7.0
SUP0402,Argentina Petroleum Exports 915,Argentina,271019,Petroleum Oils,Energy,7900018.0,112857.4,1.63,UK,5.17,0,850.0,8.31,790.0,0.86,4.88,2023,Large,4,7326,39,34928,Yes,No,No,LC,5.0,6.0,3.52,7.06,85.4,Sea,438.35,7.0
SUP0403,Germany Cardamom Exports 588,Germany,90832,Cardamom,Spices,1785953.0,4988.7,14.14,UK,4.61,1,0.9,1.49,178.6,0.97,6.98,2023,Enterprise,28,14180,10,70787,Yes,Yes,No,LC,5.0,9.0,4.11,6.65,98.86,Sea,102.09,7.0
SUP0404,Brazil Black Exports 261,Brazil,90411,Black Pepper,Spices,9098982.0,20130.49,11.26,Mexico,7.43,1,5.0,7.92,909.9,0.95,10.4,2023,SME,36,15488,15,120224,No,Yes,No,Advance,5.0,4.0,3.76,6.79,91.98,Air,7.77,6.0
SUP0405,China Portable Exports 715,China,847130,Portable Computers,Electronics,8426185.0,26749.79,1.03,France,7.89,0,7.0,2.81,842.62,0.88,3.49,2023,SME,24,34928,37,72607,Yes,No,No,TT,4.0,5.0,4.38,1.69,88.86,Air,424.29,4.0
SUP0406,Vietnam Coffee Exports 353,Vietnam,90111,Coffee,Agriculture,1494440.0,3172.91,14.13,USA,3.65,1,24000.0,5.64,149.44,0.97,8.35,2023,SME,13,9172,13,27267,No,Yes,Yes,TT,4.0,5.0,4.28,5.22,87.59,Air,145.51,4.0
SUP0407,Brazil Black Exports 562,Brazil,90411,Black Pepper,Spices,1790103.0,21567.51,6.63,USA,6.1,0,5.0,6.3,179.01,0.94,4.35,2023,SME,35,11932,18,149291,No,No,No,TT,9.0,8.0,4.07,7.38,92.64,Sea,424.21,6.0
SUP0408,Ethiopia Copper Exports 695,Ethiopia,740311,Copper Cathodes,Industrial,3495307.0,13761.05,2.3,USA,3.85,0,56.0,6.66,349.53,0.88,3.82,2023,Enterprise,5,35821,49,102919,No,No,No,LC,6.0,8.0,4.47,6.37,88.13,Land,69.0,8.0
SUP0409,Germany T-Shirts Exports 845,Germany,610910,T-Shirts,Textiles,7673666.0,16538.07,4.87,Brazil,9.84,0,0.9,1.75,767.37,0.88,3.65,2023,SME,40,11976,42,46602,Yes,No,No,Advance,7.0,10.0,3.94,5.15,83.37,Sea,239.12,4.0
SUP0410,Thailand Aluminium Exports 205,Thailand,760110,Aluminium,Industrial,9727111.0,30879.72,-1.38,Brazil,8.88,0,35.0,3.72,972.71,0.78,4.15,2023,Enterprise,40,47081,30,167759,Yes,No,No,LC,7.0,7.0,3.49,3.6,92.84,Air,416.4,4.0
SUP0411,Ethiopia Cinnamon Exports 99,Ethiopia,90611,Cinnamon,Spices,2625720.0,7354.96,13.88,UK,11.8,1,56.0,7.86,262.57,0.96,11.68,2023,Enterprise,11,14839,16,192632,Yes,No,No,LC,4.0,5.0,4.25,2.6,83.34,Sea,63.23,8.0
SUP0412,Indonesia Rice Exports 715,Indonesia,100630,Rice,Grains,7071038.0,119848.1,11.9,France,6.04,0,15500.0,4.36,707.1,0.95,3.56,2023,SME,29,4966,12,155915,No,No,No,LC,8.0,8.0,4.72,0.09,90.28,Air,70.37,10.0
SUP0413,Argentina Medicaments Exports 259,Argentina,300490,Medicaments,Pharma,2730571.0,18325.98,6.06,India,10.96,0,850.0,6.42,273.06,0.9,5.86,2023,SME,32,15743,39,20278,No,No,No,Advance,6.0,6.0,4.14,7.05,94.03,Sea,9.82,4.0
SUP0414,Argentina Soybean Exports 137,Argentina,230400,Soybean Meal,Agriculture,2532729.0,6428.25,10.84,Brazil,10.33,0,850.0,8.76,253.27,0.96,6.6,2023,SME,20,12042,23,89171,No,Yes,No,TT,6.0,4.0,4.11,3.94,88.01,Air,203.67,7.0
SUP0415,Indonesia Medicaments Exports 201,Indonesia,300490,Medicaments,Pharma,4963751.0,10606.31,4.37,India,4.53,0,15500.0,5.67,496.38,0.89,3.63,2023,Large,31,3065,42,67185,Yes,No,Yes,TT,7.0,9.0,4.58,5.28,84.99,Sea,85.81,9.0
SUP0416,India Steel Exports 977,India,721420,Steel Bars,Industrial,6686164.0,115278.69,3.56,USA,6.86,0,83.0,4.71,668.62,0.87,3.94,2023,Large,22,48386,50,189399,Yes,No,No,LC,8.0,4.0,4.63,3.63,95.74,Sea,206.43,6.0
SUP0417,Germany Cardamom Exports 860,Germany,90832,Cardamom,Spices,2976920.0,110256.3,2.22,Japan,7.11,0,0.9,1.81,297.69,0.87,2.86,2023,Large,13,5612,13,54856,Yes,Yes,No,TT,10.0,8.0,5.0,2.63,83.61,Land,102.95,5.0
SUP0418,Germany Ethyl Exports 242,Germany,220710,Ethyl Alcohol,Chemical,2824485.0,43453.62,0.66,UK,7.26,0,0.9,1.93,282.45,0.87,2.95,2023,SME,21,16580,42,49523,No,No,No,TT,10.0,7.0,4.55,4.82,95.39,Air,222.76,5.0
SUP0419,Indonesia Soybeans Exports 968,Indonesia,120190,Soybeans,Agriculture,4707886.0,21302.65,9.59,France,3.46,1,15500.0,4.87,470.79,0.92,7.99,2023,Large,22,12493,30,184062,Yes,Yes,No,TT,10.0,5.0,4.0,5.38,93.44,Land,456.35,10.0
SUP0420,Brazil Raw Exports 212,Brazil,170114,Raw Sugar,Agriculture,6788551.0,19122.68,9.73,Germany,9.52,0,5.0,5.96,678.86,0.91,5.24,2023,Enterprise,9,1407,22,149813,No,No,No,TT,4.0,7.0,4.9,5.47,84.24,Air,370.48,5.0
SUP0421,Argentina Medicaments Exports 729,Argentina,300490,Medicaments,Pharma,8468815.0,51955.92,8.35,USA,11.47,0,850.0,7.8,846.88,0.93,6.56,2023,SME,30,5924,38,63583,Yes,No,Yes,LC,8.0,4.0,3.98,6.48,98.29,Sea,347.01,10.0
SUP0422,Brazil Petroleum Exports 49,Brazil,271019,Petroleum Oils,Energy,8836294.0,1104536.75,12.82,Japan,3.03,1,5.0,5.21,883.63,0.95,7.99,2023,SME,38,26472,40,194723,No,No,No,TT,5.0,6.0,4.87,3.61,87.2,Air,91.36,8.0
SUP0423,Germany Petroleum Exports 115,Germany,271019,Petroleum Oils,Energy,9550113.0,21317.22,6.06,Germany,11.46,1,0.9,1.66,955.01,0.94,9.1,2023,SME,4,12729,34,32844,Yes,No,No,LC,5.0,8.0,4.91,0.28,86.29,Sea,418.65,4.0
SUP0424,India Soybean Exports 391,India,230400,Soybean Meal,Agriculture,3892986.0,14260.02,12.5,USA,7.25,0,83.0,3.55,389.3,0.98,3.59,2023,SME,34,8629,22,129732,No,Yes,Yes,TT,6.0,6.0,3.57,6.48,80.17,Land,497.96,9.0
SUP0425,USA Turmeric Exports 45,USA,91030,Turmeric,Spices,8520702.0,47075.7,9.39,Mexico,8.41,0,1.0,1.41,852.07,0.95,3.09,2023,SME,6,3473,21,52844,No,Yes,No,Advance,10.0,6.0,4.62,5.79,91.47,Air,20.86,5.0
SUP0426,India Soybeans Exports 921,India,120190,Soybeans,Agriculture,6160176.0,12520.68,5.29,Germany,8.64,0,83.0,4.96,616.02,0.94,4.58,2023,SME,5,19545,14,108501,Yes,No,Yes,Advance,7.0,5.0,4.31,6.1,86.54,Air,20.31,9.0
SUP0427,China Power Exports 977,China,850440,Power Supply Units,Electronics,7422333.0,19740.25,7.55,China,5.88,1,7.0,3.84,742.23,0.94,8.3,2023,Large,18,21788,57,178210,Yes,No,No,Advance,6.0,6.0,4.27,3.54,89.79,Land,404.21,6.0
SUP0428,Thailand Steel Exports 746,Thailand,721420,Steel Bars,Industrial,9669028.0,36349.73,1.8,Mexico,7.01,0,35.0,3.36,966.9,0.89,3.45,2023,SME,33,2604,40,166027,Yes,No,No,Advance,10.0,6.0,4.51,7.6,82.18,Sea,44.99,7.0
SUP0429,Thailand Wheat Exports 849,Thailand,100199,Wheat,Grains,5652185.0,18967.06,12.82,India,9.51,0,35.0,4.76,565.22,0.98,4.76,2023,Enterprise,10,17882,20,43048,Yes,No,No,Advance,6.0,5.0,4.56,3.8,83.26,Sea,359.95,6.0
SUP0430,Vietnam Footwear Exports 262,Vietnam,640399,Footwear,Consumer Goods,3175406.0,7651.58,7.0,China,10.83,1,24000.0,5.38,317.54,0.93,10.4,2023,SME,8,9321,17,146507,Yes,No,No,LC,6.0,9.0,3.55,7.61,85.64,Air,373.89,5.0
SUP0431,India Cinnamon Exports 433,India,90611,Cinnamon,Spices,1781495.0,16049.5,14.12,UAE,8.36,1,83.0,3.79,178.15,0.96,9.02,2023,SME,22,14531,26,62434,Yes,No,No,Advance,10.0,6.0,3.62,0.55,89.06,Sea,472.64,8.0
SUP0432,Argentina Aluminium Exports 554,Argentina,760110,Aluminium,Industrial,4104745.0,68412.42,0.65,Japan,8.46,0,850.0,7.6,410.47,0.88,5.58,2023,Enterprise,5,47759,24,92414,Yes,No,No,LC,9.0,5.0,3.71,7.61,94.09,Air,125.2,10.0
SUP0433,Argentina Cinnamon Exports 997,Argentina,90611,Cinnamon,Spices,4079751.0,11894.32,-1.32,France,5.75,0,850.0,9.94,407.98,0.7,5.7,2023,SME,26,15308,20,108305,Yes,Yes,No,TT,5.0,6.0,4.0,1.6,90.27,Air,328.41,4.0
SUP0434,Indonesia Cardamom Exports 79,Indonesia,90832,Cardamom,Spices,7467376.0,25928.39,13.93,Germany,8.65,0,15500.0,4.61,746.74,0.97,4.44,2023,Large,18,6123,21,157714,Yes,Yes,No,TT,8.0,9.0,5.0,7.64,95.22,Air,395.02,4.0
SUP0435,Ethiopia Petroleum Exports 911,Ethiopia,271019,Petroleum Oils,Energy,713152.0,3087.24,10.46,Germany,10.46,1,56.0,7.13,71.32,0.96,10.99,2023,SME,29,2392,34,185653,Yes,No,No,TT,7.0,8.0,3.89,2.21,97.69,Sea,186.9,8.0
SUP0436,Thailand T-Shirts Exports 395,Thailand,610910,T-Shirts,Textiles,3699170.0,30074.55,12.85,India,10.91,0,35.0,4.93,369.92,0.97,5.25,2023,Large,27,6905,28,124377,No,No,No,TT,6.0,5.0,3.4,1.96,90.46,Air,33.86,10.0
SUP0437,Ethiopia Cotton Exports 531,Ethiopia,520100,Cotton,Industrial,4424903.0,11706.09,5.24,UK,11.66,1,56.0,6.68,442.49,0.93,11.17,2023,Large,26,12580,33,138054,Yes,No,No,Advance,10.0,9.0,3.07,5.87,98.63,Air,209.92,8.0
SUP0438,India Black Exports 522,India,90411,Black Pepper,Spices,3484751.0,8844.55,-0.63,Mexico,3.9,0,83.0,3.93,348.48,0.7,2.74,2023,Enterprise,11,4436,19,41038,Yes,No,No,LC,10.0,4.0,3.65,2.04,85.91,Sea,65.78,7.0
SUP0439,India Motor Exports 195,India,870323,Motor Cars,Automobile,9304152.0,24484.61,-0.05,Germany,5.81,0,83.0,3.36,930.42,0.73,3.09,2023,Enterprise,35,33124,43,100519,No,No,No,LC,8.0,6.0,4.07,7.71,91.25,Air,472.9,7.0
SUP0440,India Ethyl Exports 267,India,220710,Ethyl Alcohol,Chemical,9013370.0,18975.52,7.65,Japan,9.42,0,83.0,3.14,901.34,0.95,4.08,2023,Large,29,13637,29,192256,Yes,No,No,Advance,10.0,8.0,3.79,3.21,84.83,Land,457.46,9.0
SUP0441,Argentina Raw Exports 856,Argentina,170114,Raw Sugar,Agriculture,4666048.0,10300.33,5.07,Brazil,6.46,0,850.0,7.63,466.6,0.92,4.99,2023,Large,7,5286,28,134888,Yes,Yes,No,TT,7.0,5.0,4.29,4.36,89.13,Land,47.27,9.0
SUP0442,Indonesia Soybean Exports 635,Indonesia,230400,Soybean Meal,Agriculture,6012185.0,13127.04,1.26,China,4.57,0,15500.0,4.47,601.22,0.88,3.16,2023,SME,15,17570,10,170714,No,No,No,LC,10.0,5.0,3.96,3.02,86.73,Sea,198.99,5.0
SUP0443,India Ethyl Exports 977,India,220710,Ethyl Alcohol,Chemical,1276926.0,255385.2,6.54,Japan,5.08,0,83.0,3.44,127.69,0.91,2.9,2023,SME,27,25831,31,25666,No,No,No,Advance,6.0,4.0,4.21,5.59,87.01,Land,71.28,5.0
SUP0444,Indonesia Medicaments Exports 726,Indonesia,300490,Medicaments,Pharma,3920934.0,17272.84,8.69,Brazil,7.69,0,15500.0,4.27,392.09,0.93,4.01,2023,SME,38,18679,29,155269,Yes,No,No,Advance,6.0,5.0,3.59,2.68,90.42,Air,43.89,5.0
SUP0445,USA Cardamom Exports 441,USA,90832,Cardamom,Spices,9923660.0,396946.4,7.57,Mexico,5.45,0,1.0,1.41,992.37,0.9,2.2,2023,SME,9,2689,21,70264,No,No,No,LC,4.0,8.0,4.47,5.77,87.69,Air,361.08,5.0
SUP0446,Vietnam Steel Exports 217,Vietnam,721420,Steel Bars,Industrial,1416836.0,4332.83,4.74,India,3.81,0,24000.0,5.36,141.68,0.89,3.29,2023,SME,17,3162,42,73803,Yes,No,No,Advance,8.0,7.0,4.15,7.58,82.05,Air,220.01,4.0
SUP0447,Thailand Petroleum Exports 179,Thailand,271019,Petroleum Oils,Energy,5387953.0,16376.76,8.23,France,9.93,0,35.0,3.4,538.8,0.94,4.34,2023,SME,10,19882,41,63464,No,No,No,LC,4.0,7.0,4.82,2.13,95.99,Sea,477.01,4.0
SUP0448,USA Plastic Exports 808,USA,392690,Plastic Products,Industrial,709695.0,2357.79,1.6,Brazil,11.84,0,1.0,1.34,70.97,0.85,4.09,2023,SME,37,14796,49,150794,No,No,No,Advance,7.0,8.0,4.04,1.73,90.22,Land,268.27,9.0
SUP0449,USA Wheat Exports 348,USA,100199,Wheat,Grains,4960322.0,17652.39,5.71,Germany,6.13,1,1.0,1.79,496.03,0.92,7.55,2023,Large,8,18190,11,138918,Yes,No,No,LC,9.0,6.0,4.02,4.59,87.78,Air,379.96,9.0
SUP0450,Germany Power Exports 886,Germany,850440,Power Supply Units,Electronics,3733402.0,18574.14,14.41,Japan,9.7,1,0.9,1.25,373.34,0.96,8.41,2023,SME,37,17164,45,156030,Yes,No,No,Advance,6.0,7.0,4.33,6.83,83.87,Land,452.54,7.0
SUP0451,Argentina Ethyl Exports 243,Argentina,220710,Ethyl Alcohol,Chemical,3431202.0,17417.27,7.75,Brazil,6.69,0,850.0,6.88,343.12,0.9,4.76,2023,Large,12,26036,17,184849,No,No,No,Advance,6.0,5.0,3.71,5.23,90.5,Sea,105.92,5.0
SUP0452,Germany Copper Exports 499,Germany,740311,Copper Cathodes,Industrial,7152360.0,19649.34,1.83,Japan,7.03,0,0.9,1.7,715.24,0.89,2.79,2023,Large,4,39301,45,142394,No,No,No,Advance,8.0,10.0,3.67,6.75,92.22,Land,233.19,7.0
SUP0453,Brazil Rice Exports 122,Brazil,100630,Rice,Grains,1236972.0,16492.96,5.76,France,5.66,0,5.0,6.82,123.7,0.91,4.43,2023,SME,21,11350,23,164909,Yes,No,No,TT,5.0,8.0,4.05,0.95,87.69,Sea,27.09,5.0
SUP0454,India Cardamom Exports 329,India,90832,Cardamom,Spices,6183586.0,41780.99,13.13,UK,3.05,1,83.0,3.23,618.36,0.96,7.21,2023,Large,28,4003,21,62743,Yes,Yes,No,LC,7.0,8.0,3.19,6.49,93.59,Air,384.09,10.0
SUP0455,Ethiopia Car Exports 31,Ethiopia,401110,Car Tyres,Automobile,5770711.0,15554.48,13.24,China,6.87,1,56.0,7.67,577.07,0.95,10.13,2023,Large,13,27659,57,123060,No,No,No,LC,5.0,5.0,4.58,1.25,83.74,Air,478.85,6.0
SUP0456,Indonesia Power Exports 874,Indonesia,850440,Power Supply Units,Electronics,5477544.0,14844.29,-1.58,Japan,8.27,0,15500.0,4.06,547.75,0.75,4.1,2023,SME,24,34752,36,79398,Yes,No,No,Advance,6.0,5.0,3.65,3.88,90.59,Land,50.62,10.0
SUP0457,Thailand Medicaments Exports 395,Thailand,300490,Medicaments,Pharma,7365763.0,49434.65,-0.9,Brazil,8.68,1,35.0,4.44,736.58,0.76,9.38,2023,SME,28,11575,42,82776,No,No,Yes,TT,6.0,4.0,5.0,1.91,86.49,Sea,172.78,6.0
SUP0458,USA Footwear Exports 842,USA,640399,Footwear,Consumer Goods,752927.0,1542.88,8.59,Brazil,10.42,0,1.0,1.21,75.29,0.95,3.61,2023,Large,8,7549,35,22338,Yes,No,No,Advance,4.0,8.0,3.54,0.48,88.58,Air,140.07,8.0
SUP0459,Argentina Portable Exports 997,Argentina,847130,Portable Computers,Electronics,6002160.0,25009.0,0.42,India,7.1,0,850.0,9.2,600.22,0.86,5.81,2023,SME,4,19535,23,112672,Yes,No,No,TT,10.0,8.0,4.5,5.71,92.81,Air,289.05,9.0
SUP0460,Argentina Copper Exports 4,Argentina,740311,Copper Cathodes,Industrial,6508515.0,19843.03,3.77,France,4.27,1,850.0,9.48,650.85,0.89,10.07,2023,Large,9,26143,43,41857,Yes,No,No,TT,6.0,9.0,4.29,7.67,95.2,Air,461.6,4.0
SUP0461,Vietnam Coffee Exports 568,Vietnam,90111,Coffee,Agriculture,3151254.0,43167.86,-1.79,USA,7.63,1,24000.0,4.96,315.13,0.77,9.27,2023,SME,24,10722,19,167488,No,Yes,No,LC,4.0,8.0,3.77,2.54,98.48,Air,340.52,10.0
SUP0462,USA Portable Exports 105,USA,847130,Portable Computers,Electronics,6518489.0,21584.4,1.54,India,4.65,0,1.0,1.92,651.85,0.88,2.16,2023,Large,28,6390,38,96586,Yes,No,No,TT,9.0,4.0,3.92,5.88,95.03,Land,26.9,6.0
SUP0463,Thailand Soybeans Exports 103,Thailand,120190,Soybeans,Agriculture,2025551.0,9002.45,6.53,UAE,3.89,0,35.0,4.71,202.56,0.94,3.05,2023,SME,40,7778,23,31652,Yes,Yes,No,LC,7.0,4.0,4.42,4.49,85.53,Land,229.24,9.0
SUP0464,China Ethyl Exports 437,China,220710,Ethyl Alcohol,Chemical,1926918.0,148224.46,11.65,India,9.78,1,7.0,3.87,192.69,0.96,9.48,2023,SME,10,11586,28,39721,No,No,No,Advance,7.0,6.0,3.8,7.4,90.23,Sea,336.18,10.0
SUP0465,Argentina Copper Exports 830,Argentina,740311,Copper Cathodes,Industrial,3034313.0,9194.89,4.39,Germany,3.62,1,850.0,8.58,303.43,0.89,9.52,2023,SME,6,10890,54,119830,Yes,No,No,TT,4.0,7.0,4.37,6.58,80.23,Air,117.71,10.0
SUP0466,China Raw Exports 675,China,170114,Raw Sugar,Agriculture,6979210.0,50210.14,13.25,Brazil,9.37,0,7.0,3.06,697.92,0.97,4.04,2023,Large,32,17470,25,181023,No,No,No,LC,6.0,6.0,3.48,7.61,81.28,Sea,149.67,9.0
SUP0467,Germany Motor Exports 183,Germany,870323,Motor Cars,Automobile,6215818.0,18335.75,4.96,Brazil,9.6,0,0.9,1.84,621.58,0.89,3.62,2023,Large,36,6153,56,160208,Yes,No,No,TT,6.0,10.0,4.5,7.16,98.14,Sea,216.21,9.0
SUP0468,Indonesia Steel Exports 352,Indonesia,721420,Steel Bars,Industrial,1633101.0,13723.54,0.5,France,6.38,0,15500.0,4.27,163.31,0.88,3.62,2023,SME,23,42599,26,58200,Yes,No,No,Advance,5.0,4.0,3.94,0.22,89.8,Sea,8.92,6.0
SUP0469,Brazil Coffee Exports 426,Brazil,90111,Coffee,Agriculture,9878361.0,22604.95,12.17,UAE,8.71,0,5.0,6.17,987.84,0.97,5.08,2023,Enterprise,23,1052,25,56082,Yes,Yes,No,TT,9.0,9.0,3.44,7.82,87.34,Air,480.57,5.0
SUP0470,Brazil Power Exports 614,Brazil,850440,Power Supply Units,Electronics,9877949.0,51181.08,13.88,China,11.63,0,5.0,6.15,987.79,0.98,5.95,2023,SME,35,34619,45,65518,No,No,No,TT,6.0,4.0,3.85,2.99,94.85,Sea,62.01,10.0
SUP0471,Thailand Car Exports 380,Thailand,401110,Car Tyres,Automobile,8240099.0,54570.19,4.51,India,7.29,0,35.0,4.99,824.01,0.9,4.18,2023,SME,39,47447,51,86775,Yes,No,No,LC,5.0,8.0,3.66,5.4,81.25,Sea,370.48,9.0
SUP0472,Brazil Plastic Exports 363,Brazil,392690,Plastic Products,Industrial,7700607.0,43020.15,3.04,UK,4.82,0,5.0,7.12,770.06,0.85,4.29,2023,SME,37,30243,25,134322,No,No,No,Advance,5.0,7.0,5.0,3.74,81.8,Sea,209.17,5.0
SUP0473,Ethiopia Rice Exports 291,Ethiopia,100630,Rice,Grains,4487842.0,9121.63,2.31,Brazil,8.66,0,56.0,6.51,448.78,0.86,5.2,2023,SME,37,7798,22,124866,Yes,Yes,No,LC,8.0,6.0,4.69,0.21,95.71,Land,386.98,10.0
SUP0474,China Plastic Exports 971,China,392690,Plastic Products,Industrial,2732256.0,5621.93,6.47,Mexico,5.74,0,7.0,3.31,273.23,0.93,3.05,2023,SME,24,36031,32,21144,Yes,No,No,LC,4.0,5.0,4.45,3.43,80.65,Air,402.16,9.0
SUP0475,India Turmeric Exports 516,India,91030,Turmeric,Spices,9615764.0,67243.1,14.54,Mexico,7.31,0,83.0,4.84,961.58,0.95,4.13,2023,Large,9,7575,27,36971,Yes,No,No,LC,9.0,4.0,3.35,0.34,88.9,Land,394.6,5.0
SUP0476,Germany Portable Exports 841,Germany,847130,Portable Computers,Electronics,5882702.0,42628.28,11.65,Germany,4.3,0,0.9,1.97,588.27,0.96,2.08,2023,Large,17,19828,21,149550,No,No,No,Advance,5.0,9.0,4.4,1.22,80.11,Land,200.47,9.0
SUP0477,USA Petroleum Exports 175,USA,271019,Petroleum Oils,Energy,2908905.0,29382.88,3.28,China,3.55,1,1.0,1.53,290.89,0.86,6.68,2023,SME,21,16195,28,21291,Yes,No,No,Advance,10.0,5.0,4.89,5.81,86.57,Land,200.37,6.0
SUP0478,Germany Petroleum Exports 101,Germany,271019,Petroleum Oils,Energy,9526658.0,43302.99,0.38,Germany,10.13,0,0.9,1.68,952.67,0.86,3.71,2023,SME,3,18088,37,131064,Yes,No,No,LC,9.0,10.0,5.0,7.67,83.51,Sea,414.86,9.0
SUP0479,Germany T-Shirts Exports 449,Germany,610910,T-Shirts,Textiles,8611332.0,36030.68,4.04,USA,11.72,0,0.9,1.4,861.13,0.87,4.08,2023,SME,25,17572,31,101905,Yes,No,No,Advance,5.0,8.0,4.03,0.3,93.25,Land,251.3,6.0
SUP0480,Vietnam Soybean Exports 625,Vietnam,230400,Soybean Meal,Agriculture,4944784.0,329652.27,12.35,Mexico,7.02,0,24000.0,5.95,494.48,0.95,4.49,2023,SME,19,5257,12,150944,Yes,No,Yes,LC,4.0,4.0,3.91,7.07,95.13,Land,410.07,7.0
SUP0481,USA Ethyl Exports 575,USA,220710,Ethyl Alcohol,Chemical,7294561.0,40301.44,3.19,Germany,4.74,0,1.0,1.06,729.46,0.88,1.85,2023,SME,34,836,44,56569,No,No,No,TT,9.0,5.0,3.83,7.04,98.96,Land,331.79,6.0
SUP0482,USA Soybeans Exports 136,USA,120190,Soybeans,Agriculture,6601761.0,17373.06,6.36,USA,5.06,0,1.0,1.29,660.18,0.93,2.03,2023,SME,12,13643,26,126500,No,Yes,No,TT,8.0,4.0,4.38,2.9,88.22,Air,472.01,5.0
SUP0483,China Cotton Exports 833,China,520100,Cotton,Industrial,8049882.0,30376.91,13.23,China,6.85,1,7.0,3.96,804.99,0.95,8.64,2023,SME,20,37336,43,40813,No,No,No,Advance,4.0,6.0,2.92,4.92,89.09,Land,205.83,7.0
SUP0484,Argentina Petroleum Exports 270,Argentina,271019,Petroleum Oils,Energy,7957561.0,19696.93,5.96,Germany,11.73,0,850.0,9.39,795.76,0.91,7.28,2023,Large,9,5400,39,27203,Yes,No,No,TT,8.0,7.0,4.88,0.11,89.06,Land,67.56,7.0
SUP0485,USA Soybean Exports 748,USA,230400,Soybean Meal,Agriculture,9597599.0,26439.67,13.32,USA,7.35,0,1.0,1.38,959.76,0.96,2.76,2023,SME,17,13339,10,127456,Yes,No,No,Advance,6.0,6.0,4.28,2.09,94.23,Air,445.7,6.0
SUP0486,Indonesia Portable Exports 605,Indonesia,847130,Portable Computers,Electronics,2107467.0,9623.14,1.74,China,5.89,0,15500.0,4.42,210.75,0.88,3.54,2023,SME,23,5510,47,21923,Yes,No,No,TT,10.0,5.0,4.47,5.13,85.63,Land,241.23,6.0
SUP0487,Brazil Steel Exports 36,Brazil,721420,Steel Bars,Industrial,9596241.0,27417.83,10.47,UAE,10.02,0,5.0,5.27,959.62,0.97,5.11,2023,Large,9,46244,48,105145,No,No,No,TT,9.0,5.0,3.89,3.61,82.42,Land,118.27,10.0
SUP0488,India Cardamom Exports 182,India,90832,Cardamom,Spices,3798313.0,63305.22,1.6,China,5.36,1,83.0,4.52,379.83,0.86,8.42,2023,Large,3,673,17,71252,No,No,No,LC,9.0,5.0,4.09,6.7,98.6,Air,474.6,4.0
SUP0489,Vietnam Black Exports 234,Vietnam,90411,Black Pepper,Spices,1251161.0,3658.37,10.86,UAE,10.38,0,24000.0,4.34,125.12,0.97,4.85,2023,Large,38,12506,19,78144,Yes,Yes,No,TT,7.0,9.0,4.23,1.17,89.42,Land,281.35,5.0
SUP0490,Indonesia Footwear Exports 448,Indonesia,640399,Footwear,Consumer Goods,2565068.0,6256.26,12.78,India,7.23,0,15500.0,5.05,256.51,0.96,4.19,2023,SME,3,990,17,146589,Yes,No,No,Advance,7.0,9.0,4.55,1.76,83.09,Air,190.36,7.0
SUP0491,Argentina Portable Exports 210,Argentina,847130,Portable Computers,Electronics,5812811.0,19440.84,4.31,India,6.89,1,850.0,8.63,581.28,0.9,10.52,2023,Large,9,24426,43,93173,No,No,No,TT,7.0,4.0,4.05,3.85,87.35,Sea,120.03,5.0
SUP0492,India Aluminium Exports 465,India,760110,Aluminium,Industrial,6844991.0,45939.54,1.84,China,4.48,0,83.0,3.96,684.5,0.88,2.93,2023,SME,16,46888,34,46901,Yes,No,No,LC,6.0,9.0,4.77,5.39,80.88,Land,66.31,10.0
SUP0493,USA Rice Exports 175,USA,100630,Rice,Grains,7909487.0,43941.59,4.12,China,7.88,0,1.0,1.88,790.95,0.87,3.12,2023,SME,14,2865,25,108477,Yes,No,No,TT,8.0,9.0,4.45,1.52,80.84,Land,108.3,10.0
SUP0494,Indonesia Wheat Exports 538,Indonesia,100199,Wheat,Grains,4154662.0,54666.61,1.67,Mexico,10.04,1,15500.0,4.62,415.47,0.85,9.86,2023,SME,4,741,18,167406,No,Yes,No,TT,9.0,6.0,4.72,1.81,93.28,Sea,444.31,4.0
SUP0495,Vietnam Footwear Exports 637,Vietnam,640399,Footwear,Consumer Goods,3490780.0,10675.17,-0.94,Brazil,8.44,1,24000.0,4.5,349.08,0.71,9.33,2023,SME,12,13832,32,159272,Yes,No,No,LC,6.0,7.0,3.31,4.09,82.15,Air,469.76,6.0
SUP0496,Argentina Copper Exports 595,Argentina,740311,Copper Cathodes,Industrial,5161361.0,860226.83,0.46,UK,11.21,0,850.0,6.03,516.14,0.87,5.78,2023,SME,3,45242,38,57537,Yes,No,No,Advance,5.0,9.0,5.0,3.31,96.85,Sea,294.52,8.0
SUP0497,Brazil Footwear Exports 378,Brazil,640399,Footwear,Consumer Goods,7586549.0,105368.74,9.89,UK,6.07,0,5.0,5.35,758.65,0.95,3.96,2023,Large,33,28450,17,66319,Yes,No,No,TT,7.0,9.0,3.99,7.25,82.62,Sea,263.29,8.0
SUP0498,India Aluminium Exports 420,India,760110,Aluminium,Industrial,2725937.0,28694.07,11.72,Germany,3.85,0,83.0,4.97,272.59,0.96,3.14,2023,Large,17,37551,23,148022,Yes,No,No,TT,7.0,9.0,4.25,2.35,97.16,Land,279.08,8.0
SUP0499,China Black Exports 722,China,90411,Black Pepper,Spices,2725980.0,15848.72,9.03,Germany,4.52,0,7.0,3.89,272.6,0.91,2.91,2023,SME,31,8008,22,141855,Yes,No,No,TT,4.0,4.0,3.66,0.72,85.06,Air,125.25,8.0
SUP0500,China Soybean Exports 180,China,150710,Soybean Oil,Agriculture,9753120.0,23445.0,2.0,India,4.39,0,7.0,3.41,975.31,0.86,2.68,2023,SME,33,18626,12,172150,Yes,No,Yes,Advance,5.0,4.0,3.99,3.83,85.04,Air,281.92,6.0
SUP0501,Ethiopia Wheat Exports 823,Ethiopia,100199,Wheat,Grains,5371694.0,20347.33,14.11,UAE,6.76,1,56.0,6.12,537.17,0.96,9.48,2023,SME,40,19537,26,116666,Yes,Yes,No,LC,7.0,8.0,4.45,7.2,85.84,Land,497.09,7.0
SUP0502,Thailand T-Shirts Exports 466,Thailand,610910,T-Shirts,Textiles,4843161.0,17937.63,5.39,Germany,4.74,0,35.0,3.66,484.32,0.94,2.89,2023,SME,5,13379,25,102392,No,No,No,Advance,9.0,9.0,4.11,6.79,97.95,Air,386.23,4.0
SUP0503,Brazil Power Exports 836,Brazil,850440,Power Supply Units,Electronics,5741752.0,34798.5,-1.34,UAE,3.67,1,5.0,7.8,574.18,0.84,9.22,2023,SME,28,21773,21,170995,Yes,No,No,TT,7.0,4.0,3.41,4.43,86.57,Sea,298.56,4.0
SUP0504,Vietnam Plastic Exports 844,Vietnam,392690,Plastic Products,Industrial,4399345.0,13015.81,11.73,UAE,7.81,0,24000.0,5.58,439.93,0.97,4.58,2023,SME,13,49446,57,28818,No,No,No,Advance,5.0,9.0,4.9,2.64,95.93,Air,468.12,8.0
SUP0505,USA Soybeans Exports 426,USA,120190,Soybeans,Agriculture,526132.0,3985.85,7.74,Brazil,11.88,0,1.0,1.02,52.61,0.92,3.97,2023,SME,21,2829,21,25792,Yes,Yes,No,TT,6.0,6.0,5.0,4.59,90.55,Sea,296.89,4.0
SUP0506,Germany Raw Exports 620,Germany,170114,Raw Sugar,Agriculture,9941982.0,20003.99,11.41,Mexico,7.88,0,0.9,1.03,994.2,0.96,2.78,2023,SME,30,10588,29,116008,Yes,No,No,Advance,5.0,6.0,4.43,6.88,91.85,Air,375.08,7.0
SUP0507,Argentina Footwear Exports 435,Argentina,640399,Footwear,Consumer Goods,5986255.0,285059.76,7.27,Germany,8.19,1,850.0,7.64,598.63,0.93,10.51,2023,Large,14,7777,35,30620,Yes,No,No,Advance,5.0,7.0,4.52,5.31,91.8,Land,380.63,6.0
SUP0508,USA Petroleum Exports 612,USA,271019,Petroleum Oils,Energy,4534391.0,9647.64,0.81,Mexico,9.56,0,1.0,1.79,453.44,0.87,3.58,2023,SME,12,2622,25,95923,Yes,No,No,Advance,9.0,7.0,4.24,6.45,84.45,Sea,299.87,5.0
SUP0509,India Soybean Exports 75,India,150710,Soybean Oil,Agriculture,3975310.0,12345.68,9.16,UK,11.01,1,83.0,3.44,397.53,0.92,9.68,2023,Enterprise,6,3176,25,186289,Yes,Yes,No,TT,4.0,6.0,4.65,6.86,96.51,Sea,155.66,8.0
SUP0510,Thailand Portable Exports 286,Thailand,847130,Portable Computers,Electronics,2581158.0,10578.52,9.93,UAE,4.25,1,35.0,4.3,258.12,0.92,8.0,2023,Large,11,31232,38,64569,Yes,No,No,TT,4.0,9.0,3.76,6.76,84.79,Land,6.14,9.0
SUP0511,China Power Exports 827,China,850440,Power Supply Units,Electronics,6388795.0,18306.0,5.57,Mexico,10.58,0,7.0,3.98,638.88,0.94,4.77,2023,Large,33,39180,53,101561,Yes,No,No,Advance,10.0,9.0,4.47,5.36,98.42,Sea,246.14,7.0
SUP0512,USA Footwear Exports 411,USA,640399,Footwear,Consumer Goods,7464810.0,16737.24,2.1,UAE,8.26,1,1.0,1.12,746.48,0.86,7.93,2023,Enterprise,39,20638,32,63514,No,No,No,LC,5.0,9.0,4.32,2.44,90.5,Air,451.74,5.0
SUP0513,Ethiopia Power Exports 756,Ethiopia,850440,Power Supply Units,Electronics,4659985.0,10241.73,10.53,UK,4.62,0,56.0,5.64,466.0,0.96,3.64,2023,Large,38,13638,55,141674,No,No,No,LC,10.0,8.0,3.87,1.92,91.1,Land,464.05,10.0
SUP0514,Vietnam Coffee Exports 920,Vietnam,90111,Coffee,Agriculture,869701.0,2235.74,6.1,India,11.84,0,24000.0,5.93,86.97,0.93,5.92,2023,SME,24,14519,14,41584,Yes,No,Yes,TT,9.0,8.0,4.64,2.76,97.91,Land,329.43,5.0
SUP0515,Germany Car Exports 239,Germany,401110,Car Tyres,Automobile,8003878.0,24035.67,13.13,Mexico,10.14,0,0.9,1.12,800.39,0.96,3.49,2023,Large,17,13420,24,82138,No,No,No,LC,9.0,10.0,4.14,3.67,84.88,Sea,219.79,5.0
SUP0516,USA Power Exports 136,USA,850440,Power Supply Units,Electronics,8446917.0,72195.87,2.94,Japan,11.88,0,1.0,1.8,844.69,0.9,4.28,2023,Large,23,47266,26,42668,No,No,No,TT,4.0,8.0,3.93,5.65,80.38,Air,424.99,4.0
SUP0517,Argentina Portable Exports 235,Argentina,847130,Portable Computers,Electronics,9938810.0,29146.07,6.02,China,8.25,1,850.0,8.32,993.88,0.92,10.8,2023,SME,22,19176,42,35966,Yes,No,No,LC,4.0,5.0,4.42,1.41,87.76,Land,151.5,10.0
SUP0518,Argentina Portable Exports 737,Argentina,847130,Portable Computers,Electronics,701863.0,4253.72,1.18,UK,8.42,1,850.0,6.62,70.19,0.87,10.17,2023,Large,16,24752,52,152477,No,No,No,TT,4.0,4.0,4.02,2.38,81.38,Air,57.69,5.0
SUP0519,China Cotton Exports 784,China,520100,Cotton,Industrial,8282753.0,22205.77,6.2,China,11.22,0,7.0,2.82,828.28,0.94,4.49,2023,Large,40,17858,48,54892,No,No,No,LC,8.0,9.0,3.97,3.41,86.04,Sea,352.87,4.0
SUP0520,Argentina Motor Exports 801,Argentina,870323,Motor Cars,Automobile,6779662.0,14802.76,9.21,Germany,6.64,0,850.0,7.66,677.97,0.93,5.06,2023,Enterprise,5,6435,51,187686,Yes,No,No,TT,10.0,8.0,4.1,3.32,88.59,Land,122.62,7.0
SUP0521,Thailand Wheat Exports 624,Thailand,100199,Wheat,Grains,1065944.0,4163.84,7.89,Japan,3.16,0,35.0,4.76,106.59,0.9,2.85,2023,SME,34,1747,27,163088,Yes,No,No,Advance,9.0,6.0,4.19,1.64,83.24,Land,410.89,7.0
SUP0522,Argentina Aluminium Exports 325,Argentina,760110,Aluminium,Industrial,2653921.0,5483.31,5.56,India,9.86,0,850.0,6.58,265.39,0.95,5.59,2023,Enterprise,37,29105,51,80656,Yes,No,No,Advance,10.0,7.0,4.7,3.82,85.87,Land,310.83,5.0
SUP0523,Thailand T-Shirts Exports 192,Thailand,610910,T-Shirts,Textiles,5022605.0,135746.08,5.35,UK,10.32,1,35.0,4.14,502.26,0.95,9.75,2023,SME,37,19066,34,58825,Yes,No,No,TT,6.0,4.0,3.6,1.32,94.81,Sea,358.85,7.0
SUP0524,Germany Copper Exports 743,Germany,740311,Copper Cathodes,Industrial,6942331.0,29169.46,13.55,India,4.71,1,0.9,1.69,694.23,0.97,7.09,2023,Large,10,43561,36,165825,No,No,No,Advance,5.0,10.0,4.28,6.61,87.96,Sea,462.38,9.0
SUP0525,Indonesia Petroleum Exports 295,Indonesia,271019,Petroleum Oils,Energy,4345486.0,21094.59,8.83,China,10.45,0,15500.0,5.85,434.55,0.92,5.47,2023,Large,30,19853,35,24807,Yes,No,No,Advance,4.0,6.0,4.47,7.58,88.64,Sea,120.25,5.0
SUP0526,Argentina Medicaments Exports 404,Argentina,300490,Medicaments,Pharma,4540712.0,11156.54,9.29,France,9.94,0,850.0,6.29,454.07,0.94,5.5,2023,Enterprise,32,16937,31,82959,Yes,No,No,Advance,10.0,7.0,4.17,4.03,85.84,Sea,63.45,5.0
SUP0527,India Motor Exports 278,India,870323,Motor Cars,Automobile,9282183.0,31572.05,11.86,India,5.76,1,83.0,3.62,928.22,0.98,8.18,2023,SME,21,30606,38,112876,Yes,No,No,LC,6.0,8.0,4.19,1.13,80.08,Sea,311.4,4.0
SUP0528,Argentina Copper Exports 544,Argentina,740311,Copper Cathodes,Industrial,5079386.0,20817.16,9.01,USA,5.35,0,850.0,8.46,507.94,0.94,4.99,2023,Large,35,49523,24,196930,Yes,No,No,TT,4.0,7.0,4.9,2.21,84.72,Sea,392.71,10.0
SUP0529,Indonesia Raw Exports 473,Indonesia,170114,Raw Sugar,Agriculture,7142762.0,33851.95,2.87,USA,3.31,0,15500.0,5.87,714.28,0.86,3.34,2023,SME,17,12173,19,109445,No,No,Yes,LC,6.0,8.0,3.57,4.55,92.81,Air,136.63,4.0
SUP0530,Vietnam Motor Exports 545,Vietnam,870323,Motor Cars,Automobile,3875597.0,42588.98,-0.31,Japan,3.19,0,24000.0,5.95,387.56,0.74,3.34,2023,SME,39,23855,60,127186,Yes,No,No,TT,10.0,4.0,3.98,0.88,81.27,Air,435.04,5.0
SUP0531,Argentina Coffee Exports 385,Argentina,90111,Coffee,Agriculture,1004187.0,2706.7,-0.33,UAE,10.82,0,850.0,6.74,100.42,0.85,5.94,2023,SME,4,14187,27,21958,No,No,No,LC,4.0,8.0,4.43,6.8,83.44,Sea,439.94,8.0
SUP0532,Ethiopia Plastic Exports 230,Ethiopia,392690,Plastic Products,Industrial,3092945.0,18975.12,4.12,India,4.03,0,56.0,7.43,309.29,0.89,4.18,2023,Large,5,35399,28,124681,Yes,No,No,TT,6.0,6.0,4.5,4.95,97.14,Sea,50.64,4.0
SUP0533,China T-Shirts Exports 474,China,610910,T-Shirts,Textiles,7421854.0,26697.32,2.97,Brazil,5.83,1,7.0,2.48,742.19,0.88,7.74,2023,SME,20,22796,40,73872,Yes,No,No,TT,6.0,8.0,4.87,3.82,85.68,Air,41.43,10.0
SUP0534,USA Steel Exports 789,USA,721420,Steel Bars,Industrial,6029565.0,14494.15,4.83,Germany,6.18,0,1.0,1.74,602.96,0.86,2.55,2023,Large,21,22780,32,155665,No,No,No,LC,8.0,7.0,4.15,5.71,82.89,Sea,246.24,4.0
SUP0535,Vietnam Petroleum Exports 789,Vietnam,271019,Petroleum Oils,Energy,6153167.0,14343.05,13.27,France,11.37,0,24000.0,4.9,615.32,0.96,5.37,2023,Large,3,26959,19,51848,No,No,No,TT,6.0,4.0,5.0,7.8,82.15,Land,485.39,8.0
SUP0536,Ethiopia Portable Exports 735,Ethiopia,847130,Portable Computers,Electronics,1658412.0,4398.97,14.13,USA,6.39,1,56.0,6.75,165.84,0.96,9.62,2023,Enterprise,15,29929,45,30295,No,No,No,Advance,5.0,7.0,3.39,7.72,96.65,Sea,385.25,5.0
SUP0537,India Power Exports 515,India,850440,Power Supply Units,Electronics,4599097.0,47907.26,12.03,Brazil,6.73,0,83.0,3.13,459.91,0.96,3.27,2023,Enterprise,7,40556,43,188068,No,No,No,LC,6.0,7.0,3.97,6.58,94.6,Land,106.39,7.0
SUP0538,Ethiopia Turmeric Exports 886,Ethiopia,91030,Turmeric,Spices,4088843.0,22343.4,5.62,China,5.33,0,56.0,6.77,408.88,0.91,4.31,2023,SME,22,7664,17,76620,No,Yes,No,TT,5.0,8.0,4.65,5.28,84.28,Land,491.47,6.0
SUP0539,Vietnam T-Shirts Exports 578,Vietnam,610910,T-Shirts,Textiles,8810897.0,42157.4,0.11,Brazil,4.31,0,24000.0,5.26,881.09,0.9,3.4,2023,Enterprise,6,29696,19,26410,Yes,No,No,TT,4.0,6.0,3.56,3.56,82.09,Air,476.76,6.0
SUP0540,Indonesia Black Exports 401,Indonesia,90411,Black Pepper,Spices,8427251.0,19689.84,11.96,Germany,11.76,0,15500.0,5.5,842.73,0.96,5.73,2023,Enterprise,6,17156,14,60022,Yes,No,No,Advance,4.0,9.0,3.77,2.79,80.86,Sea,208.33,6.0
SUP0541,Brazil Copper Exports 404,Brazil,740311,Copper Cathodes,Industrial,3872646.0,33099.54,0.17,Brazil,9.09,0,5.0,6.46,387.26,0.89,5.31,2023,Large,17,44848,21,97137,No,No,No,Advance,9.0,6.0,3.52,2.18,82.89,Land,120.99,9.0
SUP0542,India Wheat Exports 714,India,100199,Wheat,Grains,5652154.0,20628.3,3.91,Germany,5.33,0,83.0,3.39,565.22,0.85,2.96,2023,SME,19,5257,21,59635,Yes,No,No,TT,9.0,9.0,4.33,5.04,87.22,Air,487.07,4.0
SUP0543,Germany Aluminium Exports 718,Germany,760110,Aluminium,Industrial,5942977.0,15598.36,3.57,UAE,9.35,0,0.9,1.13,594.3,0.9,3.26,2023,Enterprise,25,30660,25,182219,Yes,No,No,LC,10.0,8.0,3.5,7.42,91.79,Sea,24.11,9.0
SUP0544,Ethiopia Cardamom Exports 374,Ethiopia,90832,Cardamom,Spices,1918601.0,9313.6,0.03,UAE,10.81,0,56.0,7.38,191.86,0.9,6.2,2023,Large,5,15813,26,133736,Yes,Yes,No,LC,5.0,8.0,4.22,4.65,81.67,Land,24.24,9.0
SUP0545,Thailand Soybean Exports 719,Thailand,230400,Soybean Meal,Agriculture,6543609.0,22181.73,8.28,Mexico,3.33,0,35.0,4.47,654.36,0.92,2.79,2023,Large,30,7272,22,193488,Yes,No,No,TT,8.0,6.0,4.66,3.14,82.11,Sea,167.05,10.0
SUP0546,Vietnam Ethyl Exports 729,Vietnam,220710,Ethyl Alcohol,Chemical,3119777.0,13505.53,-0.93,China,7.42,0,24000.0,5.66,311.98,0.74,4.49,2023,Large,6,18516,35,52619,Yes,No,No,Advance,7.0,6.0,3.44,3.01,98.64,Air,59.36,7.0
SUP0547,China Cotton Exports 775,China,520100,Cotton,Industrial,6764946.0,45709.09,1.62,UAE,8.85,0,7.0,3.11,676.49,0.9,3.9,2023,Large,35,11725,35,91068,Yes,No,No,LC,9.0,4.0,4.61,4.41,93.67,Land,91.62,5.0
SUP0548,India Copper Exports 863,India,740311,Copper Cathodes,Industrial,8265790.0,88879.46,7.45,India,7.0,0,83.0,3.36,826.58,0.93,3.44,2023,SME,14,43124,35,150162,Yes,No,No,TT,5.0,8.0,4.3,7.54,81.59,Air,27.05,6.0
SUP0549,Brazil Black Exports 492,Brazil,90411,Black Pepper,Spices,8235377.0,122916.07,12.86,China,10.53,0,5.0,5.37,823.54,0.97,5.31,2023,SME,30,1423,21,143035,Yes,Yes,No,LC,9.0,7.0,4.6,4.6,81.57,Land,124.81,8.0
SUP0550,China Cotton Exports 702,China,520100,Cotton,Industrial,6030365.0,14155.79,3.3,India,7.32,0,7.0,3.97,603.04,0.86,3.78,2023,SME,14,7099,37,88968,Yes,No,No,TT,4.0,5.0,4.21,3.35,86.31,Land,66.92,5.0
SUP0551,Vietnam Cinnamon Exports 774,Vietnam,90611,Cinnamon,Spices,4107828.0,8469.75,6.6,UAE,9.85,1,24000.0,4.11,410.78,0.93,9.6,2023,SME,22,10223,19,118887,Yes,No,No,Advance,5.0,5.0,3.32,0.9,92.3,Land,168.72,6.0
SUP0552,Indonesia Aluminium Exports 17,Indonesia,760110,Aluminium,Industrial,7503438.0,227376.91,8.28,France,5.2,0,15500.0,5.99,750.34,0.9,3.96,2023,Large,29,10745,44,131636,Yes,No,No,LC,10.0,4.0,3.62,5.25,93.55,Air,24.46,6.0
SUP0553,Brazil Motor Exports 430,Brazil,870323,Motor Cars,Automobile,6653785.0,120977.91,1.97,Mexico,10.9,0,5.0,7.13,665.38,0.86,6.12,2023,Enterprise,12,4061,30,129018,Yes,No,No,LC,7.0,6.0,4.68,4.69,91.96,Air,468.09,8.0
SUP0554,Indonesia Petroleum Exports 85,Indonesia,271019,Petroleum Oils,Energy,5643820.0,55331.57,-0.47,India,10.43,0,15500.0,5.74,564.38,0.76,5.43,2023,SME,38,3817,28,30843,Yes,No,No,TT,6.0,4.0,4.76,0.83,96.06,Sea,312.0,4.0
SUP0555,Argentina Footwear Exports 23,Argentina,640399,Footwear,Consumer Goods,6252513.0,45638.78,3.62,Japan,9.24,1,850.0,7.05,625.25,0.86,10.59,2023,SME,10,23017,34,141809,Yes,No,No,Advance,4.0,8.0,4.12,0.74,94.91,Sea,126.36,9.0
SUP0556,India Cinnamon Exports 811,India,90611,Cinnamon,Spices,2884664.0,6257.41,6.47,Germany,8.92,0,83.0,3.62,288.47,0.91,4.12,2023,SME,8,4168,28,119797,No,No,No,Advance,7.0,9.0,4.46,0.53,91.73,Air,126.43,7.0
SUP0557,Thailand Ethyl Exports 647,Thailand,220710,Ethyl Alcohol,Chemical,1052179.0,25051.88,0.31,China,6.87,1,35.0,4.2,105.22,0.89,8.74,2023,SME,23,9184,44,47012,Yes,No,No,LC,10.0,7.0,4.74,3.28,92.43,Land,245.08,7.0
SUP0558,Brazil Wheat Exports 928,Brazil,100199,Wheat,Grains,2200183.0,7885.96,10.6,USA,4.35,1,5.0,7.45,220.02,0.97,9.29,2023,Large,4,9060,10,136129,No,No,No,TT,8.0,9.0,4.77,5.29,95.69,Land,367.65,9.0
SUP0559,Argentina Power Exports 537,Argentina,850440,Power Supply Units,Electronics,4710170.0,9874.57,5.31,Mexico,10.76,0,850.0,9.59,471.02,0.91,7.06,2023,SME,16,12014,35,126034,Yes,No,No,Advance,9.0,7.0,4.38,4.51,92.9,Land,204.55,7.0
SUP0560,USA Soybeans Exports 695,USA,120190,Soybeans,Agriculture,7924446.0,118275.31,10.76,China,10.11,0,1.0,1.36,792.44,0.96,3.58,2023,Large,4,14205,12,40446,Yes,No,Yes,LC,5.0,9.0,4.32,2.38,96.07,Sea,307.69,10.0
SUP0561,USA Car Exports 359,USA,401110,Car Tyres,Automobile,5866058.0,18274.32,8.85,Brazil,4.26,0,1.0,1.96,586.61,0.94,2.06,2023,SME,22,34632,55,31233,No,No,No,Advance,4.0,7.0,3.98,2.23,97.13,Sea,173.6,8.0
SUP0562,Vietnam Soybean Exports 359,Vietnam,230400,Soybean Meal,Agriculture,1432176.0,8230.9,13.92,Germany,11.98,1,24000.0,5.66,143.22,0.95,10.86,2023,Enterprise,38,11082,30,112902,No,No,No,Advance,8.0,6.0,3.73,7.2,94.28,Land,483.73,9.0
SUP0563,Indonesia Steel Exports 718,Indonesia,721420,Steel Bars,Industrial,587134.0,2864.07,14.35,Mexico,9.65,0,15500.0,4.34,58.71,0.97,4.63,2023,SME,21,26817,46,180633,Yes,No,No,LC,5.0,7.0,3.99,2.66,85.94,Air,104.77,10.0
SUP0564,Indonesia Footwear Exports 88,Indonesia,640399,Footwear,Consumer Goods,2641627.0,24235.11,2.98,USA,11.41,0,15500.0,5.86,264.16,0.87,5.77,2023,SME,4,20473,23,45929,Yes,No,No,TT,10.0,5.0,3.2,0.8,95.07,Land,389.19,5.0
SUP0565,India Steel Exports 551,India,721420,Steel Bars,Industrial,825850.0,16193.14,4.8,India,4.17,0,83.0,3.79,82.58,0.85,2.77,2023,SME,40,4607,48,148121,Yes,No,No,TT,9.0,8.0,3.53,2.54,83.51,Land,42.4,8.0
SUP0566,India Portable Exports 683,India,847130,Portable Computers,Electronics,8975548.0,44433.41,9.37,Germany,3.71,0,83.0,4.55,897.55,0.94,2.93,2023,Enterprise,6,10958,20,190885,No,No,No,Advance,10.0,8.0,3.74,2.1,98.06,Sea,10.01,10.0
SUP0567,Indonesia Power Exports 159,Indonesia,850440,Power Supply Units,Electronics,9456661.0,20738.29,7.31,France,6.11,0,15500.0,5.87,945.67,0.93,4.18,2023,Enterprise,22,37912,42,48570,No,No,No,TT,6.0,6.0,3.79,0.94,98.91,Sea,289.31,6.0
SUP0568,Thailand Copper Exports 790,Thailand,740311,Copper Cathodes,Industrial,3401690.0,77311.14,4.02,China,7.03,0,35.0,3.99,340.17,0.86,3.71,2023,SME,20,7599,40,62979,Yes,No,No,LC,6.0,4.0,4.26,4.56,82.95,Land,309.75,6.0
SUP0569,Brazil T-Shirts Exports 383,Brazil,610910,T-Shirts,Textiles,1603088.0,200386.0,14.22,India,4.39,1,5.0,5.34,160.31,0.97,8.45,2023,Enterprise,31,21404,32,123693,Yes,No,No,Advance,9.0,6.0,3.41,7.59,85.2,Air,423.3,9.0
SUP0570,Vietnam Cardamom Exports 569,Vietnam,90832,Cardamom,Spices,3788152.0,315679.33,4.67,USA,9.51,0,24000.0,5.61,378.82,0.9,5.1,2023,Large,40,18825,30,124600,Yes,No,No,TT,6.0,7.0,4.3,0.76,91.46,Land,25.91,4.0
SUP0571,Germany Soybeans Exports 314,Germany,120190,Soybeans,Agriculture,7711529.0,79500.3,7.87,UAE,6.6,0,0.9,1.73,771.15,0.93,2.67,2023,SME,17,15572,18,41650,No,Yes,No,TT,5.0,10.0,4.33,6.03,81.89,Land,444.76,5.0
SUP0572,Argentina Raw Exports 507,Argentina,170114,Raw Sugar,Agriculture,1882577.0,20242.76,11.3,India,7.14,0,850.0,6.73,188.26,0.96,4.83,2023,SME,7,5342,24,156693,Yes,No,Yes,LC,4.0,8.0,4.12,4.25,93.27,Land,256.23,7.0
SUP0573,Germany Plastic Exports 428,Germany,392690,Plastic Products,Industrial,9891117.0,21786.6,6.2,Japan,7.35,1,0.9,1.11,989.11,0.94,7.65,2023,Large,12,22255,37,48007,No,No,No,TT,8.0,8.0,3.51,2.95,91.16,Sea,105.69,8.0
SUP0574,India Power Exports 73,India,850440,Power Supply Units,Electronics,7941215.0,40310.74,1.84,Japan,11.24,0,83.0,4.1,794.12,0.87,5.01,2023,Large,12,37830,21,187844,No,No,No,Advance,5.0,9.0,4.06,3.13,91.1,Sea,147.88,4.0
SUP0575,USA Ethyl Exports 339,USA,220710,Ethyl Alcohol,Chemical,4037269.0,14165.86,7.62,Brazil,11.68,1,1.0,1.65,403.73,0.92,9.16,2023,Large,31,26116,40,103202,Yes,No,No,Advance,6.0,5.0,4.53,0.19,98.09,Land,48.05,8.0
SUP0576,Brazil Petroleum Exports 166,Brazil,271019,Petroleum Oils,Energy,683973.0,3953.6,-1.79,USA,6.81,0,5.0,7.33,68.4,0.71,4.97,2023,SME,12,7181,41,199203,No,No,No,LC,4.0,5.0,4.43,6.0,98.59,Sea,423.74,7.0
SUP0577,India Portable Exports 370,India,847130,Portable Computers,Electronics,6129573.0,54244.01,3.17,UK,10.86,1,83.0,3.22,612.96,0.9,9.55,2023,Large,38,34255,31,112011,Yes,No,No,Advance,8.0,7.0,4.21,7.43,93.98,Land,7.47,8.0
SUP0578,Indonesia Plastic Exports 349,Indonesia,392690,Plastic Products,Industrial,7148546.0,34701.68,10.82,India,5.24,0,15500.0,5.89,714.85,0.95,3.93,2023,Enterprise,17,43160,60,184652,Yes,No,No,Advance,6.0,6.0,4.23,2.03,84.71,Land,470.53,4.0
SUP0579,Germany Motor Exports 857,Germany,870323,Motor Cars,Automobile,3381927.0,96626.49,2.04,Brazil,9.58,0,0.9,1.67,338.19,0.89,3.54,2023,Enterprise,31,29530,24,173153,Yes,No,No,LC,9.0,9.0,4.26,5.56,98.06,Air,114.53,4.0
SUP0580,Argentina Petroleum Exports 13,Argentina,271019,Petroleum Oils,Energy,4631243.0,178124.73,10.79,France,5.43,0,850.0,6.41,463.12,0.95,4.19,2023,SME,29,27327,41,28015,No,No,No,TT,4.0,9.0,4.7,6.83,91.15,Sea,235.36,5.0
SUP0581,Thailand T-Shirts Exports 295,Thailand,610910,T-Shirts,Textiles,2829980.0,20808.68,13.93,UAE,7.85,0,35.0,3.47,283.0,0.97,3.74,2023,SME,19,22850,22,79844,No,No,No,LC,8.0,9.0,4.39,6.33,96.88,Air,446.41,8.0
SUP0582,India T-Shirts Exports 740,India,610910,T-Shirts,Textiles,9420664.0,23033.41,11.14,UAE,6.61,0,83.0,3.06,942.07,0.97,3.21,2023,Large,3,26026,27,47240,Yes,No,No,LC,6.0,5.0,4.55,0.86,85.57,Sea,421.96,9.0
SUP0583,Brazil Soybean Exports 142,Brazil,230400,Soybean Meal,Agriculture,1333172.0,3392.3,5.58,UK,4.12,0,5.0,7.55,133.32,0.94,4.26,2023,Enterprise,23,3425,27,94763,No,No,No,LC,4.0,7.0,4.05,6.6,87.96,Land,54.91,7.0
SUP0584,Germany Plastic Exports 567,Germany,392690,Plastic Products,Industrial,2452808.0,5078.28,1.15,UK,10.27,1,0.9,1.77,245.28,0.88,8.79,2023,Large,23,35048,59,133292,Yes,No,No,Advance,10.0,9.0,4.65,7.46,84.5,Air,424.84,7.0
SUP0585,Indonesia Cardamom Exports 829,Indonesia,90832,Cardamom,Spices,9909087.0,27373.17,8.54,Japan,4.35,0,15500.0,5.44,990.91,0.94,3.48,2023,SME,16,4775,29,73223,Yes,No,No,Advance,8.0,6.0,4.08,5.33,83.27,Sea,430.25,6.0
SUP0586,China Cardamom Exports 575,China,90832,Cardamom,Spices,9409561.0,34593.97,9.63,Brazil,7.99,0,7.0,3.51,940.96,0.9,3.8,2023,SME,23,3515,28,124054,Yes,No,No,LC,8.0,9.0,3.71,3.65,92.87,Sea,361.73,7.0
SUP0587,Argentina Petroleum Exports 953,Argentina,271019,Petroleum Oils,Energy,1638043.0,3681.0,6.89,Mexico,5.0,0,850.0,8.48,163.8,0.94,4.89,2023,SME,16,4843,36,188520,Yes,No,No,LC,10.0,9.0,4.67,4.62,94.55,Land,74.24,10.0
SUP0588,Brazil Raw Exports 602,Brazil,170114,Raw Sugar,Agriculture,1530820.0,8797.82,1.67,China,10.2,1,5.0,7.04,153.08,0.87,10.88,2023,SME,4,5315,30,197149,Yes,Yes,No,TT,10.0,5.0,3.86,2.78,84.92,Land,37.07,4.0
SUP0589,China Soybeans Exports 213,China,120190,Soybeans,Agriculture,5477579.0,30096.59,5.76,UAE,4.14,0,7.0,3.67,547.76,0.92,2.71,2023,SME,36,19288,18,196876,No,No,No,LC,7.0,9.0,4.14,0.51,86.0,Air,361.02,7.0
SUP0590,Germany Portable Exports 556,Germany,847130,Portable Computers,Electronics,1206991.0,3244.6,13.06,France,3.68,0,0.9,1.41,120.7,0.96,1.67,2023,SME,32,13863,50,195385,Yes,No,No,TT,6.0,8.0,3.91,1.04,93.79,Air,141.66,5.0
SUP0591,Argentina Portable Exports 868,Argentina,847130,Portable Computers,Electronics,5737628.0,30357.82,-1.97,India,5.95,0,850.0,8.11,573.76,0.74,5.03,2023,Enterprise,39,17712,52,101469,Yes,No,No,Advance,6.0,7.0,3.46,4.56,93.63,Sea,455.93,9.0
SUP0592,Indonesia Black Exports 160,Indonesia,90411,Black Pepper,Spices,7945989.0,59298.43,2.15,China,7.25,0,15500.0,6.0,794.6,0.87,4.58,2023,Large,35,625,25,43113,Yes,Yes,No,LC,10.0,9.0,4.08,3.47,82.87,Land,135.95,10.0
SUP0593,Thailand Soybean Exports 73,Thailand,230400,Soybean Meal,Agriculture,6368287.0,15162.59,1.33,Brazil,3.59,0,35.0,3.78,636.83,0.86,2.59,2023,Large,19,12074,24,191154,Yes,No,Yes,LC,10.0,6.0,3.84,6.81,94.15,Air,121.83,6.0
SUP0594,Brazil Motor Exports 439,Brazil,870323,Motor Cars,Automobile,4725351.0,35002.6,13.19,India,7.95,0,5.0,6.96,472.54,0.98,5.17,2023,SME,35,20677,24,182329,Yes,No,No,Advance,5.0,7.0,4.36,4.95,82.07,Land,238.05,8.0
SUP0595,Germany Turmeric Exports 157,Germany,91030,Turmeric,Spices,5043334.0,20669.4,11.91,Brazil,11.5,0,0.9,1.03,504.33,0.96,3.86,2023,Large,10,17833,24,99339,Yes,Yes,No,Advance,8.0,10.0,3.4,5.04,90.3,Sea,84.29,8.0
SUP0596,Brazil Car Exports 343,Brazil,401110,Car Tyres,Automobile,2132352.0,4517.69,12.2,India,7.84,1,5.0,5.65,213.24,0.96,9.61,2023,SME,23,26219,30,158242,Yes,No,No,TT,9.0,5.0,4.01,3.73,92.2,Sea,9.0,9.0
SUP0597,Brazil Car Exports 283,Brazil,401110,Car Tyres,Automobile,4681009.0,21571.47,11.45,UAE,11.66,0,5.0,5.84,468.1,0.95,5.83,2023,Large,13,2613,60,71215,Yes,No,No,Advance,10.0,6.0,3.5,3.74,93.38,Air,83.2,10.0
SUP0598,Argentina Power Exports 226,Argentina,850440,Power Supply Units,Electronics,740270.0,1832.35,12.17,India,6.7,0,850.0,8.13,74.03,0.98,5.26,2023,Large,27,12495,30,167046,Yes,No,No,LC,5.0,6.0,5.0,7.45,97.33,Land,224.9,9.0
SUP0599,Ethiopia Copper Exports 80,Ethiopia,740311,Copper Cathodes,Industrial,4121295.0,54950.6,4.86,Mexico,9.89,0,56.0,6.4,412.13,0.86,5.53,2023,SME,38,39248,53,179228,Yes,No,No,Advance,7.0,4.0,3.52,2.53,82.31,Land,200.53,10.0
SUP0600,Vietnam Car Exports 229,Vietnam,401110,Car Tyres,Automobile,7906666.0,118009.94,3.99,UAE,10.44,0,24000.0,5.2,790.67,0.9,5.21,2023,Large,9,42540,26,94718,Yes,No,No,LC,7.0,7.0,4.09,4.19,93.46,Land,419.11,10.0
SUP0601,India Motor Exports 330,India,870323,Motor Cars,Automobile,9697302.0,38178.35,7.4,USA,9.34,1,83.0,4.2,969.73,0.92,9.48,2023,SME,38,48038,29,35731,Yes,No,No,TT,8.0,6.0,4.74,4.12,80.79,Air,332.93,6.0
SUP0602,Germany Rice Exports 798,Germany,100630,Rice,Grains,7557774.0,41526.23,11.94,France,7.93,0,0.9,1.24,755.78,0.97,2.88,2023,Large,14,18674,16,197091,Yes,Yes,No,Advance,8.0,10.0,3.18,1.14,97.17,Land,6.92,10.0
SUP0603,Argentina Car Exports 395,Argentina,401110,Car Tyres,Automobile,5283904.0,14926.28,9.48,Germany,8.16,1,850.0,6.3,528.39,0.94,9.97,2023,Large,18,43246,20,73098,Yes,No,No,TT,4.0,8.0,4.51,7.3,88.83,Land,338.63,8.0
SUP0604,Brazil Cotton Exports 716,Brazil,520100,Cotton,Industrial,4093460.0,9219.5,0.36,Germany,7.15,1,5.0,6.28,409.35,0.86,9.66,2023,Enterprise,28,25261,37,104012,Yes,No,No,TT,6.0,7.0,4.68,0.72,98.63,Sea,314.13,7.0
SUP0605,Germany Soybeans Exports 48,Germany,120190,Soybeans,Agriculture,5785711.0,32503.99,7.59,India,5.79,0,0.9,1.75,578.57,0.94,2.44,2023,SME,25,13116,24,182786,No,No,Yes,Advance,8.0,6.0,3.99,0.73,90.77,Land,465.33,6.0
SUP0606,China Raw Exports 967,China,170114,Raw Sugar,Agriculture,3834748.0,10987.82,2.36,USA,9.8,0,7.0,2.48,383.47,0.87,3.93,2023,SME,19,2752,20,123324,Yes,Yes,Yes,Advance,7.0,7.0,4.94,2.56,83.98,Sea,393.87,6.0
SUP0607,Germany T-Shirts Exports 667,Germany,610910,T-Shirts,Textiles,2242973.0,77343.9,4.51,France,7.99,0,0.9,1.52,224.3,0.9,3.0,2023,Large,5,17606,38,193078,Yes,No,No,TT,5.0,9.0,4.08,5.01,84.06,Land,286.9,9.0
SUP0608,Thailand Portable Exports 311,Thailand,847130,Portable Computers,Electronics,5741100.0,26215.07,9.45,USA,8.59,1,35.0,4.01,574.11,0.9,9.18,2023,Large,32,19646,42,37375,No,No,No,Advance,10.0,7.0,4.14,7.76,92.88,Sea,339.27,8.0
SUP0609,Thailand Coffee Exports 835,Thailand,90111,Coffee,Agriculture,3956987.0,24127.97,4.11,UK,11.46,1,35.0,3.34,395.7,0.86,9.77,2023,Large,18,2660,23,171374,Yes,No,Yes,TT,4.0,9.0,4.46,0.17,95.73,Land,270.49,5.0
SUP0610,Thailand Medicaments Exports 350,Thailand,300490,Medicaments,Pharma,555213.0,2256.96,8.61,USA,11.55,0,35.0,4.14,55.52,0.94,5.12,2023,SME,37,6739,45,35086,No,No,Yes,Advance,8.0,8.0,4.47,1.95,96.97,Air,183.64,10.0
SUP0611,USA Cotton Exports 225,USA,520100,Cotton,Industrial,8900037.0,370834.88,14.94,India,8.75,0,1.0,1.02,890.0,0.96,3.03,2023,Large,13,49705,25,100789,Yes,No,No,LC,6.0,5.0,3.81,5.98,85.65,Sea,39.12,4.0
SUP0612,USA Power Exports 757,USA,850440,Power Supply Units,Electronics,9624137.0,165933.4,-1.0,USA,11.96,0,1.0,1.87,962.41,0.83,4.34,2023,Large,10,31579,45,135448,Yes,No,No,Advance,8.0,8.0,2.73,4.85,84.97,Air,452.19,4.0
SUP0613,Argentina Portable Exports 644,Argentina,847130,Portable Computers,Electronics,4036955.0,18952.84,1.26,Japan,5.47,0,850.0,6.25,403.7,0.89,4.14,2023,Large,10,35356,25,196709,Yes,No,No,LC,9.0,5.0,4.3,2.48,91.66,Air,236.31,4.0
SUP0614,USA Soybeans Exports 520,USA,120190,Soybeans,Agriculture,4168181.0,10291.8,2.78,Germany,5.82,0,1.0,1.18,416.82,0.87,2.22,2023,SME,6,13575,18,165728,Yes,No,No,TT,9.0,5.0,4.57,0.94,93.45,Sea,87.42,6.0
SUP0615,Vietnam Ethyl Exports 749,Vietnam,220710,Ethyl Alcohol,Chemical,6122462.0,47831.73,-1.31,Brazil,6.54,0,24000.0,5.17,612.25,0.73,4.03,2023,Large,40,16820,37,157026,No,No,No,LC,9.0,5.0,3.56,6.73,85.8,Sea,260.0,8.0
SUP0616,Indonesia T-Shirts Exports 184,Indonesia,610910,T-Shirts,Textiles,7324320.0,197954.59,-0.3,China,5.07,0,15500.0,4.34,732.43,0.7,3.26,2023,SME,7,13739,35,124715,No,No,No,Advance,7.0,4.0,4.77,4.1,93.49,Land,280.76,6.0
SUP0617,Germany Medicaments Exports 265,Germany,300490,Medicaments,Pharma,8755174.0,95164.93,12.81,Japan,7.75,1,0.9,1.73,875.52,0.97,8.02,2023,SME,25,2895,33,42003,Yes,No,No,Advance,6.0,10.0,4.3,3.08,81.53,Air,444.16,7.0
SUP0618,India Copper Exports 701,India,740311,Copper Cathodes,Industrial,8783194.0,127292.67,-1.72,UK,5.31,0,83.0,4.61,878.32,0.75,3.44,2023,SME,19,12490,21,21044,Yes,No,No,TT,9.0,9.0,4.57,2.89,90.47,Land,302.43,6.0
SUP0619,Ethiopia Motor Exports 876,Ethiopia,870323,Motor Cars,Automobile,1982128.0,11940.53,14.16,UK,9.72,0,56.0,5.08,198.21,0.96,4.95,2023,SME,8,18330,37,158437,Yes,No,No,LC,4.0,8.0,4.17,6.82,89.22,Sea,190.56,9.0
SUP0620,Ethiopia Ethyl Exports 8,Ethiopia,220710,Ethyl Alcohol,Chemical,8790400.0,29203.99,13.61,Brazil,7.68,1,56.0,6.62,879.04,0.97,9.95,2023,SME,9,3040,44,50455,No,No,No,Advance,8.0,5.0,4.85,4.84,98.97,Land,195.05,6.0
SUP0621,USA Steel Exports 126,USA,721420,Steel Bars,Industrial,7325613.0,29420.13,7.92,Germany,6.25,0,1.0,1.03,732.56,0.92,2.29,2023,Large,11,28351,58,185016,Yes,No,No,Advance,7.0,4.0,4.47,4.98,90.55,Air,47.85,8.0
SUP0622,Vietnam Plastic Exports 930,Vietnam,392690,Plastic Products,Industrial,587965.0,1511.48,11.45,France,3.14,0,24000.0,5.06,58.8,0.97,2.97,2023,SME,32,23076,21,41655,Yes,No,No,Advance,7.0,6.0,3.76,1.89,89.66,Air,160.97,5.0
SUP0623,Argentina Car Exports 989,Argentina,401110,Car Tyres,Automobile,1938754.0,12508.09,2.44,USA,11.9,0,850.0,6.52,193.88,0.86,6.18,2023,SME,27,4583,50,100561,No,No,No,LC,9.0,7.0,3.96,0.66,81.93,Land,481.25,10.0
SUP0624,Brazil Soybeans Exports 444,Brazil,120190,Soybeans,Agriculture,4433744.0,9314.59,1.25,Brazil,10.71,0,5.0,5.12,443.37,0.88,5.26,2023,SME,31,5304,25,130210,Yes,No,No,TT,4.0,9.0,3.6,5.61,82.28,Air,483.22,4.0
SUP0625,China Raw Exports 528,China,170114,Raw Sugar,Agriculture,5863966.0,202205.72,12.16,USA,10.79,0,7.0,3.52,586.4,0.97,4.64,2023,SME,32,5205,23,110209,No,Yes,No,TT,8.0,9.0,3.95,3.5,84.85,Land,176.81,5.0
SUP0626,Argentina Soybeans Exports 833,Argentina,120190,Soybeans,Agriculture,7789751.0,15610.72,6.56,Germany,9.18,0,850.0,7.33,778.98,0.91,5.69,2023,Large,29,17503,18,111771,No,Yes,No,LC,8.0,5.0,5.0,7.84,96.23,Air,28.08,8.0
SUP0627,Indonesia Cotton Exports 747,Indonesia,520100,Cotton,Industrial,3059365.0,6256.37,9.11,UK,3.5,0,15500.0,4.84,305.94,0.93,2.99,2023,Enterprise,9,10903,53,147271,No,No,No,Advance,7.0,6.0,4.74,0.57,95.2,Air,210.61,4.0
SUP0628,China Medicaments Exports 831,China,300490,Medicaments,Pharma,8272103.0,46735.05,0.75,Brazil,9.02,0,7.0,3.59,827.21,0.87,4.14,2023,Large,37,23611,30,73896,No,No,No,Advance,9.0,5.0,4.4,3.43,87.94,Land,22.8,5.0
SUP0629,India Cardamom Exports 503,India,90832,Cardamom,Spices,5555479.0,20964.07,4.74,Brazil,10.16,1,83.0,4.51,555.55,0.88,9.85,2023,SME,22,1684,19,184405,No,Yes,No,TT,8.0,7.0,4.37,2.7,96.03,Sea,6.04,10.0
SUP0630,Brazil Cotton Exports 638,Brazil,520100,Cotton,Industrial,901652.0,2372.77,11.3,China,9.9,0,5.0,6.35,90.17,0.96,5.51,2023,Enterprise,25,11903,46,27066,Yes,No,No,TT,4.0,6.0,4.65,5.75,98.24,Air,11.5,7.0
SUP0631,Indonesia Aluminium Exports 158,Indonesia,760110,Aluminium,Industrial,3896072.0,23756.54,10.86,Mexico,3.57,0,15500.0,5.81,389.61,0.96,3.39,2023,SME,32,16410,41,39302,Yes,No,No,LC,4.0,7.0,4.42,6.39,80.49,Air,118.78,8.0
SUP0632,Vietnam Rice Exports 223,Vietnam,100630,Rice,Grains,834584.0,2274.07,11.67,Japan,4.77,1,24000.0,4.07,83.46,0.97,8.06,2023,SME,3,9586,10,178444,Yes,Yes,No,LC,6.0,9.0,3.82,1.06,91.74,Sea,461.08,8.0
SUP0633,Indonesia Wheat Exports 177,Indonesia,100199,Wheat,Grains,4850790.0,12731.73,5.36,Brazil,6.46,0,15500.0,4.9,485.08,0.93,3.9,2023,SME,3,3214,27,192188,No,Yes,No,Advance,8.0,4.0,4.34,2.31,95.52,Air,241.28,7.0
SUP0634,Argentina T-Shirts Exports 792,Argentina,610910,T-Shirts,Textiles,4463351.0,24796.39,13.6,Germany,8.79,0,850.0,8.77,446.34,0.98,6.14,2023,Large,29,5405,22,82709,No,No,No,Advance,4.0,7.0,4.19,4.98,95.59,Sea,448.5,5.0
SUP0635,Ethiopia Steel Exports 200,Ethiopia,721420,Steel Bars,Industrial,7901373.0,22009.4,12.96,India,3.99,1,56.0,6.09,790.14,0.96,8.63,2023,Enterprise,3,31992,57,180392,No,No,No,LC,10.0,5.0,3.85,2.08,81.9,Air,43.8,4.0
SUP0636,Indonesia Aluminium Exports 458,Indonesia,760110,Aluminium,Industrial,4176332.0,8488.48,10.46,China,7.15,0,15500.0,5.94,417.63,0.97,4.52,2023,SME,21,6893,52,143465,No,No,No,TT,4.0,5.0,3.82,0.02,85.35,Sea,209.73,6.0
SUP0637,India Wheat Exports 155,India,100199,Wheat,Grains,9056676.0,43333.38,4.52,Brazil,11.78,1,83.0,4.28,905.67,0.87,10.25,2023,Large,28,10758,30,39454,Yes,No,No,TT,9.0,6.0,3.2,5.67,80.5,Air,10.89,10.0
SUP0638,Brazil Power Exports 570,Brazil,850440,Power Supply Units,Electronics,9621223.0,20470.69,13.11,China,6.69,0,5.0,6.32,962.12,0.98,4.54,2023,Large,15,42578,28,42322,Yes,No,No,Advance,5.0,8.0,4.48,6.19,81.07,Land,463.48,9.0
SUP0639,India Plastic Exports 151,India,392690,Plastic Products,Industrial,1676526.0,9635.21,-1.34,Brazil,10.9,0,83.0,4.31,167.65,0.84,4.99,2023,Enterprise,26,10633,44,166602,Yes,No,No,Advance,10.0,4.0,4.21,0.02,83.1,Air,282.92,7.0
SUP0640,Brazil Medicaments Exports 143,Brazil,300490,Medicaments,Pharma,7990908.0,153671.31,13.92,Brazil,9.81,1,5.0,5.91,799.09,0.96,10.31,2023,Large,19,5501,20,175634,Yes,No,No,Advance,10.0,7.0,4.55,1.47,85.03,Sea,69.17,5.0
SUP0641,Argentina Black Exports 229,Argentina,90411,Black Pepper,Spices,4047031.0,28300.92,10.96,India,7.15,0,850.0,6.65,404.7,0.97,4.8,2023,SME,9,2156,19,141181,No,Yes,No,Advance,9.0,5.0,3.91,3.69,84.93,Sea,174.49,4.0
SUP0642,Germany Ethyl Exports 3,Germany,220710,Ethyl Alcohol,Chemical,2797559.0,13781.08,2.09,India,8.71,0,0.9,1.18,279.76,0.87,3.08,2023,Enterprise,22,20176,28,68016,Yes,No,No,TT,8.0,9.0,5.0,5.1,82.05,Land,223.51,8.0
SUP0643,Indonesia Turmeric Exports 549,Indonesia,91030,Turmeric,Spices,4946882.0,329792.13,5.37,Germany,9.5,0,15500.0,4.34,494.69,0.92,4.59,2023,Large,3,10603,25,115895,No,Yes,No,TT,9.0,4.0,3.76,2.38,88.47,Land,15.5,8.0
SUP0644,Germany Motor Exports 687,Germany,870323,Motor Cars,Automobile,8509880.0,146722.07,-0.83,UK,3.58,1,0.9,1.53,850.99,0.73,6.69,2023,SME,4,11550,60,184976,Yes,No,No,LC,9.0,10.0,3.55,0.7,95.61,Sea,441.18,7.0
SUP0645,Thailand Rice Exports 772,Thailand,100630,Rice,Grains,4016739.0,25422.4,12.23,USA,3.32,0,35.0,3.44,401.67,0.98,2.37,2023,SME,12,15727,15,65878,Yes,No,No,Advance,5.0,6.0,4.02,1.3,88.74,Land,12.66,6.0
SUP0646,Indonesia Footwear Exports 1,Indonesia,640399,Footwear,Consumer Goods,9664259.0,19328.52,8.79,France,7.83,1,15500.0,4.53,966.43,0.95,9.16,2023,SME,22,24745,20,54250,No,No,No,Advance,10.0,4.0,3.73,2.37,88.77,Sea,318.13,8.0
SUP0647,Brazil Soybean Exports 646,Brazil,150710,Soybean Oil,Agriculture,9477819.0,30280.57,11.77,India,7.71,0,5.0,5.31,947.78,0.97,4.44,2023,SME,9,3247,11,85610,Yes,Yes,Yes,LC,10.0,6.0,3.11,2.09,86.69,Land,305.48,10.0
SUP0648,Argentina Ethyl Exports 938,Argentina,220710,Ethyl Alcohol,Chemical,883521.0,2813.76,-1.8,India,6.1,0,850.0,8.43,88.35,0.79,5.2,2023,SME,40,6118,16,169870,No,No,No,TT,8.0,5.0,4.99,4.49,97.2,Sea,417.84,6.0
SUP0649,Ethiopia Aluminium Exports 208,Ethiopia,760110,Aluminium,Industrial,4633176.0,22711.65,14.58,India,8.9,0,56.0,6.97,463.32,0.98,5.46,2023,Large,39,20120,27,44642,No,No,No,Advance,8.0,4.0,4.4,5.13,97.42,Land,491.7,5.0
SUP0650,China Copper Exports 883,China,740311,Copper Cathodes,Industrial,5150303.0,27395.23,14.78,UAE,8.17,0,7.0,2.21,515.03,0.97,3.33,2023,SME,26,2968,23,129823,Yes,No,No,Advance,5.0,9.0,3.83,7.1,89.63,Land,60.05,7.0
SUP0651,China Rice Exports 739,China,100630,Rice,Grains,6440996.0,29013.5,-1.04,Mexico,10.96,0,7.0,3.48,644.1,0.73,4.68,2023,Enterprise,13,1007,27,109170,No,Yes,No,LC,6.0,6.0,3.93,6.07,95.87,Sea,267.95,10.0
SUP0652,China Black Exports 138,China,90411,Black Pepper,Spices,4317321.0,9284.56,5.13,Germany,6.54,1,7.0,3.92,431.73,0.92,8.53,2023,SME,32,11967,11,155913,Yes,No,No,LC,9.0,9.0,5.0,2.89,83.85,Sea,239.2,5.0
SUP0653,Argentina Coffee Exports 40,Argentina,90111,Coffee,Agriculture,2329567.0,23771.09,-1.85,Mexico,7.4,0,850.0,8.5,232.96,0.71,5.62,2023,SME,26,5725,22,69834,Yes,Yes,Yes,TT,6.0,4.0,4.01,6.64,91.83,Land,482.61,5.0
SUP0654,India Portable Exports 902,India,847130,Portable Computers,Electronics,6412893.0,65437.68,14.96,India,4.32,0,83.0,4.67,641.29,0.98,3.16,2023,SME,18,25611,55,140664,No,No,No,TT,9.0,9.0,3.45,2.03,84.62,Air,430.73,5.0
SUP0655,China Raw Exports 619,China,170114,Raw Sugar,Agriculture,9870420.0,45070.41,2.16,Germany,5.28,1,7.0,2.48,987.04,0.88,7.58,2023,Large,25,17822,16,36798,Yes,No,No,TT,7.0,4.0,3.31,2.12,95.29,Air,309.57,9.0
SUP0656,Thailand Cinnamon Exports 550,Thailand,90611,Cinnamon,Spices,4561816.0,10003.98,2.16,France,10.1,0,35.0,3.25,456.18,0.85,4.33,2023,Large,13,7906,27,197873,Yes,No,No,LC,6.0,7.0,4.07,1.58,89.38,Sea,494.83,4.0
SUP0657,Ethiopia Power Exports 779,Ethiopia,850440,Power Supply Units,Electronics,4335619.0,32845.6,10.51,China,9.75,0,56.0,6.84,433.56,0.97,5.66,2023,SME,19,8306,44,149589,Yes,No,No,LC,4.0,8.0,3.55,3.81,88.38,Land,237.11,4.0
SUP0658,Ethiopia Car Exports 728,Ethiopia,401110,Car Tyres,Automobile,9000844.0,43906.56,10.73,China,4.56,0,56.0,7.77,900.08,0.95,4.48,2023,SME,9,37522,45,28036,Yes,No,No,Advance,7.0,5.0,4.14,2.98,98.42,Sea,243.4,5.0
SUP0659,Brazil Wheat Exports 501,Brazil,100199,Wheat,Grains,8427738.0,18281.43,9.05,Germany,11.75,0,5.0,5.64,842.77,0.94,5.78,2023,Large,39,11327,11,81657,Yes,No,No,Advance,6.0,7.0,4.75,2.24,92.28,Land,45.76,7.0
SUP0660,Ethiopia Soybean Exports 546,Ethiopia,150710,Soybean Oil,Agriculture,2174367.0,9928.62,5.41,USA,11.69,0,56.0,5.65,217.44,0.93,5.77,2023,Large,20,7585,21,51173,Yes,No,No,LC,10.0,9.0,4.01,5.08,81.99,Land,190.17,8.0
SUP0661,Germany Power Exports 679,Germany,850440,Power Supply Units,Electronics,6072585.0,32130.08,2.67,China,4.0,0,0.9,1.55,607.26,0.85,1.82,2023,SME,3,18032,40,21566,Yes,No,No,Advance,10.0,10.0,4.21,3.38,93.72,Air,370.17,4.0
SUP0662,Indonesia Cinnamon Exports 888,Indonesia,90611,Cinnamon,Spices,7101099.0,58686.77,3.37,UK,8.09,0,15500.0,4.26,710.11,0.86,4.13,2023,Large,35,13401,29,54314,Yes,No,No,TT,10.0,5.0,4.03,5.06,90.01,Land,247.97,5.0
SUP0663,India Raw Exports 481,India,170114,Raw Sugar,Agriculture,9681727.0,40851.17,5.68,India,6.49,1,83.0,4.76,968.17,0.9,8.85,2023,Large,39,10826,10,100274,No,Yes,No,TT,8.0,7.0,3.45,5.0,83.96,Sea,208.86,9.0
SUP0664,Thailand Rice Exports 200,Thailand,100630,Rice,Grains,7007119.0,72990.82,8.24,UK,11.98,0,35.0,3.77,700.71,0.9,5.1,2023,SME,12,9270,29,73317,Yes,No,No,LC,8.0,6.0,4.6,4.05,92.34,Air,67.78,8.0
SUP0665,China T-Shirts Exports 75,China,610910,T-Shirts,Textiles,2577621.0,9511.52,8.48,India,6.55,1,7.0,2.06,257.76,0.92,7.79,2023,SME,27,2027,25,179996,Yes,No,No,TT,9.0,6.0,4.22,5.19,82.31,Air,226.61,10.0
SUP0666,Vietnam Soybeans Exports 628,Vietnam,120190,Soybeans,Agriculture,6506575.0,23921.23,2.71,Japan,7.64,0,24000.0,4.74,650.66,0.89,4.19,2023,Large,14,1404,20,151884,Yes,No,No,LC,8.0,4.0,4.3,7.37,93.42,Land,255.64,10.0
SUP0667,Brazil Coffee Exports 216,Brazil,90111,Coffee,Agriculture,618314.0,2405.89,3.15,UK,8.41,1,5.0,6.07,61.83,0.87,9.95,2023,Large,39,6567,19,38142,Yes,Yes,No,TT,7.0,7.0,3.49,3.96,94.9,Land,71.17,9.0
SUP0668,Indonesia Soybean Exports 460,Indonesia,150710,Soybean Oil,Agriculture,5177965.0,19613.5,2.12,China,11.45,0,15500.0,4.76,517.8,0.88,5.34,2023,SME,37,15083,29,96447,Yes,Yes,Yes,LC,10.0,7.0,4.91,2.46,92.71,Sea,62.02,4.0
SUP0669,Vietnam Rice Exports 807,Vietnam,100630,Rice,Grains,8951967.0,88633.34,10.44,Germany,3.57,0,24000.0,5.81,895.2,0.97,3.39,2023,Large,32,5611,24,169270,Yes,Yes,No,TT,10.0,6.0,4.57,6.97,85.05,Sea,443.41,10.0
SUP0670,Ethiopia Soybean Exports 52,Ethiopia,150710,Soybean Oil,Agriculture,4473321.0,14291.76,0.35,France,9.65,0,56.0,5.86,447.33,0.88,5.24,2023,SME,15,13184,13,82560,No,Yes,No,TT,9.0,5.0,3.14,3.14,93.29,Sea,173.38,7.0
SUP0671,China Turmeric Exports 795,China,91030,Turmeric,Spices,4191391.0,77618.35,-0.75,Brazil,9.62,0,7.0,2.05,419.14,0.74,3.71,2023,SME,29,4493,25,158833,Yes,Yes,No,TT,7.0,7.0,3.42,3.65,86.03,Land,253.33,4.0
SUP0672,Germany Soybean Exports 575,Germany,230400,Soybean Meal,Agriculture,7053565.0,176339.12,4.42,India,7.73,1,0.9,1.97,705.36,0.88,8.11,2023,SME,39,17610,26,76253,No,No,Yes,Advance,8.0,7.0,3.18,6.46,82.47,Sea,149.63,5.0
SUP0673,China Soybean Exports 447,China,230400,Soybean Meal,Agriculture,9548770.0,61210.06,5.78,Mexico,11.86,0,7.0,3.61,954.88,0.94,5.0,2023,Large,7,11952,23,133541,Yes,No,Yes,LC,7.0,7.0,4.61,3.32,92.03,Air,405.95,4.0
SUP0674,India Soybean Exports 972,India,150710,Soybean Oil,Agriculture,3719625.0,8121.45,4.54,UK,5.75,1,83.0,4.72,371.96,0.85,8.61,2023,SME,33,5749,16,111769,Yes,Yes,No,TT,9.0,8.0,4.94,0.25,85.57,Sea,162.41,5.0
SUP0675,India Plastic Exports 668,India,392690,Plastic Products,Industrial,6576842.0,156591.48,13.59,India,3.37,1,83.0,3.16,657.68,0.98,7.28,2023,SME,25,39972,45,38462,No,No,No,LC,5.0,8.0,4.15,6.04,82.72,Air,467.53,4.0
SUP0676,Thailand Plastic Exports 373,Thailand,392690,Plastic Products,Industrial,5636216.0,11549.62,0.3,UAE,7.88,1,35.0,3.6,563.62,0.87,8.8,2023,SME,7,34744,42,31639,No,No,No,LC,5.0,8.0,3.72,1.26,80.18,Air,105.8,6.0
SUP0677,Argentina Cinnamon Exports 98,Argentina,90611,Cinnamon,Spices,7132988.0,15993.25,12.23,China,9.24,1,850.0,6.34,713.3,0.97,10.31,2023,Large,5,6602,17,107844,Yes,Yes,No,Advance,5.0,9.0,3.68,3.36,85.43,Land,238.21,5.0
SUP0678,India T-Shirts Exports 510,India,610910,T-Shirts,Textiles,3017212.0,6645.84,8.71,Brazil,10.16,1,83.0,3.2,301.72,0.9,9.33,2023,SME,31,2710,41,75223,Yes,No,No,Advance,9.0,7.0,3.77,4.09,88.31,Land,180.6,6.0
SUP0679,China Cinnamon Exports 585,China,90611,Cinnamon,Spices,4985006.0,27541.47,7.24,UK,8.17,0,7.0,3.3,498.5,0.95,3.77,2023,Enterprise,32,12161,11,25666,Yes,Yes,No,LC,4.0,4.0,3.04,4.47,87.49,Sea,92.25,5.0
SUP0680,Brazil Ethyl Exports 677,Brazil,220710,Ethyl Alcohol,Chemical,3089525.0,10653.53,6.23,Japan,4.14,0,5.0,5.21,308.95,0.91,3.33,2023,Large,4,28432,38,170864,Yes,No,No,Advance,5.0,5.0,3.91,7.3,82.31,Air,205.67,5.0
SUP0681,Brazil Soybeans Exports 281,Brazil,120190,Soybeans,Agriculture,9739303.0,109430.37,13.16,France,10.16,0,5.0,7.29,973.93,0.98,5.96,2023,Enterprise,26,2469,18,107074,Yes,Yes,No,Advance,8.0,6.0,4.32,2.27,95.13,Sea,149.04,8.0
SUP0682,Ethiopia Medicaments Exports 411,Ethiopia,300490,Medicaments,Pharma,4750749.0,12244.2,-1.05,Mexico,11.61,1,56.0,6.3,475.07,0.71,11.0,2023,SME,16,16742,39,107494,No,No,Yes,LC,4.0,6.0,4.68,3.68,98.23,Sea,437.8,9.0
SUP0683,Vietnam Car Exports 307,Vietnam,401110,Car Tyres,Automobile,2827007.0,11730.32,6.32,Mexico,8.31,0,24000.0,5.61,282.7,0.94,4.74,2023,Large,4,29442,32,98985,Yes,No,No,Advance,8.0,7.0,3.82,7.44,96.25,Sea,277.46,5.0
SUP0684,USA Turmeric Exports 792,USA,91030,Turmeric,Spices,5984967.0,25041.7,11.33,Mexico,7.98,1,1.0,1.82,598.5,0.98,8.12,2023,Enterprise,20,5419,14,28392,Yes,Yes,No,TT,4.0,9.0,4.37,6.97,87.1,Air,134.34,5.0
SUP0685,Ethiopia Soybean Exports 256,Ethiopia,150710,Soybean Oil,Agriculture,8437111.0,17113.82,-1.07,Japan,10.11,0,56.0,7.84,843.71,0.73,6.17,2023,Large,11,6411,13,118223,No,No,No,Advance,4.0,6.0,3.44,6.7,83.13,Air,115.28,7.0
SUP0686,Germany Steel Exports 753,Germany,721420,Steel Bars,Industrial,7320720.0,488048.0,-1.88,USA,5.22,0,0.9,1.6,732.07,0.8,2.21,2023,SME,13,26431,35,32336,Yes,No,No,TT,7.0,8.0,3.69,6.13,86.96,Sea,184.24,6.0
SUP0687,Ethiopia Ethyl Exports 36,Ethiopia,220710,Ethyl Alcohol,Chemical,7781966.0,36535.05,1.41,UAE,6.61,0,56.0,7.09,778.2,0.87,4.82,2023,Enterprise,18,26711,40,49452,Yes,No,No,LC,8.0,5.0,4.41,7.72,87.74,Sea,323.64,8.0
SUP0688,Ethiopia Portable Exports 629,Ethiopia,847130,Portable Computers,Electronics,4603917.0,13867.22,12.01,USA,11.97,0,56.0,7.91,460.39,0.98,6.76,2023,SME,29,3008,49,160629,Yes,No,No,LC,6.0,7.0,4.36,7.91,98.37,Land,21.11,4.0
SUP0689,Argentina Motor Exports 473,Argentina,870323,Motor Cars,Automobile,7485528.0,24623.45,11.95,Brazil,8.78,0,850.0,6.96,748.55,0.95,5.42,2023,SME,8,24236,26,78518,Yes,No,No,TT,7.0,7.0,4.36,4.73,94.01,Sea,60.75,4.0
SUP0690,Indonesia Turmeric Exports 204,Indonesia,91030,Turmeric,Spices,2806766.0,187117.73,8.6,Germany,5.89,1,15500.0,5.73,280.68,0.94,9.06,2023,SME,34,4767,22,74078,Yes,Yes,No,TT,10.0,9.0,3.91,2.51,91.73,Land,144.43,8.0
SUP0691,India Cotton Exports 1,India,520100,Cotton,Industrial,5127301.0,13248.84,-0.1,Japan,10.98,0,83.0,3.44,512.73,0.83,4.67,2023,Large,22,8887,25,96060,Yes,No,No,LC,4.0,7.0,3.98,7.65,81.92,Land,112.47,10.0
SUP0692,Argentina Rice Exports 651,Argentina,100630,Rice,Grains,9845384.0,53507.52,13.75,Mexico,10.5,0,850.0,9.46,984.54,0.97,6.93,2023,SME,38,500,16,136234,Yes,No,No,Advance,6.0,5.0,4.35,3.79,95.24,Sea,141.42,10.0
SUP0693,Thailand Ethyl Exports 909,Thailand,220710,Ethyl Alcohol,Chemical,8409610.0,17127.52,3.64,China,4.77,0,35.0,4.75,840.96,0.87,3.33,2023,Enterprise,9,23533,25,169949,Yes,No,No,Advance,6.0,7.0,4.56,3.48,88.22,Land,452.29,6.0
SUP0694,Brazil Petroleum Exports 209,Brazil,271019,Petroleum Oils,Energy,519787.0,1080.64,7.91,Mexico,6.81,0,5.0,5.25,51.98,0.92,4.14,2023,SME,30,25856,43,94900,No,No,No,Advance,5.0,5.0,4.49,7.85,98.88,Air,372.97,8.0
SUP0695,India Raw Exports 346,India,170114,Raw Sugar,Agriculture,4338447.0,15950.17,5.88,Germany,10.94,0,83.0,4.01,433.84,0.95,4.89,2023,Enterprise,29,15964,25,88491,Yes,No,No,TT,8.0,9.0,4.09,0.37,81.77,Air,191.86,9.0
SUP0696,China Raw Exports 513,China,170114,Raw Sugar,Agriculture,2620916.0,5760.25,5.94,Brazil,7.56,1,7.0,2.1,262.09,0.91,8.11,2023,Large,14,17076,29,111322,Yes,Yes,Yes,TT,4.0,8.0,4.92,4.16,82.57,Air,323.54,6.0
SUP0697,India Turmeric Exports 491,India,91030,Turmeric,Spices,7687569.0,156889.16,7.82,UAE,10.79,0,83.0,3.99,768.76,0.9,4.83,2023,SME,26,15138,27,48809,No,Yes,No,Advance,7.0,9.0,4.12,2.57,87.55,Air,193.58,5.0
SUP0698,Argentina Coffee Exports 383,Argentina,90111,Coffee,Agriculture,4446760.0,22345.53,-0.69,China,3.55,0,850.0,9.45,444.68,0.7,4.84,2023,SME,3,1390,20,30169,Yes,No,Yes,LC,9.0,6.0,4.35,0.54,87.66,Air,30.83,6.0
SUP0699,India Ethyl Exports 885,India,220710,Ethyl Alcohol,Chemical,5140854.0,13528.56,0.72,Brazil,3.31,0,83.0,3.29,514.09,0.87,2.31,2023,Large,28,25525,45,116649,Yes,No,No,LC,7.0,8.0,4.83,6.03,97.1,Land,73.36,4.0
SUP0700,Indonesia Copper Exports 820,Indonesia,740311,Copper Cathodes,Industrial,9817980.0,44225.14,13.88,France,4.33,0,15500.0,4.48,981.8,0.95,3.09,2023,Large,7,24779,28,159616,Yes,No,No,LC,4.0,4.0,5.0,4.51,96.6,Air,367.52,10.0
SUP0701,Germany Footwear Exports 261,Germany,640399,Footwear,Consumer Goods,1985379.0,9976.78,7.01,Germany,11.68,0,0.9,1.53,198.54,0.92,4.12,2023,Large,33,2485,26,195362,Yes,No,No,LC,4.0,9.0,3.73,4.49,84.24,Land,127.96,7.0
SUP0702,Indonesia Cardamom Exports 637,Indonesia,90832,Cardamom,Spices,6228577.0,14865.34,11.76,UAE,11.5,1,15500.0,4.0,622.86,0.95,10.05,2023,Large,29,1830,12,73018,No,Yes,No,Advance,10.0,4.0,3.96,7.19,80.84,Sea,187.47,5.0
SUP0703,India Ethyl Exports 474,India,220710,Ethyl Alcohol,Chemical,4114602.0,8278.88,11.4,Germany,10.61,0,83.0,3.57,411.46,0.96,4.61,2023,Large,15,8429,37,111695,No,No,No,TT,4.0,5.0,3.96,3.82,89.86,Land,401.91,8.0
SUP0704,Germany Copper Exports 626,Germany,740311,Copper Cathodes,Industrial,6737672.0,748630.22,11.07,UAE,11.72,1,0.9,1.31,673.77,0.97,9.04,2023,Large,29,32490,56,60210,Yes,No,No,TT,5.0,9.0,3.77,6.26,86.5,Sea,290.89,8.0
SUP0705,Brazil Black Exports 383,Brazil,90411,Black Pepper,Spices,6863138.0,81704.02,3.0,Germany,6.23,0,5.0,5.59,686.31,0.89,4.11,2023,SME,27,19916,21,170255,Yes,Yes,No,Advance,7.0,9.0,4.62,0.36,86.8,Sea,53.92,5.0
SUP0706,Thailand Turmeric Exports 945,Thailand,91030,Turmeric,Spices,765108.0,3085.11,14.63,UAE,10.78,1,35.0,3.9,76.51,0.96,9.79,2023,Large,15,9585,25,114939,Yes,No,No,LC,8.0,5.0,3.53,2.63,85.1,Land,189.43,10.0
SUP0707,Ethiopia Cotton Exports 512,Ethiopia,520100,Cotton,Industrial,7459902.0,298396.08,13.46,Brazil,4.26,0,56.0,7.45,745.99,0.95,4.26,2023,Large,37,25283,35,33111,Yes,No,No,LC,7.0,4.0,4.09,2.02,84.75,Air,480.61,6.0
SUP0708,Germany Wheat Exports 631,Germany,100199,Wheat,Grains,5549523.0,41107.58,10.03,USA,7.69,0,0.9,1.28,554.95,0.97,2.82,2023,SME,25,11065,12,145180,No,No,No,LC,5.0,7.0,4.7,1.6,90.48,Land,23.52,5.0
SUP0709,India Power Exports 152,India,850440,Power Supply Units,Electronics,7284095.0,20752.41,9.9,China,11.52,0,83.0,3.09,728.41,0.92,4.69,2023,SME,40,42734,40,20426,Yes,No,No,LC,6.0,4.0,4.08,5.41,92.47,Air,417.54,5.0
SUP0710,USA Black Exports 997,USA,90411,Black Pepper,Spices,5142746.0,17981.63,14.5,France,4.55,0,1.0,1.97,514.27,0.97,2.15,2023,Large,33,6403,14,198446,No,No,No,LC,7.0,9.0,4.27,2.5,88.52,Land,101.99,5.0
SUP0711,Brazil Soybeans Exports 527,Brazil,120190,Soybeans,Agriculture,2405530.0,6795.28,9.9,USA,8.62,0,5.0,7.17,240.55,0.92,5.45,2023,Large,23,18054,27,155879,Yes,Yes,Yes,LC,6.0,8.0,4.79,0.17,89.06,Sea,244.65,6.0
SUP0712,Argentina Black Exports 841,Argentina,90411,Black Pepper,Spices,2454938.0,8705.45,8.6,India,7.65,0,850.0,6.78,245.49,0.95,5.01,2023,Large,28,2528,27,177607,Yes,No,No,TT,5.0,9.0,3.9,5.2,92.05,Sea,378.99,8.0
SUP0713,Germany Portable Exports 821,Germany,847130,Portable Computers,Electronics,3536986.0,8263.99,14.69,China,8.15,1,0.9,1.07,353.7,0.95,7.87,2023,Large,24,22203,27,93537,Yes,No,No,Advance,8.0,8.0,3.88,4.03,96.47,Sea,218.11,4.0
SUP0714,Indonesia Petroleum Exports 985,Indonesia,271019,Petroleum Oils,Energy,3546222.0,37725.77,4.27,Japan,11.33,0,15500.0,5.71,354.62,0.86,5.68,2023,Large,17,3745,31,57866,Yes,No,No,Advance,7.0,9.0,3.44,7.21,88.26,Land,285.87,10.0
SUP0715,USA Wheat Exports 727,USA,100199,Wheat,Grains,9314946.0,97030.69,-0.43,Germany,4.49,1,1.0,1.65,931.49,0.8,7.01,2023,SME,11,4929,22,89718,Yes,Yes,No,Advance,8.0,4.0,4.16,0.7,92.99,Sea,52.27,5.0
SUP0716,Vietnam Motor Exports 55,Vietnam,870323,Motor Cars,Automobile,4819121.0,11233.38,11.43,Mexico,6.56,0,24000.0,4.75,481.91,0.98,3.87,2023,SME,14,31393,48,156102,Yes,No,No,LC,8.0,4.0,3.22,6.23,82.1,Land,495.11,5.0
SUP0717,China Cardamom Exports 298,China,90832,Cardamom,Spices,2485173.0,15246.46,0.1,UAE,10.01,1,7.0,3.55,248.52,0.89,9.42,2023,SME,35,13181,22,193881,Yes,Yes,No,LC,10.0,4.0,3.86,4.88,98.69,Land,284.07,10.0
SUP0718,Brazil Power Exports 537,Brazil,850440,Power Supply Units,Electronics,9404202.0,37024.42,-0.02,Brazil,11.34,0,5.0,6.5,940.42,0.83,6.0,2023,Large,21,18609,20,42622,Yes,No,No,Advance,5.0,5.0,4.37,4.2,85.89,Land,92.74,6.0
SUP0719,Germany Aluminium Exports 323,Germany,760110,Aluminium,Industrial,9753362.0,177333.85,14.56,Germany,9.52,0,0.9,1.13,975.34,0.95,3.31,2023,Large,38,44274,53,41779,No,No,No,LC,5.0,9.0,3.78,3.48,94.97,Land,211.01,7.0
SUP0720,Brazil Copper Exports 940,Brazil,740311,Copper Cathodes,Industrial,2147299.0,13764.74,5.61,China,5.48,0,5.0,7.61,214.73,0.95,4.69,2023,Enterprise,14,4029,40,85815,Yes,No,No,LC,6.0,9.0,4.23,7.14,80.64,Sea,130.28,8.0
SUP0721,China Raw Exports 136,China,170114,Raw Sugar,Agriculture,8468182.0,36500.78,14.26,Brazil,8.71,0,7.0,2.52,846.82,0.97,3.62,2023,SME,18,15940,29,114534,No,No,Yes,Advance,10.0,7.0,3.4,3.72,83.34,Sea,225.43,4.0
SUP0722,Ethiopia Turmeric Exports 331,Ethiopia,91030,Turmeric,Spices,1087264.0,9621.81,3.1,Mexico,7.72,0,56.0,7.72,108.73,0.89,5.4,2023,Large,33,3202,19,24033,No,No,No,TT,6.0,8.0,3.9,6.61,92.19,Land,302.81,9.0
SUP0723,India Raw Exports 879,India,170114,Raw Sugar,Agriculture,1684185.0,4910.16,11.63,Japan,10.13,0,83.0,3.06,168.42,0.97,4.26,2023,Enterprise,26,8939,13,184017,Yes,No,No,Advance,6.0,9.0,4.8,2.05,81.18,Land,85.67,10.0
SUP0724,Germany Wheat Exports 790,Germany,100199,Wheat,Grains,6345506.0,147569.91,2.91,Brazil,9.12,0,0.9,1.65,634.55,0.85,3.4,2023,Enterprise,9,15762,22,154920,Yes,No,No,TT,4.0,8.0,5.0,7.31,93.42,Air,199.87,10.0
SUP0725,Argentina Footwear Exports 487,Argentina,640399,Footwear,Consumer Goods,2027754.0,8379.15,5.26,France,8.65,1,850.0,6.47,202.78,0.92,10.18,2023,SME,30,4406,39,103080,No,No,No,TT,5.0,9.0,4.59,7.37,98.2,Air,146.77,9.0
SUP0726,Ethiopia Soybean Exports 500,Ethiopia,150710,Soybean Oil,Agriculture,9315196.0,43125.91,2.83,Germany,5.98,1,56.0,7.0,931.52,0.89,9.59,2023,Large,24,13116,29,183460,Yes,Yes,No,LC,9.0,8.0,3.58,2.32,93.23,Sea,364.43,6.0
SUP0727,Ethiopia Cardamom Exports 353,Ethiopia,90832,Cardamom,Spices,4769974.0,149061.69,0.56,India,4.13,1,56.0,5.86,477.0,0.85,8.58,2023,Large,24,3545,23,129241,No,No,No,Advance,7.0,8.0,4.3,2.43,92.28,Sea,332.55,4.0
SUP0728,Germany Cotton Exports 859,Germany,520100,Cotton,Industrial,7864602.0,39921.84,5.61,USA,7.28,0,0.9,1.7,786.46,0.95,2.86,2023,SME,6,22302,39,23436,No,No,No,TT,9.0,7.0,3.46,6.94,96.24,Sea,64.05,6.0
SUP0729,Germany Ethyl Exports 361,Germany,220710,Ethyl Alcohol,Chemical,4778431.0,10618.74,12.73,Brazil,7.23,0,0.9,1.91,477.84,0.96,2.93,2023,SME,16,11985,38,61393,Yes,No,No,Advance,8.0,10.0,3.82,3.01,94.32,Sea,28.79,7.0
SUP0730,Vietnam Coffee Exports 860,Vietnam,90111,Coffee,Agriculture,8898322.0,43834.1,10.56,Japan,5.75,1,24000.0,4.52,889.83,0.96,8.53,2023,Enterprise,14,11161,21,134790,Yes,No,No,TT,9.0,5.0,3.72,6.93,92.09,Air,333.78,4.0
SUP0731,China Steel Exports 275,China,721420,Steel Bars,Industrial,1525537.0,8290.96,9.16,China,10.23,0,7.0,2.46,152.55,0.93,4.05,2023,Large,12,17831,54,164841,Yes,No,No,LC,10.0,8.0,4.08,2.41,94.73,Land,454.1,9.0
SUP0732,Ethiopia Copper Exports 694,Ethiopia,740311,Copper Cathodes,Industrial,964171.0,4796.87,10.36,France,3.75,0,56.0,6.76,96.42,0.98,3.83,2023,Enterprise,37,9609,42,171474,Yes,No,No,LC,8.0,5.0,4.48,7.46,93.94,Sea,312.4,6.0
SUP0733,Vietnam Cinnamon Exports 396,Vietnam,90611,Cinnamon,Spices,9992570.0,52592.47,6.58,India,11.35,0,24000.0,4.91,999.26,0.91,5.37,2023,Enterprise,30,4914,29,44486,No,Yes,No,Advance,10.0,4.0,4.54,3.98,86.26,Air,457.07,4.0
SUP0734,Brazil Soybeans Exports 59,Brazil,120190,Soybeans,Agriculture,7339184.0,15039.31,6.51,Brazil,9.03,0,5.0,7.86,733.92,0.92,5.85,2023,SME,35,14636,22,142392,Yes,No,Yes,LC,10.0,5.0,5.0,5.27,97.37,Air,53.74,4.0
SUP0735,Brazil Black Exports 508,Brazil,90411,Black Pepper,Spices,4122632.0,10079.78,13.5,Germany,9.78,0,5.0,7.39,412.26,0.96,5.89,2023,SME,21,14229,21,57783,Yes,No,No,LC,10.0,6.0,4.89,2.86,96.7,Sea,117.68,5.0
SUP0736,Vietnam Soybean Exports 655,Vietnam,230400,Soybean Meal,Agriculture,6463641.0,34381.07,8.66,India,9.36,0,24000.0,4.69,646.36,0.92,4.68,2023,SME,21,17110,21,70669,No,No,Yes,TT,5.0,4.0,4.19,1.25,93.78,Land,305.51,10.0
SUP0737,Indonesia Cardamom Exports 649,Indonesia,90832,Cardamom,Spices,5188198.0,47165.44,5.93,Mexico,6.64,1,15500.0,4.17,518.82,0.9,8.66,2023,Large,7,4988,15,75537,Yes,Yes,No,TT,7.0,7.0,4.24,6.37,89.49,Sea,78.94,9.0
SUP0738,Brazil Soybean Exports 57,Brazil,230400,Soybean Meal,Agriculture,3165171.0,20553.06,1.79,India,9.65,0,5.0,7.18,316.52,0.86,5.77,2023,SME,14,7734,30,94549,Yes,Yes,No,TT,8.0,5.0,3.05,0.19,93.57,Sea,417.53,8.0
SUP0739,Germany Portable Exports 357,Germany,847130,Portable Computers,Electronics,3061118.0,6499.19,11.47,Mexico,8.8,0,0.9,1.96,306.11,0.97,3.42,2023,Large,12,14144,32,194381,Yes,No,No,Advance,6.0,8.0,4.26,2.51,96.22,Sea,429.47,9.0
SUP0740,Indonesia Plastic Exports 300,Indonesia,392690,Plastic Products,Industrial,6162836.0,18179.46,0.36,Japan,11.45,0,15500.0,4.09,616.28,0.86,5.07,2023,SME,31,21614,50,151326,No,No,No,LC,7.0,7.0,4.28,2.5,94.95,Sea,426.16,4.0
SUP0741,Argentina Raw Exports 698,Argentina,170114,Raw Sugar,Agriculture,6660216.0,17033.8,9.19,India,11.27,0,850.0,6.58,666.02,0.92,6.01,2023,Large,13,6800,12,80347,Yes,No,Yes,LC,8.0,9.0,5.0,6.64,92.74,Air,491.23,5.0
SUP0742,Vietnam Raw Exports 652,Vietnam,170114,Raw Sugar,Agriculture,7522372.0,18853.06,2.62,Mexico,9.71,1,24000.0,4.55,752.24,0.9,9.73,2023,SME,37,15642,18,130481,Yes,No,No,LC,9.0,8.0,4.61,7.95,87.41,Sea,246.78,6.0
SUP0743,Germany Copper Exports 217,Germany,740311,Copper Cathodes,Industrial,9237346.0,23504.7,-1.03,China,9.55,1,0.9,1.12,923.73,0.8,8.31,2023,SME,18,35987,33,31022,Yes,No,No,TT,6.0,9.0,5.0,7.94,98.17,Air,390.72,7.0
SUP0744,Ethiopia Raw Exports 783,Ethiopia,170114,Raw Sugar,Agriculture,9385148.0,25854.4,13.69,UAE,5.53,0,56.0,5.21,938.51,0.98,3.74,2023,Large,12,17538,20,28944,Yes,No,No,LC,6.0,7.0,4.67,6.74,84.88,Sea,228.18,10.0
SUP0745,Vietnam Aluminium Exports 718,Vietnam,760110,Aluminium,Industrial,7267930.0,56340.54,10.81,Mexico,9.78,0,24000.0,4.15,726.79,0.98,4.59,2023,Large,19,35868,51,151176,No,No,No,TT,4.0,4.0,4.33,7.6,90.96,Air,135.69,6.0
SUP0746,Ethiopia Wheat Exports 658,Ethiopia,100199,Wheat,Grains,9137590.0,54716.11,1.36,Brazil,3.11,0,56.0,5.86,913.76,0.87,3.28,2023,SME,6,5861,29,98285,No,Yes,No,TT,4.0,7.0,3.86,5.52,90.64,Land,293.26,4.0
SUP0747,Ethiopia Soybeans Exports 651,Ethiopia,120190,Soybeans,Agriculture,730962.0,5942.78,12.17,UK,10.12,0,56.0,7.1,73.1,0.96,5.88,2023,Large,31,16615,22,80567,Yes,No,No,Advance,9.0,7.0,2.88,2.88,97.83,Air,317.39,10.0
SUP0748,Indonesia Footwear Exports 957,Indonesia,640399,Footwear,Consumer Goods,3440855.0,8777.69,0.77,USA,8.2,0,15500.0,4.02,344.09,0.87,4.07,2023,Large,40,10573,16,188923,Yes,No,No,TT,10.0,6.0,4.46,0.55,86.38,Sea,266.2,5.0
SUP0749,Germany Aluminium Exports 498,Germany,760110,Aluminium,Industrial,3297709.0,7759.32,6.34,India,9.17,0,0.9,1.43,329.77,0.93,3.32,2023,SME,22,24705,45,94220,No,No,No,Advance,7.0,10.0,4.14,6.88,87.29,Sea,301.43,10.0
SUP0750,Germany Cinnamon Exports 123,Germany,90611,Cinnamon,Spices,9808808.0,70566.96,14.48,UAE,5.65,0,0.9,1.51,980.88,0.95,2.3,2023,SME,27,16967,20,107487,Yes,No,No,TT,8.0,10.0,4.02,0.98,82.09,Land,247.86,4.0
SUP0751,USA Coffee Exports 312,USA,90111,Coffee,Agriculture,7710300.0,49425.0,7.25,USA,3.38,1,1.0,1.26,771.03,0.91,6.52,2023,SME,17,6872,15,170471,No,Yes,No,Advance,8.0,4.0,5.0,3.51,89.49,Air,405.39,9.0
SUP0752,China Copper Exports 637,China,740311,Copper Cathodes,Industrial,4506380.0,20117.77,1.53,Brazil,4.98,0,7.0,2.88,450.64,0.87,2.65,2023,Large,39,6425,58,195119,Yes,No,No,Advance,4.0,8.0,4.15,0.3,96.72,Air,149.53,7.0
SUP0753,Brazil Rice Exports 216,Brazil,100630,Rice,Grains,1168483.0,2465.15,8.5,UK,10.83,1,5.0,5.02,116.85,0.91,10.26,2023,SME,33,4906,12,161776,No,No,No,Advance,8.0,6.0,5.0,2.86,87.53,Land,353.32,5.0
SUP0754,Indonesia Plastic Exports 929,Indonesia,392690,Plastic Products,Industrial,3699754.0,11211.38,2.86,India,8.73,0,15500.0,5.46,369.98,0.86,4.8,2023,Enterprise,32,3336,28,164558,Yes,No,No,TT,7.0,9.0,4.51,7.45,93.78,Air,380.78,6.0
SUP0755,USA Rice Exports 371,USA,100630,Rice,Grains,2178225.0,14144.32,2.95,China,11.87,1,1.0,1.85,217.82,0.88,9.3,2023,SME,6,7396,12,45619,Yes,Yes,No,LC,4.0,5.0,4.08,5.8,97.39,Air,233.06,4.0
SUP0756,India Petroleum Exports 85,India,271019,Petroleum Oils,Energy,2614746.0,5721.54,13.66,China,5.39,0,83.0,3.68,261.47,0.96,3.09,2023,Large,12,11465,32,48591,Yes,No,No,Advance,9.0,4.0,3.89,3.72,89.02,Air,84.5,4.0
SUP0757,China Coffee Exports 118,China,90111,Coffee,Agriculture,766606.0,5360.88,3.69,France,4.35,0,7.0,2.48,76.66,0.88,2.3,2023,Large,32,14502,13,116557,No,No,No,LC,7.0,8.0,3.65,5.61,97.03,Air,207.35,6.0
SUP0758,Germany Cardamom Exports 767,Germany,90832,Cardamom,Spices,5148736.0,22192.83,12.55,Mexico,10.17,0,0.9,1.07,514.87,0.97,3.48,2023,SME,36,10049,26,23846,No,Yes,No,LC,10.0,9.0,4.06,5.24,80.86,Sea,398.98,10.0
SUP0759,China Soybeans Exports 105,China,120190,Soybeans,Agriculture,1801624.0,6277.44,13.18,China,9.94,0,7.0,2.13,180.16,0.95,3.83,2023,SME,39,14875,22,66163,Yes,No,Yes,Advance,6.0,7.0,3.86,2.8,97.03,Sea,132.72,4.0
SUP0760,China Cotton Exports 103,China,520100,Cotton,Industrial,5442673.0,71614.12,-1.29,USA,7.98,0,7.0,2.7,544.27,0.78,3.47,2023,SME,35,28482,25,194064,No,No,No,Advance,5.0,7.0,4.57,6.73,86.17,Air,184.22,6.0
SUP0761,USA Medicaments Exports 253,USA,300490,Medicaments,Pharma,7828115.0,27371.03,-0.03,USA,10.31,0,1.0,1.1,782.81,0.71,3.53,2023,Large,14,3530,43,194719,Yes,No,No,TT,8.0,5.0,4.39,7.88,82.04,Land,302.77,9.0
SUP0762,USA Rice Exports 558,USA,100630,Rice,Grains,8668377.0,19009.6,7.97,Mexico,4.56,0,1.0,1.64,866.84,0.93,2.02,2023,SME,36,11957,23,131405,Yes,No,No,LC,4.0,7.0,4.53,2.29,93.16,Air,235.84,9.0
SUP0763,Vietnam Petroleum Exports 313,Vietnam,271019,Petroleum Oils,Energy,9434348.0,28078.42,9.65,China,5.4,1,24000.0,5.25,943.43,0.93,8.72,2023,Large,23,19696,25,30186,Yes,No,No,Advance,9.0,6.0,3.28,4.89,87.69,Sea,346.21,8.0
SUP0764,Germany Copper Exports 91,Germany,740311,Copper Cathodes,Industrial,6925813.0,494700.93,6.13,India,4.89,0,0.9,1.66,692.58,0.95,2.13,2023,SME,18,2276,55,85073,Yes,No,No,LC,7.0,6.0,4.33,6.41,84.19,Sea,204.94,8.0
SUP0765,Vietnam Soybeans Exports 325,Vietnam,120190,Soybeans,Agriculture,3612409.0,8662.85,4.21,Japan,11.75,0,24000.0,4.94,361.24,0.89,5.5,2023,SME,26,2256,17,112112,Yes,No,Yes,TT,9.0,5.0,3.76,7.66,83.35,Air,238.75,8.0
SUP0766,Ethiopia Cotton Exports 248,Ethiopia,520100,Cotton,Industrial,8473112.0,30369.58,8.59,UAE,7.33,0,56.0,7.82,847.31,0.92,5.33,2023,Enterprise,6,34929,41,185247,Yes,No,No,TT,10.0,7.0,4.38,1.58,82.35,Sea,14.67,8.0
SUP0767,Ethiopia Wheat Exports 328,Ethiopia,100199,Wheat,Grains,6914495.0,531884.23,1.4,Japan,6.02,0,56.0,7.25,691.45,0.88,4.71,2023,SME,13,3172,25,149660,No,Yes,No,TT,6.0,5.0,4.11,1.74,89.08,Land,8.18,6.0
SUP0768,India Footwear Exports 668,India,640399,Footwear,Consumer Goods,1922522.0,6583.98,2.28,Brazil,3.64,0,83.0,3.81,192.25,0.89,2.62,2023,SME,13,18827,36,125636,No,No,No,LC,7.0,5.0,4.58,0.85,88.53,Land,304.89,9.0
SUP0769,USA Plastic Exports 129,USA,392690,Plastic Products,Industrial,2217035.0,9897.48,13.2,Japan,7.37,1,1.0,1.86,221.7,0.96,7.96,2023,Large,40,45297,23,142569,Yes,No,No,LC,5.0,5.0,4.11,1.13,91.32,Land,182.25,9.0
SUP0770,Brazil Cardamom Exports 794,Brazil,90832,Cardamom,Spices,4047634.0,44973.71,3.2,UAE,6.62,1,5.0,5.91,404.76,0.86,9.35,2023,SME,39,5776,24,172365,Yes,No,No,TT,4.0,9.0,4.46,6.94,86.6,Land,132.03,8.0
SUP0771,India Cardamom Exports 176,India,90832,Cardamom,Spices,4180474.0,11742.9,14.78,Mexico,3.82,0,83.0,4.98,418.05,0.96,3.14,2023,SME,29,1900,14,20229,No,No,No,TT,6.0,5.0,4.07,1.76,83.36,Land,160.53,4.0
SUP0772,India Portable Exports 9,India,847130,Portable Computers,Electronics,1570417.0,22434.53,4.9,Germany,5.27,0,83.0,4.77,157.04,0.87,3.49,2023,Large,14,23603,60,149823,Yes,No,No,LC,7.0,6.0,4.38,7.3,90.14,Land,434.66,4.0
SUP0773,Germany Footwear Exports 734,Germany,640399,Footwear,Consumer Goods,1571949.0,68345.61,14.3,UK,3.77,0,0.9,1.57,157.19,0.97,1.76,2023,Enterprise,29,27907,32,182595,No,No,No,TT,5.0,6.0,4.47,1.42,80.68,Air,270.17,9.0
SUP0774,Argentina Wheat Exports 971,Argentina,100199,Wheat,Grains,1819385.0,14912.99,0.21,France,5.79,1,850.0,7.67,181.94,0.88,9.8,2023,Large,9,14120,17,141822,No,Yes,No,LC,5.0,9.0,4.12,6.55,80.45,Sea,477.35,5.0
SUP0775,Brazil Footwear Exports 893,Brazil,640399,Footwear,Consumer Goods,5790136.0,12614.68,14.91,UK,9.51,0,5.0,6.46,579.01,0.96,5.44,2023,SME,37,8636,19,176670,Yes,No,No,TT,10.0,9.0,4.8,5.03,88.95,Sea,103.95,5.0
SUP0776,USA Steel Exports 724,USA,721420,Steel Bars,Industrial,5081968.0,22387.52,-0.68,UAE,8.74,0,1.0,1.02,508.2,0.79,3.03,2023,SME,30,25375,30,64158,Yes,No,No,LC,6.0,8.0,4.45,3.04,83.1,Land,217.53,7.0
SUP0777,Vietnam Coffee Exports 133,Vietnam,90111,Coffee,Agriculture,3949283.0,11124.74,13.53,France,10.89,0,24000.0,5.04,394.93,0.97,5.28,2023,Enterprise,32,14042,30,65616,Yes,Yes,No,TT,8.0,9.0,3.74,3.93,93.06,Land,96.36,10.0
SUP0778,Argentina Black Exports 998,Argentina,90411,Black Pepper,Spices,7131407.0,15639.05,2.47,Germany,4.31,0,850.0,6.13,713.14,0.85,3.75,2023,Enterprise,37,12480,26,115207,Yes,Yes,No,LC,4.0,7.0,3.35,0.05,87.93,Land,15.21,6.0
SUP0779,China Steel Exports 361,China,721420,Steel Bars,Industrial,2936176.0,17170.62,13.07,UAE,9.07,0,7.0,3.01,293.62,0.97,3.92,2023,Enterprise,35,40139,52,124162,No,No,No,TT,10.0,8.0,4.37,0.96,89.48,Air,79.0,9.0
SUP0780,Brazil Motor Exports 28,Brazil,870323,Motor Cars,Automobile,3641346.0,7633.85,4.7,China,4.47,0,5.0,6.21,364.13,0.86,3.83,2023,SME,30,38967,22,28466,No,No,No,Advance,10.0,8.0,3.41,7.96,97.03,Air,459.99,7.0
SUP0781,USA Aluminium Exports 795,USA,760110,Aluminium,Industrial,6669880.0,19277.11,10.62,Japan,6.64,1,1.0,1.16,666.99,0.98,7.46,2023,SME,15,42449,40,153332,Yes,No,No,TT,9.0,6.0,4.18,4.74,80.64,Land,176.55,5.0
SUP0782,Argentina Raw Exports 462,Argentina,170114,Raw Sugar,Agriculture,8991088.0,26289.73,-1.36,Japan,3.11,0,850.0,8.45,899.11,0.83,4.31,2023,SME,13,10335,18,121188,Yes,Yes,No,LC,4.0,5.0,4.15,7.81,91.5,Sea,187.72,10.0
SUP0783,China Wheat Exports 759,China,100199,Wheat,Grains,811078.0,2796.82,4.55,UK,6.69,0,7.0,2.65,81.11,0.86,3.07,2023,Large,7,16162,15,159665,No,No,No,LC,10.0,6.0,4.24,1.7,88.69,Sea,6.87,6.0
SUP0784,India T-Shirts Exports 509,India,610910,T-Shirts,Textiles,5883612.0,12762.72,7.56,Mexico,9.11,1,83.0,3.83,588.36,0.93,9.27,2023,Large,19,13587,23,71890,Yes,No,No,Advance,7.0,8.0,4.42,6.74,81.01,Sea,98.2,5.0
SUP0785,Brazil Aluminium Exports 460,Brazil,760110,Aluminium,Industrial,1714424.0,6058.04,3.19,USA,6.06,0,5.0,7.5,171.44,0.88,4.82,2023,SME,7,21557,23,45187,Yes,No,No,LC,7.0,9.0,4.18,5.64,95.72,Sea,293.7,6.0
SUP0786,Vietnam Raw Exports 338,Vietnam,170114,Raw Sugar,Agriculture,3050810.0,10895.75,12.33,UAE,3.99,0,24000.0,4.08,305.08,0.96,2.83,2023,SME,27,4209,17,156493,No,Yes,No,Advance,10.0,9.0,3.66,7.82,80.84,Sea,270.24,6.0
SUP0787,Indonesia Plastic Exports 583,Indonesia,392690,Plastic Products,Industrial,9573171.0,68379.79,3.0,India,10.02,0,15500.0,5.72,957.32,0.88,5.29,2023,Large,35,48254,47,48198,Yes,No,No,LC,7.0,9.0,4.16,0.85,89.69,Sea,271.28,7.0
SUP0788,China Ethyl Exports 449,China,220710,Ethyl Alcohol,Chemical,3647644.0,14193.17,3.83,UK,3.9,0,7.0,2.91,364.76,0.9,2.33,2023,Large,39,22962,45,37790,Yes,No,No,TT,10.0,5.0,3.65,3.07,80.35,Air,182.69,6.0
SUP0789,Brazil Aluminium Exports 764,Brazil,760110,Aluminium,Industrial,9556735.0,27227.17,6.02,Germany,6.76,0,5.0,7.03,955.67,0.93,4.84,2023,Large,9,33142,49,172950,No,No,No,TT,10.0,4.0,5.0,6.09,85.68,Land,338.8,9.0
SUP0790,India Ethyl Exports 544,India,220710,Ethyl Alcohol,Chemical,4850178.0,970035.6,3.77,USA,10.21,0,83.0,4.85,485.02,0.88,5.0,2023,Large,39,15136,26,173213,Yes,No,No,TT,8.0,5.0,3.92,4.99,88.89,Sea,42.07,7.0
SUP0791,India Car Exports 696,India,401110,Car Tyres,Automobile,5678529.0,13488.19,3.03,USA,7.15,0,83.0,4.75,567.85,0.86,4.04,2023,Large,27,37578,58,81049,Yes,No,No,LC,9.0,8.0,4.72,1.31,84.86,Air,434.95,4.0
SUP0792,Argentina T-Shirts Exports 566,Argentina,610910,T-Shirts,Textiles,9202277.0,34209.21,8.79,UAE,5.49,1,850.0,6.01,920.23,0.92,9.05,2023,SME,17,29852,22,79510,Yes,No,No,Advance,9.0,4.0,4.33,6.2,89.76,Sea,497.09,4.0
SUP0793,Ethiopia Cinnamon Exports 309,Ethiopia,90611,Cinnamon,Spices,6074261.0,29922.47,11.98,Germany,3.24,1,56.0,5.59,607.43,0.96,8.21,2023,Enterprise,9,10850,19,169856,No,Yes,No,LC,5.0,9.0,4.32,6.29,83.29,Land,80.79,7.0
SUP0794,Germany Petroleum Exports 359,Germany,271019,Petroleum Oils,Energy,8861048.0,1476841.33,8.15,France,4.4,0,0.9,1.34,886.1,0.92,1.86,2023,SME,5,20099,33,33537,No,No,No,TT,4.0,9.0,3.74,3.19,80.52,Sea,80.33,7.0
SUP0795,Germany Coffee Exports 82,Germany,90111,Coffee,Agriculture,4935310.0,24311.87,13.33,Brazil,5.0,0,0.9,1.36,493.53,0.95,2.04,2023,SME,19,2160,11,187301,Yes,No,No,TT,9.0,8.0,5.0,7.41,91.68,Sea,497.93,8.0
SUP0796,Argentina Portable Exports 674,Argentina,847130,Portable Computers,Electronics,1382407.0,4800.02,14.89,UAE,5.24,0,850.0,6.6,138.24,0.95,4.21,2023,SME,19,46485,42,114745,No,No,No,LC,5.0,9.0,3.5,4.99,91.92,Sea,401.69,4.0
SUP0797,Vietnam Plastic Exports 930,Vietnam,392690,Plastic Products,Industrial,5470792.0,43077.1,-0.5,Mexico,6.39,0,24000.0,4.71,547.08,0.71,3.8,2023,SME,35,1089,22,123635,Yes,No,No,Advance,8.0,8.0,3.86,3.31,89.55,Sea,19.99,5.0
SUP0798,Vietnam Footwear Exports 797,Vietnam,640399,Footwear,Consumer Goods,2977586.0,9304.96,4.62,China,11.41,1,24000.0,4.64,297.76,0.87,10.28,2023,SME,13,27078,35,75060,Yes,No,No,LC,4.0,7.0,4.56,6.73,86.2,Air,28.55,4.0
SUP0799,Thailand Power Exports 6,Thailand,850440,Power Supply Units,Electronics,6805621.0,39112.76,0.26,France,8.28,1,35.0,3.27,680.56,0.9,8.79,2023,Large,39,6963,60,91757,Yes,No,No,LC,10.0,9.0,4.99,1.82,96.21,Air,394.77,4.0
SUP0800,India Black Exports 462,India,90411,Black Pepper,Spices,7994062.0,49652.56,4.75,Brazil,10.14,0,83.0,4.09,799.41,0.87,4.68,2023,SME,31,13821,23,20443,Yes,Yes,No,Advance,7.0,5.0,3.83,1.4,85.69,Land,448.16,9.0
SUP0801,USA Medicaments Exports 752,USA,300490,Medicaments,Pharma,2480666.0,12987.78,2.65,USA,6.03,0,1.0,1.8,248.07,0.85,2.53,2023,Large,23,7551,36,145952,No,No,No,LC,4.0,9.0,3.9,5.92,86.47,Air,243.07,7.0
SUP0802,Argentina Copper Exports 912,Argentina,740311,Copper Cathodes,Industrial,948973.0,1948.61,-1.9,France,9.32,0,850.0,8.54,94.9,0.74,6.21,2023,SME,34,9773,28,195311,Yes,No,No,LC,8.0,5.0,4.64,5.18,91.47,Land,72.1,5.0
SUP0803,Brazil Car Exports 967,Brazil,401110,Car Tyres,Automobile,6585353.0,153147.74,9.33,China,4.5,0,5.0,6.44,658.54,0.93,3.93,2023,SME,39,40386,36,153891,No,No,No,LC,7.0,4.0,5.0,5.91,94.26,Sea,112.64,4.0
SUP0804,Germany Portable Exports 192,Germany,847130,Portable Computers,Electronics,2919250.0,364906.25,6.92,China,6.85,0,0.9,1.26,291.93,0.91,2.56,2023,SME,27,27597,36,188259,No,No,No,TT,6.0,6.0,4.15,7.96,80.3,Land,92.96,9.0
SUP0805,Vietnam Cinnamon Exports 883,Vietnam,90611,Cinnamon,Spices,4148288.0,9492.65,8.8,USA,11.66,0,24000.0,4.94,414.83,0.92,5.47,2023,Large,27,6420,13,156808,No,Yes,No,Advance,8.0,5.0,4.22,6.84,84.35,Land,389.9,10.0
SUP0806,Thailand Black Exports 651,Thailand,90411,Black Pepper,Spices,1919804.0,14882.2,9.02,Germany,7.31,1,35.0,3.12,191.98,0.92,8.44,2023,Large,24,5929,11,118061,Yes,No,No,Advance,4.0,6.0,3.86,4.56,97.68,Sea,224.04,10.0
SUP0807,Thailand Wheat Exports 392,Thailand,100199,Wheat,Grains,2085924.0,15225.72,14.5,France,9.64,0,35.0,4.36,208.59,0.95,4.64,2023,Enterprise,16,2977,10,89753,Yes,Yes,No,Advance,10.0,5.0,4.21,6.11,88.19,Sea,120.81,9.0
SUP0808,Argentina Wheat Exports 381,Argentina,100199,Wheat,Grains,7460170.0,24459.57,10.88,UAE,11.37,0,850.0,6.92,746.02,0.97,6.18,2023,Large,3,9976,14,132340,No,Yes,No,LC,8.0,8.0,3.86,6.36,84.7,Land,391.12,7.0
SUP0809,Argentina Copper Exports 453,Argentina,740311,Copper Cathodes,Industrial,1103006.0,9191.72,2.45,USA,5.96,0,850.0,9.8,110.3,0.86,5.71,2023,Large,5,29990,41,96274,Yes,No,No,Advance,7.0,5.0,4.26,2.26,82.68,Air,404.63,4.0
SUP0810,Ethiopia Raw Exports 965,Ethiopia,170114,Raw Sugar,Agriculture,8800441.0,40932.28,5.1,Brazil,4.65,0,56.0,6.59,880.04,0.93,4.03,2023,Enterprise,12,3864,28,25662,Yes,Yes,Yes,Advance,4.0,7.0,4.47,3.63,85.11,Air,255.74,9.0
SUP0811,Indonesia Cinnamon Exports 372,Indonesia,90611,Cinnamon,Spices,3148049.0,12849.18,2.3,India,3.25,0,15500.0,5.59,314.8,0.89,3.21,2023,SME,13,16507,21,102279,Yes,No,No,LC,6.0,8.0,4.91,4.27,91.25,Air,154.7,7.0
SUP0812,Thailand Copper Exports 736,Thailand,740311,Copper Cathodes,Industrial,7449015.0,18622.54,8.74,Brazil,8.71,0,35.0,3.9,744.9,0.93,4.17,2023,Enterprise,24,25147,25,87311,Yes,No,No,LC,6.0,8.0,3.83,7.76,91.27,Land,220.82,6.0
SUP0813,Thailand Power Exports 593,Thailand,850440,Power Supply Units,Electronics,4387364.0,11889.88,13.9,UK,11.71,0,35.0,4.72,438.74,0.98,5.4,2023,Enterprise,39,18812,47,143783,Yes,No,No,TT,8.0,6.0,4.89,1.67,90.6,Sea,99.62,10.0
SUP0814,Argentina Power Exports 652,Argentina,850440,Power Supply Units,Electronics,6191019.0,21953.97,-0.03,China,3.39,1,850.0,7.84,619.1,0.71,9.15,2023,Large,14,8951,32,29914,No,No,No,LC,5.0,5.0,4.42,4.92,90.11,Air,202.03,6.0
SUP0815,Indonesia Ethyl Exports 805,Indonesia,220710,Ethyl Alcohol,Chemical,9713758.0,67928.38,7.8,Mexico,5.82,0,15500.0,5.11,971.38,0.94,3.79,2023,SME,28,27693,43,82821,Yes,No,No,TT,7.0,9.0,4.37,6.2,95.33,Sea,111.78,7.0
SUP0816,Brazil Ethyl Exports 586,Brazil,220710,Ethyl Alcohol,Chemical,5161313.0,24006.11,1.78,UK,9.96,0,5.0,5.55,516.13,0.87,5.21,2023,SME,26,2042,27,38421,No,No,No,Advance,9.0,6.0,4.04,7.12,86.83,Land,134.0,10.0
SUP0817,India T-Shirts Exports 50,India,610910,T-Shirts,Textiles,8900001.0,25284.09,0.33,Germany,3.96,0,83.0,4.68,890.0,0.89,3.06,2023,Large,3,28663,24,57871,Yes,No,No,Advance,7.0,9.0,3.71,5.06,82.43,Sea,410.92,6.0
SUP0818,Ethiopia Turmeric Exports 979,Ethiopia,91030,Turmeric,Spices,5164197.0,15188.81,8.6,India,11.56,0,56.0,7.64,516.42,0.91,6.52,2023,SME,12,7105,19,178062,Yes,No,No,LC,6.0,5.0,4.8,3.84,94.85,Land,84.72,5.0
SUP0819,Vietnam Ethyl Exports 3,Vietnam,220710,Ethyl Alcohol,Chemical,6203633.0,18353.94,5.37,USA,3.0,0,24000.0,5.13,620.36,0.92,2.95,2023,SME,5,25602,20,145224,No,No,No,TT,6.0,4.0,3.95,6.29,96.12,Sea,137.92,4.0
SUP0820,Thailand Plastic Exports 40,Thailand,392690,Plastic Products,Industrial,4707422.0,50617.44,-1.08,UK,9.68,0,35.0,3.18,470.74,0.72,4.18,2023,Enterprise,6,4722,53,140791,No,No,No,LC,9.0,4.0,4.53,4.7,81.43,Sea,89.21,9.0
SUP0821,China Car Exports 781,China,401110,Car Tyres,Automobile,1000242.0,2874.26,11.85,India,4.26,1,7.0,3.06,100.02,0.98,7.5,2023,SME,36,36514,34,41744,Yes,No,No,Advance,6.0,9.0,4.27,6.67,93.24,Air,205.2,5.0
SUP0822,Brazil Portable Exports 338,Brazil,847130,Portable Computers,Electronics,3875300.0,7813.1,9.94,China,8.22,0,5.0,6.44,387.53,0.91,5.04,2023,SME,39,22433,40,124965,No,No,No,Advance,5.0,4.0,4.58,2.88,87.33,Sea,268.45,6.0
SUP0823,China Portable Exports 908,China,847130,Portable Computers,Electronics,9069608.0,54636.19,4.39,Germany,9.66,0,7.0,2.26,906.96,0.88,3.8,2023,Enterprise,35,26849,31,187676,Yes,No,No,LC,7.0,4.0,3.78,4.14,90.87,Land,194.48,10.0
SUP0824,Thailand Ethyl Exports 933,Thailand,220710,Ethyl Alcohol,Chemical,8950411.0,1790082.2,14.07,China,11.95,0,35.0,3.24,895.04,0.97,4.88,2023,Large,36,11865,23,175789,Yes,No,No,TT,8.0,9.0,4.38,5.07,90.83,Sea,426.85,7.0
SUP0825,Argentina Copper Exports 498,Argentina,740311,Copper Cathodes,Industrial,1288473.0,2955.21,9.25,UAE,4.38,0,850.0,6.2,128.85,0.92,3.79,2023,Enterprise,25,2727,59,162329,No,No,No,Advance,9.0,7.0,3.49,0.23,95.25,Sea,213.93,10.0
SUP0826,Indonesia Portable Exports 969,Indonesia,847130,Portable Computers,Electronics,5729053.0,15696.04,2.48,UAE,6.22,0,15500.0,5.92,572.91,0.88,4.23,2023,SME,21,19375,28,195298,Yes,No,No,TT,4.0,4.0,3.5,4.92,89.13,Land,484.57,4.0
SUP0827,China Steel Exports 374,China,721420,Steel Bars,Industrial,1013321.0,3809.48,-0.41,India,5.69,0,7.0,2.42,101.33,0.84,2.67,2023,Large,37,1608,22,88278,No,No,No,Advance,8.0,9.0,3.94,1.93,97.21,Air,20.5,5.0
SUP0828,Germany T-Shirts Exports 357,Germany,610910,T-Shirts,Textiles,2568911.0,30950.73,-0.76,China,7.18,1,0.9,1.28,256.89,0.79,7.67,2023,Enterprise,30,2810,23,41593,Yes,No,No,LC,9.0,8.0,4.7,5.14,96.28,Air,249.07,10.0
SUP0829,Indonesia Coffee Exports 950,Indonesia,90111,Coffee,Agriculture,1588016.0,21173.55,-1.28,Japan,6.31,0,15500.0,5.56,158.8,0.76,4.12,2023,SME,18,10278,20,109315,Yes,No,Yes,TT,9.0,4.0,4.08,1.84,88.76,Land,323.61,6.0
SUP0830,Thailand Car Exports 738,Thailand,401110,Car Tyres,Automobile,4290669.0,47674.1,0.9,Japan,8.71,0,35.0,4.29,429.07,0.88,4.33,2023,Large,33,11916,25,168354,Yes,No,No,LC,5.0,4.0,3.59,1.94,97.42,Air,496.48,4.0
SUP0831,India T-Shirts Exports 947,India,610910,T-Shirts,Textiles,9467055.0,35860.06,7.99,Mexico,9.59,0,83.0,3.34,946.71,0.93,4.21,2023,Large,30,17302,30,88161,No,No,No,LC,7.0,5.0,2.84,7.05,84.51,Air,127.97,7.0
SUP0832,Ethiopia T-Shirts Exports 745,Ethiopia,610910,T-Shirts,Textiles,2228888.0,9775.82,0.63,Germany,7.07,0,56.0,7.65,222.89,0.86,5.18,2023,SME,29,17405,25,64421,No,No,No,TT,8.0,4.0,3.46,6.08,96.87,Land,152.03,4.0
SUP0833,Germany Soybean Exports 262,Germany,150710,Soybean Oil,Agriculture,9352322.0,18931.83,7.88,Japan,11.89,0,0.9,1.12,935.23,0.94,4.02,2023,Large,16,19857,26,96901,Yes,Yes,No,LC,6.0,9.0,4.61,5.95,94.31,Sea,425.16,9.0
SUP0834,China Turmeric Exports 164,China,91030,Turmeric,Spices,4671775.0,12294.14,14.0,France,6.6,0,7.0,3.91,467.18,0.96,3.54,2023,Large,21,16708,13,23743,Yes,No,No,Advance,6.0,4.0,4.17,5.47,98.5,Air,424.99,5.0
SUP0835,Thailand Portable Exports 41,Thailand,847130,Portable Computers,Electronics,9205908.0,25571.97,13.2,Germany,7.71,0,35.0,3.94,920.59,0.96,3.89,2023,Large,32,6199,25,35061,Yes,No,No,Advance,4.0,7.0,4.74,2.16,81.04,Sea,58.98,4.0
SUP0836,India Cotton Exports 247,India,520100,Cotton,Industrial,6713848.0,15947.38,3.95,India,8.69,0,83.0,3.38,671.38,0.87,3.96,2023,Large,30,23608,51,142418,Yes,No,No,Advance,9.0,6.0,3.76,4.66,98.86,Air,333.26,7.0
SUP0837,China Steel Exports 66,China,721420,Steel Bars,Industrial,9707928.0,36633.69,13.03,Mexico,7.56,1,7.0,3.58,970.79,0.95,8.7,2023,Enterprise,13,14792,34,36176,Yes,No,No,Advance,4.0,4.0,4.32,7.69,95.67,Air,199.35,8.0
SUP0838,Germany Soybean Exports 102,Germany,150710,Soybean Oil,Agriculture,5031445.0,10659.84,7.7,Japan,5.97,0,0.9,1.24,503.14,0.94,2.29,2023,SME,38,12725,21,135693,Yes,Yes,No,TT,8.0,9.0,3.93,2.45,86.15,Air,318.21,6.0
SUP0839,Brazil Soybean Exports 506,Brazil,150710,Soybean Oil,Agriculture,7452705.0,31849.17,5.0,Germany,3.44,1,5.0,5.05,745.27,0.88,8.05,2023,SME,22,2732,29,130074,No,Yes,No,Advance,5.0,9.0,3.76,0.77,84.06,Air,273.35,7.0
SUP0840,Indonesia Steel Exports 748,Indonesia,721420,Steel Bars,Industrial,8844289.0,19919.57,-1.35,UK,10.13,1,15500.0,4.46,884.43,0.76,9.82,2023,Enterprise,27,20607,57,94424,Yes,No,No,Advance,9.0,8.0,3.78,7.05,92.85,Sea,95.82,9.0
SUP0841,Germany Ethyl Exports 688,Germany,220710,Ethyl Alcohol,Chemical,876118.0,2679.26,-1.4,Japan,4.87,0,0.9,1.32,87.61,0.73,1.99,2023,SME,13,18718,31,150823,Yes,No,No,LC,7.0,8.0,3.67,6.85,95.86,Land,18.05,5.0
SUP0842,Thailand Plastic Exports 723,Thailand,392690,Plastic Products,Industrial,951627.0,2110.04,-1.22,China,3.57,1,35.0,4.92,95.16,0.71,8.04,2023,Large,38,27061,27,146608,Yes,No,No,Advance,8.0,9.0,4.33,1.15,80.75,Land,494.73,4.0
SUP0843,Thailand Motor Exports 652,Thailand,870323,Motor Cars,Automobile,7074127.0,17005.11,7.15,Germany,5.22,0,35.0,4.73,707.41,0.92,3.46,2023,Large,26,39810,28,134615,Yes,No,No,LC,7.0,7.0,4.61,6.67,84.88,Land,237.17,4.0
SUP0844,Ethiopia Plastic Exports 560,Ethiopia,392690,Plastic Products,Industrial,1017150.0,6278.7,-0.8,Brazil,6.95,0,56.0,5.01,101.72,0.78,4.09,2023,SME,33,42214,42,60016,Yes,No,No,TT,6.0,7.0,3.6,0.26,92.95,Air,399.97,10.0
SUP0845,Vietnam Soybeans Exports 986,Vietnam,120190,Soybeans,Agriculture,7376830.0,20838.5,8.19,India,3.25,1,24000.0,4.77,737.68,0.92,7.88,2023,Large,15,3204,30,133001,Yes,Yes,Yes,TT,5.0,4.0,5.0,7.96,84.78,Land,259.83,7.0
SUP0846,Germany Plastic Exports 651,Germany,392690,Plastic Products,Industrial,6370122.0,15536.88,8.64,China,7.42,0,0.9,1.54,637.01,0.91,2.84,2023,Large,16,22790,44,122168,Yes,No,No,Advance,5.0,9.0,4.47,0.26,97.81,Sea,285.9,4.0
SUP0847,Germany Medicaments Exports 221,Germany,300490,Medicaments,Pharma,8597392.0,30925.87,-0.14,Germany,10.39,0,0.9,1.79,859.74,0.81,3.83,2023,Large,29,4124,38,164374,Yes,No,Yes,Advance,8.0,6.0,3.9,5.46,90.24,Land,231.01,6.0
SUP0848,India Copper Exports 640,India,740311,Copper Cathodes,Industrial,5837243.0,31552.66,4.05,Brazil,7.95,0,83.0,3.25,583.72,0.88,3.68,2023,Large,33,13444,27,104716,Yes,No,No,Advance,4.0,9.0,4.01,5.34,97.99,Air,304.86,7.0
SUP0849,Brazil Cotton Exports 429,Brazil,520100,Cotton,Industrial,5499098.0,144713.11,3.91,India,11.85,1,5.0,7.14,549.91,0.87,11.41,2023,SME,26,5327,33,168766,No,No,No,TT,4.0,9.0,4.51,4.16,96.53,Land,275.75,6.0
SUP0850,Ethiopia Turmeric Exports 310,Ethiopia,91030,Turmeric,Spices,8310427.0,180661.46,11.71,USA,3.77,0,56.0,6.73,831.04,0.97,3.82,2023,Enterprise,3,6886,28,29641,No,Yes,No,TT,5.0,8.0,4.32,5.48,88.13,Air,226.86,10.0
SUP0851,Brazil Wheat Exports 422,Brazil,100199,Wheat,Grains,3190929.0,6689.58,11.89,Mexico,11.44,0,5.0,7.51,319.09,0.97,6.44,2023,Enterprise,14,14901,11,42570,Yes,Yes,No,LC,6.0,4.0,3.54,7.91,81.78,Land,290.53,10.0
SUP0852,Vietnam Soybean Exports 613,Vietnam,150710,Soybean Oil,Agriculture,7367099.0,18745.8,8.48,UK,7.84,0,24000.0,5.44,736.71,0.93,4.53,2023,Large,35,10156,23,67595,Yes,Yes,No,TT,6.0,7.0,4.64,3.01,80.9,Sea,47.49,4.0
SUP0853,Indonesia Medicaments Exports 728,Indonesia,300490,Medicaments,Pharma,962798.0,11886.4,1.64,India,10.61,0,15500.0,4.62,96.28,0.88,5.03,2023,Enterprise,33,1124,16,58885,Yes,No,Yes,Advance,8.0,5.0,4.65,0.77,85.1,Land,142.78,7.0
SUP0854,Vietnam Copper Exports 525,Vietnam,740311,Copper Cathodes,Industrial,4840009.0,15817.02,-1.04,Japan,4.09,0,24000.0,5.38,484.0,0.74,3.38,2023,Large,33,33135,42,96834,Yes,No,No,LC,7.0,5.0,4.81,2.29,84.88,Land,434.38,4.0
SUP0855,Vietnam Rice Exports 829,Vietnam,100630,Rice,Grains,8107556.0,16820.66,14.28,UAE,10.19,0,24000.0,4.24,810.76,0.96,4.75,2023,Large,11,6074,29,152269,No,No,No,LC,7.0,4.0,3.59,1.14,97.01,Sea,327.75,9.0
SUP0856,India Motor Exports 685,India,870323,Motor Cars,Automobile,4319537.0,15764.73,8.62,UK,3.87,0,83.0,3.0,431.95,0.92,2.36,2023,SME,33,30738,41,82874,Yes,No,No,LC,4.0,8.0,3.66,5.8,80.28,Land,313.06,6.0
SUP0857,Thailand Car Exports 596,Thailand,401110,Car Tyres,Automobile,7705178.0,34398.12,5.72,India,11.7,0,35.0,4.65,770.52,0.92,5.37,2023,SME,34,46815,24,140831,No,No,No,TT,10.0,8.0,4.03,6.62,87.71,Sea,284.91,6.0
SUP0858,Thailand Footwear Exports 752,Thailand,640399,Footwear,Consumer Goods,988497.0,3758.54,14.45,UK,5.48,0,35.0,3.19,98.85,0.96,2.92,2023,Large,4,28592,24,139805,Yes,No,No,Advance,4.0,6.0,4.5,1.88,87.88,Sea,499.78,5.0
SUP0859,Ethiopia Car Exports 219,Ethiopia,401110,Car Tyres,Automobile,5034053.0,10211.06,9.27,USA,10.08,0,56.0,5.19,503.41,0.91,5.1,2023,SME,3,46389,55,131205,No,No,No,TT,9.0,9.0,4.0,0.06,93.91,Sea,125.46,7.0
SUP0860,USA Portable Exports 370,USA,847130,Portable Computers,Electronics,3937289.0,13346.74,-1.81,Germany,11.35,0,1.0,1.67,393.73,0.74,4.07,2023,Large,26,11133,55,56393,Yes,No,No,LC,7.0,9.0,4.69,1.39,83.39,Land,338.45,6.0
SUP0861,Thailand T-Shirts Exports 75,Thailand,610910,T-Shirts,Textiles,3125508.0,7251.76,0.47,Brazil,3.92,0,35.0,4.49,312.55,0.88,2.97,2023,Large,4,19384,15,69523,Yes,No,No,LC,10.0,4.0,4.39,1.27,80.53,Sea,218.32,7.0
SUP0862,China Portable Exports 799,China,847130,Portable Computers,Electronics,5312307.0,74821.23,2.61,UAE,3.72,0,7.0,2.99,531.23,0.87,2.31,2023,Large,5,6785,44,78098,No,No,No,LC,8.0,7.0,4.73,0.51,93.07,Air,57.26,7.0
SUP0863,India Car Exports 827,India,401110,Car Tyres,Automobile,2469942.0,7967.55,10.21,India,6.86,0,83.0,3.38,246.99,0.96,3.41,2023,SME,25,3964,22,26105,Yes,No,No,TT,10.0,6.0,4.22,2.8,88.31,Sea,71.27,5.0
SUP0864,Thailand Steel Exports 237,Thailand,721420,Steel Bars,Industrial,755115.0,1764.29,9.2,Mexico,3.96,0,35.0,4.33,75.51,0.9,2.92,2023,SME,4,21986,60,20966,No,No,No,Advance,4.0,6.0,3.86,3.35,91.58,Land,159.09,9.0
SUP0865,Thailand Motor Exports 210,Thailand,870323,Motor Cars,Automobile,4796625.0,51576.61,14.66,India,10.98,0,35.0,4.09,479.66,0.95,4.93,2023,Large,40,35479,29,117223,Yes,No,No,TT,7.0,4.0,4.02,7.49,95.95,Sea,8.88,4.0
SUP0866,Ethiopia Cardamom Exports 946,Ethiopia,90832,Cardamom,Spices,4978798.0,10966.52,5.18,Brazil,3.54,0,56.0,7.47,497.88,0.92,4.05,2023,Enterprise,19,8011,23,104222,Yes,Yes,No,LC,10.0,5.0,3.7,3.02,81.97,Land,350.99,6.0
SUP0867,USA Soybeans Exports 507,USA,120190,Soybeans,Agriculture,4694141.0,20862.85,11.14,UAE,11.49,0,1.0,1.71,469.41,0.97,4.13,2023,Enterprise,19,16323,11,160435,No,Yes,Yes,LC,10.0,5.0,3.49,1.2,90.88,Land,58.31,6.0
SUP0868,Germany Rice Exports 790,Germany,100630,Rice,Grains,7715184.0,113458.59,10.43,India,3.79,0,0.9,1.67,771.52,0.97,1.81,2023,Large,11,10366,20,147784,Yes,Yes,No,LC,9.0,6.0,4.21,7.39,96.18,Sea,435.87,4.0
SUP0869,Argentina Steel Exports 328,Argentina,721420,Steel Bars,Industrial,3742067.0,11170.35,7.62,China,8.91,0,850.0,8.83,374.21,0.92,6.21,2023,Large,20,49135,52,38117,No,No,No,TT,7.0,4.0,3.97,4.81,94.15,Air,138.69,10.0
SUP0870,Thailand Car Exports 700,Thailand,401110,Car Tyres,Automobile,4043314.0,9147.77,9.93,Brazil,6.99,0,35.0,4.59,404.33,0.94,3.93,2023,Large,26,19212,59,87228,Yes,No,No,TT,4.0,8.0,4.24,1.3,92.9,Sea,244.87,4.0
SUP0871,Brazil Steel Exports 611,Brazil,721420,Steel Bars,Industrial,4441019.0,24536.02,5.51,UK,3.55,0,5.0,6.13,444.1,0.92,3.52,2023,Enterprise,34,2112,25,43262,No,No,No,Advance,10.0,4.0,5.0,2.62,81.35,Air,47.45,6.0
SUP0872,China Footwear Exports 129,China,640399,Footwear,Consumer Goods,7895154.0,18318.22,4.2,India,8.05,0,7.0,2.23,789.52,0.88,3.31,2023,Large,31,3295,33,54098,Yes,No,No,LC,10.0,5.0,3.23,3.34,84.25,Sea,246.59,9.0
SUP0873,Thailand Soybean Exports 550,Thailand,230400,Soybean Meal,Agriculture,6425407.0,13113.08,14.49,Japan,6.1,0,35.0,3.93,642.54,0.95,3.4,2023,SME,36,9721,22,48199,Yes,Yes,No,TT,7.0,7.0,5.0,4.3,83.37,Land,104.22,10.0
SUP0874,China Soybeans Exports 800,China,120190,Soybeans,Agriculture,9940302.0,57792.45,5.12,Japan,8.57,0,7.0,3.13,994.03,0.91,3.82,2023,SME,27,8173,29,114224,Yes,No,No,Advance,4.0,8.0,4.28,2.1,80.8,Land,334.93,4.0
SUP0875,Germany Coffee Exports 823,Germany,90111,Coffee,Agriculture,2848111.0,15069.37,3.94,Germany,11.12,0,0.9,1.12,284.81,0.87,3.78,2023,Large,6,6643,30,182142,Yes,Yes,Yes,TT,10.0,9.0,3.93,3.21,91.4,Air,486.95,9.0
SUP0876,Ethiopia Footwear Exports 481,Ethiopia,640399,Footwear,Consumer Goods,8121132.0,16848.82,2.62,Germany,3.71,0,56.0,7.96,812.11,0.87,4.3,2023,SME,23,9868,38,155622,Yes,No,No,Advance,5.0,8.0,4.81,2.38,95.27,Air,438.58,4.0
SUP0877,Brazil Medicaments Exports 697,Brazil,300490,Medicaments,Pharma,6450508.0,13272.65,8.78,China,5.74,0,5.0,6.73,645.05,0.91,4.41,2023,Large,36,21532,33,78858,No,No,Yes,TT,8.0,7.0,4.53,4.34,86.13,Land,244.77,4.0
SUP0878,Vietnam Cotton Exports 702,Vietnam,520100,Cotton,Industrial,6198994.0,27308.34,5.75,France,4.14,0,24000.0,5.01,619.9,0.92,3.25,2023,Large,6,24898,50,191377,No,No,No,LC,8.0,4.0,3.98,5.01,80.83,Air,454.48,10.0
SUP0879,USA Cardamom Exports 586,USA,90832,Cardamom,Spices,5522696.0,11457.88,0.71,France,6.87,0,1.0,1.93,552.27,0.87,2.83,2023,SME,20,3014,23,38874,Yes,Yes,No,Advance,10.0,4.0,4.64,4.97,80.46,Land,354.76,4.0
SUP0880,India T-Shirts Exports 447,India,610910,T-Shirts,Textiles,7659110.0,78154.18,12.63,Germany,5.52,0,83.0,4.82,765.91,0.95,3.58,2023,Large,30,20293,33,119413,Yes,No,No,Advance,8.0,4.0,4.07,1.5,98.28,Sea,354.11,10.0
SUP0881,China Ethyl Exports 2,China,220710,Ethyl Alcohol,Chemical,9456430.0,19457.67,1.46,Germany,4.28,0,7.0,2.32,945.64,0.9,2.21,2023,Enterprise,21,17841,22,20183,Yes,No,No,LC,5.0,6.0,3.88,4.48,96.27,Air,346.27,5.0
SUP0882,Vietnam Cotton Exports 574,Vietnam,520100,Cotton,Industrial,8163059.0,18939.81,3.74,UK,3.98,0,24000.0,4.74,816.31,0.88,3.09,2023,Large,30,34410,41,145264,Yes,No,No,TT,7.0,4.0,4.5,6.02,90.81,Air,305.44,5.0
SUP0883,Ethiopia Soybean Exports 405,Ethiopia,150710,Soybean Oil,Agriculture,6383565.0,23998.36,3.5,France,9.7,0,56.0,5.31,638.36,0.86,5.03,2023,Large,27,7984,27,91887,Yes,No,No,TT,9.0,6.0,4.44,7.65,88.85,Land,389.23,4.0
SUP0884,USA Raw Exports 655,USA,170114,Raw Sugar,Agriculture,1491619.0,3874.34,13.62,Japan,3.84,1,1.0,1.24,149.16,0.96,6.65,2023,SME,12,1925,30,32317,No,No,Yes,LC,4.0,5.0,4.04,3.08,90.0,Sea,367.51,5.0
SUP0885,Germany Rice Exports 897,Germany,100630,Rice,Grains,8860526.0,34611.43,13.5,Japan,4.61,1,0.9,1.63,886.05,0.95,7.04,2023,SME,34,8880,14,84077,Yes,No,No,Advance,8.0,10.0,3.53,6.83,96.15,Land,314.69,6.0
SUP0886,Brazil Soybean Exports 206,Brazil,150710,Soybean Oil,Agriculture,5550989.0,15997.09,6.95,Mexico,10.66,1,5.0,7.23,555.1,0.91,11.09,2023,SME,34,17163,13,118730,No,No,No,Advance,10.0,9.0,4.65,2.8,91.17,Air,494.48,6.0
SUP0887,Indonesia Wheat Exports 428,Indonesia,100199,Wheat,Grains,3296652.0,9667.6,10.0,Germany,10.23,0,15500.0,4.32,329.67,0.94,4.8,2023,Large,32,17120,23,168009,No,Yes,No,LC,4.0,5.0,3.75,3.78,88.01,Air,190.09,5.0
SUP0888,Thailand Medicaments Exports 920,Thailand,300490,Medicaments,Pharma,9368956.0,48543.81,12.06,Japan,10.71,0,35.0,3.92,936.9,0.97,4.78,2023,SME,23,17483,25,150043,No,No,No,TT,6.0,7.0,4.22,3.87,95.57,Sea,370.04,4.0
SUP0889,USA Car Exports 762,USA,401110,Car Tyres,Automobile,1884881.0,10589.22,11.16,Germany,8.87,1,1.0,1.83,188.49,0.96,8.39,2023,SME,40,29472,37,33001,Yes,No,No,TT,8.0,9.0,4.22,5.85,81.34,Air,273.35,9.0
SUP0890,Thailand Portable Exports 711,Thailand,847130,Portable Computers,Electronics,9346913.0,26781.99,12.94,Brazil,8.65,0,35.0,4.98,934.69,0.97,4.59,2023,SME,26,19923,24,76363,Yes,No,No,TT,8.0,8.0,4.33,6.81,81.9,Sea,182.67,10.0
SUP0891,Ethiopia Plastic Exports 539,Ethiopia,392690,Plastic Products,Industrial,9944260.0,28823.94,-1.58,USA,10.59,1,56.0,5.18,994.43,0.73,10.25,2023,Large,27,1780,35,140774,Yes,No,No,LC,8.0,6.0,4.8,0.45,94.0,Land,365.66,5.0
SUP0892,Indonesia Wheat Exports 563,Indonesia,100199,Wheat,Grains,9989508.0,27519.31,14.44,Brazil,4.59,0,15500.0,5.96,998.95,0.95,3.76,2023,SME,38,7596,29,80856,Yes,Yes,No,Advance,9.0,8.0,3.78,4.38,82.62,Air,237.24,6.0
SUP0893,India Copper Exports 791,India,740311,Copper Cathodes,Industrial,6454101.0,21658.06,14.16,China,7.31,1,83.0,3.0,645.41,0.97,8.39,2023,SME,15,48964,30,102106,Yes,No,No,Advance,5.0,4.0,3.43,3.55,97.68,Land,269.55,10.0
SUP0894,Ethiopia Turmeric Exports 454,Ethiopia,91030,Turmeric,Spices,1931404.0,6997.84,0.61,China,5.27,0,56.0,6.91,193.14,0.89,4.34,2023,SME,27,8142,10,36072,Yes,No,No,LC,8.0,4.0,4.44,3.28,83.76,Sea,217.27,9.0
SUP0895,Argentina Car Exports 966,Argentina,401110,Car Tyres,Automobile,3498815.0,7775.14,12.1,China,7.78,0,850.0,7.92,349.88,0.98,5.5,2023,Large,26,37942,50,86895,Yes,No,No,TT,7.0,7.0,4.47,7.01,89.89,Sea,333.59,4.0
SUP0896,India Soybean Exports 768,India,150710,Soybean Oil,Agriculture,2934996.0,12383.95,4.63,UAE,10.98,0,83.0,4.38,293.5,0.88,5.05,2023,Enterprise,29,11250,11,147176,Yes,Yes,Yes,Advance,9.0,7.0,4.52,4.28,95.15,Land,386.67,8.0
SUP0897,Indonesia Portable Exports 697,Indonesia,847130,Portable Computers,Electronics,8317046.0,19802.49,14.64,UAE,3.39,0,15500.0,5.18,831.7,0.97,3.09,2023,SME,26,36392,43,71436,Yes,No,No,TT,9.0,5.0,3.07,5.71,85.73,Sea,264.42,4.0
SUP0898,Brazil Wheat Exports 194,Brazil,100199,Wheat,Grains,7135338.0,15477.96,1.94,USA,10.62,0,5.0,5.51,713.53,0.88,5.39,2023,Large,10,13544,28,99598,Yes,Yes,No,TT,8.0,7.0,4.04,4.77,98.14,Land,161.09,8.0
SUP0899,Indonesia Raw Exports 530,Indonesia,170114,Raw Sugar,Agriculture,8057267.0,18065.62,7.88,France,8.01,0,15500.0,5.7,805.73,0.91,4.68,2023,SME,29,3190,16,33219,Yes,Yes,No,TT,7.0,8.0,4.81,5.95,97.94,Sea,316.18,6.0
SUP0900,Argentina Footwear Exports 465,Argentina,640399,Footwear,Consumer Goods,8432518.0,30008.96,14.27,Germany,3.71,0,850.0,9.58,843.25,0.96,4.95,2023,Large,16,24538,41,122367,No,No,No,Advance,4.0,6.0,4.98,7.0,91.36,Sea,393.21,10.0
SUP0901,China Soybean Exports 343,China,150710,Soybean Oil,Agriculture,8165836.0,35503.63,7.21,USA,7.89,0,7.0,3.62,816.58,0.95,3.82,2023,Large,27,8313,22,113876,Yes,No,No,Advance,9.0,8.0,3.48,1.94,87.66,Air,466.27,8.0
SUP0902,Ethiopia Power Exports 809,Ethiopia,850440,Power Supply Units,Electronics,7755540.0,51361.19,3.15,Germany,7.8,1,56.0,6.19,775.55,0.87,9.82,2023,SME,11,37634,30,148327,Yes,No,No,Advance,7.0,4.0,4.31,0.53,98.32,Sea,134.04,8.0
SUP0903,China Wheat Exports 863,China,100199,Wheat,Grains,2417425.0,56219.19,3.33,UK,8.26,0,7.0,2.71,241.74,0.85,3.56,2023,Large,40,17439,20,116417,Yes,No,No,Advance,7.0,6.0,5.0,7.23,96.75,Sea,21.52,5.0
SUP0904,USA Cinnamon Exports 685,USA,90611,Cinnamon,Spices,5902564.0,83134.7,8.16,China,3.5,0,1.0,1.13,590.26,0.94,1.5,2023,SME,18,4025,25,93495,No,No,No,Advance,8.0,6.0,4.76,7.96,87.65,Air,132.25,6.0
SUP0905,India Soybeans Exports 571,India,120190,Soybeans,Agriculture,731499.0,1729.31,-0.81,China,6.97,0,83.0,4.2,73.15,0.78,3.77,2023,SME,4,9808,30,91213,Yes,No,No,Advance,10.0,8.0,3.93,4.28,98.9,Land,222.3,5.0
SUP0906,India Copper Exports 757,India,740311,Copper Cathodes,Industrial,7922481.0,92121.87,10.97,China,10.94,0,83.0,3.93,792.25,0.98,4.85,2023,Large,36,39565,54,193649,No,No,No,Advance,8.0,6.0,3.4,2.73,85.66,Air,89.51,10.0
SUP0907,Ethiopia Plastic Exports 309,Ethiopia,392690,Plastic Products,Industrial,2053173.0,186652.09,6.71,Brazil,4.53,1,56.0,5.93,205.32,0.92,8.73,2023,Large,8,6544,24,103934,No,No,No,LC,10.0,6.0,4.9,3.89,85.93,Air,119.28,6.0
SUP0908,Ethiopia Footwear Exports 692,Ethiopia,640399,Footwear,Consumer Goods,5109952.0,15029.27,2.52,China,7.36,0,56.0,7.67,511.0,0.89,5.28,2023,Large,40,28121,40,166264,Yes,No,No,TT,8.0,6.0,4.17,5.19,84.47,Air,267.27,9.0
SUP0909,Argentina Soybeans Exports 320,Argentina,120190,Soybeans,Agriculture,3235596.0,27189.88,4.71,Germany,6.67,1,850.0,6.21,323.56,0.88,9.48,2023,SME,6,15176,26,72799,Yes,Yes,No,Advance,6.0,5.0,2.82,3.04,87.58,Land,32.62,6.0
SUP0910,China Petroleum Exports 142,China,271019,Petroleum Oils,Energy,8002266.0,19807.59,10.22,Brazil,10.61,0,7.0,2.33,800.23,0.97,4.12,2023,SME,12,9380,25,183171,Yes,No,No,TT,5.0,5.0,3.92,3.38,84.57,Air,445.42,9.0
SUP0911,Indonesia Soybean Exports 465,Indonesia,230400,Soybean Meal,Agriculture,5714883.0,12728.02,0.35,Germany,8.83,0,15500.0,4.57,571.49,0.86,4.48,2023,SME,18,16321,15,170884,Yes,Yes,No,LC,6.0,5.0,4.69,6.99,97.5,Land,477.35,7.0
SUP0912,India Motor Exports 220,India,870323,Motor Cars,Automobile,5843024.0,14251.28,14.42,UAE,5.01,0,83.0,3.96,584.3,0.95,3.09,2023,SME,5,33241,38,105294,Yes,No,No,TT,8.0,7.0,3.86,6.02,87.31,Sea,431.8,8.0
SUP0913,India Copper Exports 694,India,740311,Copper Cathodes,Industrial,1803131.0,7043.48,5.02,Japan,4.34,1,83.0,4.9,180.31,0.92,8.26,2023,SME,32,23719,53,182368,Yes,No,No,TT,7.0,5.0,3.53,3.17,86.82,Air,80.95,10.0
SUP0914,Indonesia Soybean Exports 633,Indonesia,230400,Soybean Meal,Agriculture,3846936.0,19829.57,14.96,Germany,9.37,0,15500.0,4.44,384.69,0.95,4.59,2023,Large,32,574,23,167093,No,No,No,LC,6.0,8.0,3.87,2.2,90.6,Sea,407.38,9.0
SUP0915,India Cardamom Exports 515,India,90832,Cardamom,Spices,5077248.0,10599.68,6.4,Germany,4.92,0,83.0,3.36,507.72,0.95,2.82,2023,SME,39,3393,22,78100,Yes,Yes,No,TT,10.0,5.0,5.0,0.32,86.19,Sea,149.3,8.0
SUP0916,India Cinnamon Exports 326,India,90611,Cinnamon,Spices,3876403.0,15321.75,4.7,UK,6.66,0,83.0,3.96,387.64,0.9,3.58,2023,SME,23,4014,20,77770,Yes,No,No,Advance,10.0,4.0,3.62,6.99,85.15,Land,424.99,5.0
SUP0917,India Aluminium Exports 835,India,760110,Aluminium,Industrial,7116473.0,43393.13,9.27,Germany,10.54,0,83.0,4.14,711.65,0.92,4.82,2023,Large,29,20537,40,150508,No,No,No,TT,8.0,5.0,3.9,6.25,95.37,Air,458.01,7.0
SUP0918,Brazil Soybean Exports 948,Brazil,150710,Soybean Oil,Agriculture,4749570.0,16155.0,1.12,USA,8.3,1,5.0,5.18,474.96,0.89,9.56,2023,Enterprise,18,17009,13,109476,Yes,No,No,TT,5.0,6.0,4.05,7.55,87.54,Land,266.4,10.0
SUP0919,Thailand Cinnamon Exports 898,Thailand,90611,Cinnamon,Spices,2473500.0,5436.26,1.5,Mexico,6.44,0,35.0,4.09,247.35,0.89,3.57,2023,SME,38,11351,29,168043,Yes,No,No,Advance,8.0,4.0,4.37,6.6,80.13,Sea,351.51,5.0
SUP0920,Argentina Portable Exports 818,Argentina,847130,Portable Computers,Electronics,5219491.0,25839.06,2.76,France,5.2,0,850.0,9.82,521.95,0.9,5.49,2023,SME,18,15597,20,78911,Yes,No,No,LC,4.0,7.0,4.23,6.0,87.56,Air,138.34,8.0
SUP0921,Indonesia Copper Exports 656,Indonesia,740311,Copper Cathodes,Industrial,8639613.0,19071.99,8.77,Germany,11.51,0,15500.0,4.74,863.96,0.94,5.35,2023,Large,21,29291,40,155459,Yes,No,No,TT,8.0,6.0,4.64,4.47,98.26,Land,18.15,5.0
SUP0922,Indonesia Car Exports 371,Indonesia,401110,Car Tyres,Automobile,923192.0,2522.38,13.49,UK,9.93,0,15500.0,4.64,92.32,0.98,4.83,2023,SME,33,25050,25,123418,No,No,No,LC,7.0,7.0,4.47,2.67,92.15,Land,146.44,7.0
SUP0923,Ethiopia Cardamom Exports 640,Ethiopia,90832,Cardamom,Spices,7540735.0,58911.99,5.89,India,8.94,0,56.0,7.64,754.07,0.91,5.74,2023,Enterprise,6,11047,13,29904,Yes,Yes,No,Advance,4.0,4.0,4.2,4.48,89.06,Air,103.39,5.0
SUP0924,Brazil Raw Exports 40,Brazil,170114,Raw Sugar,Agriculture,6290268.0,45581.65,0.26,France,6.68,0,5.0,7.68,629.03,0.89,5.08,2023,SME,5,6768,19,60256,Yes,No,No,LC,7.0,5.0,4.25,4.78,82.06,Land,167.85,5.0
SUP0925,Indonesia Raw Exports 291,Indonesia,170114,Raw Sugar,Agriculture,1665352.0,5124.16,12.25,Japan,10.37,0,15500.0,5.33,166.54,0.97,5.24,2023,Large,38,1059,19,52261,No,Yes,Yes,LC,4.0,9.0,5.0,4.04,84.97,Land,68.11,6.0
SUP0926,USA Portable Exports 450,USA,847130,Portable Computers,Electronics,6262298.0,34408.23,12.95,India,8.84,0,1.0,1.51,626.23,0.97,3.26,2023,Large,3,23936,29,103746,No,No,No,LC,9.0,8.0,3.9,1.91,82.36,Sea,35.81,5.0
SUP0927,Brazil Soybean Exports 712,Brazil,230400,Soybean Meal,Agriculture,5294720.0,882453.33,9.39,UAE,10.72,1,5.0,7.12,529.47,0.93,11.06,2023,Large,35,18688,22,137721,Yes,Yes,No,TT,7.0,6.0,4.82,3.35,85.92,Air,402.56,6.0
SUP0928,China Medicaments Exports 308,China,300490,Medicaments,Pharma,4472387.0,9872.82,2.67,Brazil,11.72,0,7.0,2.78,447.24,0.86,4.63,2023,Large,39,20977,36,129179,No,No,No,LC,4.0,6.0,3.71,4.35,97.41,Air,99.88,9.0
SUP0929,USA Plastic Exports 319,USA,392690,Plastic Products,Industrial,3017111.0,6764.82,14.46,China,11.62,0,1.0,1.65,301.71,0.97,4.15,2023,Large,17,37906,50,120291,Yes,No,No,TT,7.0,4.0,3.8,1.75,89.95,Air,445.21,8.0
SUP0930,Germany Plastic Exports 821,Germany,392690,Plastic Products,Industrial,2324767.0,41513.7,5.99,USA,11.19,0,0.9,1.92,232.48,0.92,4.12,2023,SME,30,9818,59,137679,No,No,No,Advance,5.0,6.0,4.38,0.95,95.81,Land,123.4,10.0
SUP0931,Argentina Soybeans Exports 74,Argentina,120190,Soybeans,Agriculture,5936159.0,17459.29,9.7,China,7.1,0,850.0,8.23,593.62,0.91,5.42,2023,SME,24,4214,21,117988,Yes,Yes,Yes,LC,6.0,6.0,4.98,3.48,87.1,Air,136.05,9.0
SUP0932,Ethiopia Soybean Exports 944,Ethiopia,230400,Soybean Meal,Agriculture,9955853.0,58563.84,-1.53,UAE,5.71,1,56.0,6.9,995.59,0.81,9.47,2023,Large,40,10396,30,37555,Yes,Yes,No,TT,7.0,8.0,3.97,4.79,88.62,Land,136.07,9.0
SUP0933,Ethiopia Cinnamon Exports 255,Ethiopia,90611,Cinnamon,Spices,7706759.0,183494.26,2.24,Brazil,4.81,0,56.0,5.88,770.68,0.89,3.79,2023,Large,16,3533,29,137492,No,No,No,Advance,4.0,9.0,4.42,0.5,89.17,Land,293.59,6.0
SUP0934,India Footwear Exports 535,India,640399,Footwear,Consumer Goods,7318267.0,27306.97,6.5,Mexico,11.47,1,83.0,4.55,731.83,0.93,10.26,2023,Enterprise,8,24658,26,142882,Yes,No,No,TT,8.0,9.0,3.62,5.97,84.48,Air,247.0,9.0
SUP0935,Germany Aluminium Exports 879,Germany,760110,Aluminium,Industrial,1720363.0,10888.37,3.52,China,5.03,0,0.9,1.12,172.04,0.85,1.96,2023,Large,24,48058,55,194532,Yes,No,No,TT,5.0,8.0,4.93,0.36,94.12,Land,338.69,7.0
SUP0936,Germany Petroleum Exports 639,Germany,271019,Petroleum Oils,Energy,7368998.0,18376.55,-1.91,Japan,3.28,0,0.9,1.07,736.9,0.76,1.41,2023,SME,26,4040,34,39632,Yes,No,No,Advance,9.0,8.0,4.41,0.89,92.3,Sea,182.1,6.0
SUP0937,India Steel Exports 873,India,721420,Steel Bars,Industrial,9489095.0,74717.28,13.33,China,3.77,1,83.0,4.69,948.91,0.97,8.01,2023,SME,34,49732,31,27359,Yes,No,No,LC,8.0,5.0,3.94,5.95,97.38,Land,149.28,10.0
SUP0938,Argentina Ethyl Exports 790,Argentina,220710,Ethyl Alcohol,Chemical,7329081.0,24760.41,5.73,Mexico,5.57,0,850.0,6.82,732.91,0.92,4.4,2023,Large,24,27704,27,137410,Yes,No,No,TT,6.0,5.0,4.3,6.89,98.16,Air,389.81,9.0
SUP0939,Indonesia Wheat Exports 642,Indonesia,100199,Wheat,Grains,4655900.0,108276.74,0.7,UAE,9.58,1,15500.0,5.33,465.59,0.88,10.01,2023,Enterprise,36,19027,20,42199,Yes,Yes,No,LC,8.0,8.0,4.15,5.85,97.46,Land,312.64,5.0
SUP0940,India Steel Exports 201,India,721420,Steel Bars,Industrial,978269.0,2409.53,10.77,India,9.33,0,83.0,4.91,97.83,0.97,4.76,2023,Large,17,10725,42,155334,Yes,No,No,LC,7.0,4.0,3.95,1.54,89.78,Air,148.01,4.0
SUP0941,Indonesia Steel Exports 268,Indonesia,721420,Steel Bars,Industrial,4815139.0,10377.45,6.42,UAE,5.94,0,15500.0,5.52,481.51,0.92,3.99,2023,Enterprise,9,49195,33,135887,Yes,No,No,LC,5.0,6.0,3.55,2.61,90.0,Air,66.16,8.0
SUP0942,Argentina Cardamom Exports 111,Argentina,90832,Cardamom,Spices,622285.0,1793.33,14.76,Germany,7.4,1,850.0,7.95,62.23,0.96,10.4,2023,SME,5,8181,19,112037,Yes,Yes,No,LC,7.0,7.0,4.14,5.34,98.72,Sea,114.49,10.0
SUP0943,USA Wheat Exports 603,USA,100199,Wheat,Grains,9169587.0,19063.59,-0.34,Brazil,9.75,1,1.0,1.55,916.96,0.73,8.54,2023,SME,4,1916,23,46709,No,Yes,No,TT,4.0,5.0,3.96,6.44,85.38,Air,167.12,5.0
SUP0944,Brazil Power Exports 82,Brazil,850440,Power Supply Units,Electronics,3899271.0,62891.47,4.89,UAE,9.98,0,5.0,5.26,389.93,0.86,5.1,2023,SME,28,7050,60,159785,Yes,No,No,LC,9.0,5.0,5.0,2.14,98.67,Land,129.06,8.0
SUP0945,Argentina Wheat Exports 630,Argentina,100199,Wheat,Grains,4025704.0,12311.02,14.6,China,3.02,0,850.0,9.56,402.57,0.95,4.73,2023,SME,17,4325,19,69420,Yes,Yes,No,LC,8.0,5.0,4.92,2.67,94.32,Sea,146.6,7.0
SUP0946,India T-Shirts Exports 806,India,610910,T-Shirts,Textiles,1318895.0,4660.41,13.53,India,3.02,0,83.0,3.38,131.89,0.96,2.26,2023,SME,28,3397,22,82989,Yes,No,No,TT,7.0,9.0,4.21,7.93,95.73,Land,62.36,4.0
SUP0947,Germany Raw Exports 346,Germany,170114,Raw Sugar,Agriculture,7325458.0,14980.49,8.74,USA,6.33,0,0.9,1.15,732.55,0.94,2.36,2023,Enterprise,8,16570,18,20041,No,No,Yes,Advance,8.0,8.0,3.89,0.67,98.62,Sea,188.79,5.0
SUP0948,India Soybeans Exports 668,India,120190,Soybeans,Agriculture,5366333.0,17769.31,3.74,Japan,4.33,0,83.0,3.8,536.63,0.85,2.82,2023,SME,14,16172,24,69978,Yes,No,No,TT,9.0,4.0,3.69,3.12,86.72,Air,99.78,7.0
SUP0949,China T-Shirts Exports 994,China,610910,T-Shirts,Textiles,4945064.0,51511.08,5.73,India,4.65,0,7.0,3.11,494.51,0.93,2.64,2023,SME,27,5134,15,170741,Yes,No,No,LC,10.0,6.0,4.38,0.71,98.84,Air,142.76,4.0
SUP0950,Indonesia Raw Exports 110,Indonesia,170114,Raw Sugar,Agriculture,4493842.0,19538.44,10.48,China,6.4,0,15500.0,5.12,449.38,0.95,3.97,2023,Large,22,12747,11,137594,No,Yes,No,TT,7.0,8.0,4.0,3.39,88.81,Land,257.8,7.0
SUP0951,Vietnam Portable Exports 707,Vietnam,847130,Portable Computers,Electronics,6849249.0,25367.59,-1.0,UK,10.59,1,24000.0,5.85,684.92,0.82,10.52,2023,SME,18,24100,26,63256,Yes,No,No,TT,8.0,6.0,4.09,4.31,88.82,Air,21.96,4.0
SUP0952,Brazil Medicaments Exports 108,Brazil,300490,Medicaments,Pharma,4362210.0,32553.81,4.62,UK,11.81,1,5.0,7.64,436.22,0.89,11.6,2023,SME,8,28458,41,93895,Yes,No,Yes,TT,6.0,7.0,4.11,4.99,84.59,Air,498.73,5.0
SUP0953,China Soybean Exports 949,China,230400,Soybean Meal,Agriculture,8995845.0,32128.02,12.2,China,7.86,0,7.0,3.66,899.58,0.97,3.82,2023,SME,3,10468,20,39967,Yes,Yes,No,TT,8.0,4.0,4.45,5.98,90.78,Land,80.14,5.0
SUP0954,Germany Aluminium Exports 415,Germany,760110,Aluminium,Industrial,7967152.0,65844.23,11.07,USA,7.51,0,0.9,1.94,796.72,0.97,3.03,2023,Enterprise,21,22375,46,120530,Yes,No,No,TT,10.0,10.0,4.17,1.06,92.3,Sea,381.26,7.0
SUP0955,India Soybean Exports 781,India,230400,Soybean Meal,Agriculture,6063927.0,52275.23,12.64,UAE,8.18,0,83.0,3.77,606.39,0.95,3.96,2023,SME,29,8533,24,195536,No,No,Yes,TT,6.0,7.0,4.62,3.76,91.18,Air,166.99,7.0
SUP0956,Thailand Cinnamon Exports 782,Thailand,90611,Cinnamon,Spices,9361412.0,34165.74,8.87,France,3.62,0,35.0,3.35,936.14,0.92,2.43,2023,SME,23,5969,29,180106,Yes,Yes,No,TT,6.0,4.0,4.59,0.34,91.97,Land,259.86,6.0
SUP0957,Germany Raw Exports 281,Germany,170114,Raw Sugar,Agriculture,7774125.0,17548.81,-1.83,China,11.43,1,0.9,1.35,777.41,0.79,8.97,2023,Large,26,19573,30,81354,No,No,Yes,LC,5.0,6.0,3.34,2.14,84.3,Air,300.85,8.0
SUP0958,Vietnam Motor Exports 572,Vietnam,870323,Motor Cars,Automobile,8916220.0,193830.87,13.75,Brazil,7.13,0,24000.0,5.78,891.62,0.98,4.45,2023,Large,21,39594,57,176635,Yes,No,No,Advance,7.0,8.0,4.17,7.18,88.28,Sea,229.75,6.0
SUP0959,USA Black Exports 906,USA,90411,Black Pepper,Spices,9922888.0,26891.3,13.96,Brazil,9.28,0,1.0,1.49,992.29,0.96,3.38,2023,SME,27,1758,16,160548,Yes,No,No,Advance,6.0,7.0,3.9,2.28,88.58,Air,114.06,7.0
SUP0960,Indonesia Motor Exports 789,Indonesia,870323,Motor Cars,Automobile,7181380.0,28052.27,10.61,China,6.89,0,15500.0,4.24,718.14,0.97,3.76,2023,Enterprise,14,34942,28,198725,No,No,No,Advance,8.0,7.0,3.76,0.81,82.48,Sea,243.51,8.0
SUP0961,Vietnam Cinnamon Exports 716,Vietnam,90611,Cinnamon,Spices,2813425.0,19009.63,2.28,Mexico,7.66,0,24000.0,5.31,281.34,0.85,4.42,2023,Large,33,6544,13,140760,Yes,No,No,LC,6.0,4.0,4.62,6.9,95.12,Land,462.61,10.0
SUP0962,Ethiopia Footwear Exports 16,Ethiopia,640399,Footwear,Consumer Goods,2357607.0,17084.11,-0.58,USA,8.57,0,56.0,6.06,235.76,0.76,5.0,2023,Large,8,11844,31,25700,Yes,No,No,Advance,4.0,7.0,5.0,1.22,98.41,Air,269.12,5.0
SUP0963,Ethiopia Car Exports 237,Ethiopia,401110,Car Tyres,Automobile,6739266.0,29048.56,4.13,Brazil,10.39,0,56.0,7.17,673.93,0.88,5.99,2023,Large,19,39706,56,103980,Yes,No,No,Advance,7.0,5.0,3.99,1.67,92.64,Sea,168.0,7.0
SUP0964,India Motor Exports 173,India,870323,Motor Cars,Automobile,3192066.0,26824.08,6.38,USA,4.42,1,83.0,3.8,319.21,0.92,7.85,2023,Large,23,24592,46,131386,Yes,No,No,TT,5.0,4.0,4.2,7.67,95.25,Land,289.67,5.0
SUP0965,Vietnam Ethyl Exports 895,Vietnam,220710,Ethyl Alcohol,Chemical,5211818.0,12008.8,2.72,Mexico,8.71,1,24000.0,4.75,521.18,0.87,9.51,2023,Large,17,13408,15,167140,Yes,No,No,Advance,5.0,8.0,4.55,7.46,84.49,Land,196.54,9.0
SUP0966,Vietnam Aluminium Exports 479,Vietnam,760110,Aluminium,Industrial,8904448.0,42002.11,13.19,Germany,6.81,0,24000.0,5.1,890.44,0.96,4.08,2023,Large,30,5003,22,27735,Yes,No,No,LC,8.0,8.0,4.81,5.4,83.12,Land,312.85,10.0
SUP0967,China Motor Exports 843,China,870323,Motor Cars,Automobile,6023173.0,13266.9,11.66,Brazil,10.86,1,7.0,2.76,602.32,0.98,9.36,2023,SME,33,1097,50,65768,No,No,No,LC,5.0,4.0,3.34,7.03,94.29,Sea,389.47,6.0
SUP0968,China Portable Exports 728,China,847130,Portable Computers,Electronics,8919353.0,38280.48,2.56,Brazil,8.45,0,7.0,2.97,891.94,0.85,3.72,2023,SME,22,26267,53,164711,Yes,No,No,Advance,9.0,6.0,4.09,2.79,96.31,Air,38.13,8.0
SUP0969,Vietnam Aluminium Exports 522,Vietnam,760110,Aluminium,Industrial,2911967.0,14933.16,14.66,Germany,6.53,0,24000.0,4.62,291.2,0.98,3.81,2023,SME,23,14786,40,35268,No,No,No,LC,6.0,6.0,4.0,6.25,96.27,Air,98.35,8.0
SUP0970,China Soybean Exports 326,China,150710,Soybean Oil,Agriculture,7816154.0,71707.83,5.41,France,6.16,0,7.0,3.19,781.62,0.94,3.12,2023,Large,24,8663,23,126273,Yes,Yes,No,Advance,6.0,9.0,4.6,1.94,81.01,Air,372.99,4.0
SUP0971,Germany Soybean Exports 149,Germany,150710,Soybean Oil,Agriculture,3474257.0,35093.51,-1.77,Germany,7.82,0,0.9,1.82,347.43,0.71,3.07,2023,SME,7,8647,10,47832,Yes,Yes,Yes,TT,4.0,8.0,4.51,5.45,93.95,Sea,33.32,9.0
SUP0972,USA Black Exports 891,USA,90411,Black Pepper,Spices,3090046.0,128751.92,12.73,Brazil,8.93,0,1.0,1.47,309.0,0.97,3.27,2023,SME,12,16046,17,26997,Yes,No,No,Advance,7.0,7.0,4.58,1.2,92.48,Land,200.71,6.0
SUP0973,China Power Exports 526,China,850440,Power Supply Units,Electronics,4738905.0,11256.31,9.39,Japan,11.29,0,7.0,3.59,473.89,0.93,4.82,2023,SME,9,38006,49,92441,No,No,No,TT,8.0,4.0,4.47,6.47,89.05,Land,223.54,7.0
SUP0974,Thailand Soybean Exports 470,Thailand,150710,Soybean Oil,Agriculture,5435840.0,30538.43,8.74,China,10.21,0,35.0,3.03,543.58,0.93,4.28,2023,Large,40,12880,15,31972,Yes,No,No,TT,9.0,4.0,4.34,0.3,80.81,Air,495.36,8.0
SUP0975,Germany Rice Exports 99,Germany,100630,Rice,Grains,8333063.0,146194.09,0.96,China,11.69,0,0.9,1.08,833.31,0.87,3.94,2023,Large,3,11968,26,55441,Yes,Yes,No,Advance,8.0,8.0,3.83,0.77,83.91,Air,290.92,6.0
SUP0976,Brazil Footwear Exports 304,Brazil,640399,Footwear,Consumer Goods,7788959.0,23112.64,0.12,Mexico,4.26,0,5.0,5.06,778.9,0.88,3.3,2023,Enterprise,6,8058,29,174625,Yes,No,No,LC,4.0,4.0,3.79,6.26,85.84,Sea,48.59,5.0
SUP0977,Argentina Aluminium Exports 447,Argentina,760110,Aluminium,Industrial,4531241.0,73084.53,6.37,UAE,6.33,0,850.0,9.0,453.12,0.9,5.5,2023,Large,24,49131,48,30986,Yes,No,No,TT,6.0,5.0,4.95,5.35,90.97,Sea,453.24,8.0
SUP0978,Ethiopia Coffee Exports 424,Ethiopia,90111,Coffee,Agriculture,6011109.0,1001851.5,1.84,Germany,3.78,0,56.0,6.82,601.11,0.88,3.86,2023,Enterprise,30,15009,27,195369,No,No,Yes,Advance,5.0,9.0,4.9,7.89,95.54,Land,444.58,5.0
SUP0979,India Soybean Exports 82,India,150710,Soybean Oil,Agriculture,4368191.0,14369.05,8.09,Mexico,9.35,0,83.0,3.61,436.82,0.9,4.25,2023,SME,21,11013,10,139404,Yes,No,Yes,TT,9.0,9.0,4.67,0.71,84.18,Land,436.37,8.0
SUP0980,China Footwear Exports 961,China,640399,Footwear,Consumer Goods,1001886.0,2096.0,5.59,Japan,8.26,1,7.0,3.88,100.19,0.9,9.03,2023,Large,37,26428,41,183232,No,No,No,Advance,10.0,6.0,5.0,3.72,92.41,Air,159.66,9.0
SUP0981,Germany Turmeric Exports 880,Germany,91030,Turmeric,Spices,2909088.0,8103.31,9.61,USA,8.21,0,0.9,1.16,290.91,0.95,2.93,2023,Large,14,3825,29,68923,Yes,Yes,No,TT,7.0,9.0,3.74,1.85,95.36,Sea,270.58,9.0
SUP0982,Brazil Portable Exports 835,Brazil,847130,Portable Computers,Electronics,2357373.0,130965.17,13.89,USA,10.43,0,5.0,6.03,235.74,0.96,5.54,2023,SME,18,13543,41,135571,No,No,No,Advance,7.0,4.0,3.57,3.54,93.36,Sea,16.62,10.0
SUP0983,China Motor Exports 569,China,870323,Motor Cars,Automobile,6090598.0,18456.36,12.36,Brazil,3.85,1,7.0,3.8,609.06,0.97,7.67,2023,Large,24,41733,34,40284,Yes,No,No,Advance,6.0,4.0,3.75,7.87,88.69,Sea,378.93,5.0
SUP0984,Argentina Cardamom Exports 547,Argentina,90832,Cardamom,Spices,3522109.0,10209.01,12.39,France,4.46,0,850.0,9.28,352.21,0.96,5.05,2023,Large,26,17525,20,135429,Yes,No,No,LC,9.0,6.0,4.68,2.04,94.49,Air,154.37,4.0
SUP0985,Vietnam Copper Exports 299,Vietnam,740311,Copper Cathodes,Industrial,1685590.0,9915.24,-2.0,Japan,3.83,0,24000.0,5.96,168.56,0.83,3.53,2023,Enterprise,12,33472,53,40679,Yes,No,No,LC,7.0,8.0,4.66,0.29,91.14,Air,171.02,4.0
SUP0986,Ethiopia Cardamom Exports 999,Ethiopia,90832,Cardamom,Spices,3577460.0,397495.56,7.53,Germany,5.15,0,56.0,6.56,357.75,0.92,4.17,2023,SME,6,940,30,30521,No,Yes,No,LC,4.0,7.0,4.49,3.68,86.3,Sea,285.89,4.0
SUP0987,Germany Petroleum Exports 42,Germany,271019,Petroleum Oils,Energy,6161701.0,13601.99,3.54,USA,9.28,1,0.9,1.17,616.17,0.85,8.25,2023,SME,32,27425,16,70112,Yes,No,No,TT,10.0,6.0,4.05,1.91,92.06,Sea,375.78,4.0
SUP0988,Indonesia Raw Exports 637,Indonesia,170114,Raw Sugar,Agriculture,2042325.0,11039.59,10.97,Mexico,8.03,1,15500.0,5.9,204.23,0.96,9.77,2023,SME,40,16090,20,167644,No,No,No,Advance,4.0,5.0,4.36,4.19,82.6,Land,426.34,8.0
SUP0989,Brazil Medicaments Exports 450,Brazil,300490,Medicaments,Pharma,2711144.0,5488.15,-1.59,Japan,3.73,1,5.0,7.83,271.11,0.84,9.25,2023,SME,10,10585,18,128266,Yes,No,No,TT,9.0,4.0,3.78,6.38,95.28,Air,321.95,7.0
SUP0990,Germany Ethyl Exports 110,Germany,220710,Ethyl Alcohol,Chemical,9094507.0,22736.27,2.49,Brazil,7.43,0,0.9,1.49,909.45,0.88,2.82,2023,SME,22,26871,37,145136,Yes,No,No,TT,5.0,8.0,4.92,0.15,87.18,Air,452.82,5.0
SUP0991,Argentina Wheat Exports 977,Argentina,100199,Wheat,Grains,1804131.0,4357.8,-0.46,Germany,3.33,0,850.0,7.32,180.41,0.78,3.93,2023,Large,6,14501,21,75769,Yes,Yes,No,TT,5.0,6.0,4.45,7.95,95.07,Land,22.07,6.0
SUP0992,India Footwear Exports 817,India,640399,Footwear,Consumer Goods,9359426.0,19871.39,11.65,China,7.43,0,83.0,4.2,935.94,0.97,3.91,2023,SME,3,4402,44,74329,Yes,No,No,TT,5.0,8.0,4.96,1.53,93.26,Sea,53.71,10.0
SUP0993,Germany T-Shirts Exports 542,Germany,610910,T-Shirts,Textiles,8049625.0,243928.03,12.97,India,4.37,0,0.9,1.77,804.96,0.97,2.02,2023,Large,24,13245,25,175304,Yes,No,No,Advance,5.0,10.0,4.41,3.46,87.11,Sea,480.17,8.0
SUP0994,Thailand Ethyl Exports 209,Thailand,220710,Ethyl Alcohol,Chemical,7428598.0,22787.11,9.82,Germany,10.78,0,35.0,4.02,742.86,0.94,4.84,2023,SME,28,14609,18,134108,No,No,No,TT,10.0,5.0,4.47,6.74,96.39,Land,414.72,7.0
SUP0995,Thailand Motor Exports 544,Thailand,870323,Motor Cars,Automobile,8654739.0,18773.84,1.73,China,3.89,0,35.0,4.46,865.47,0.89,2.95,2023,SME,10,44166,35,65280,Yes,No,No,TT,9.0,4.0,4.88,7.81,80.7,Air,181.18,10.0
SUP0996,Thailand Car Exports 875,Thailand,401110,Car Tyres,Automobile,4640491.0,10618.97,0.48,UAE,3.25,1,35.0,4.46,464.05,0.89,7.76,2023,Large,18,17902,26,118307,Yes,No,No,Advance,10.0,4.0,5.0,3.09,92.21,Air,406.09,9.0
SUP0997,Germany Power Exports 953,Germany,850440,Power Supply Units,Electronics,1202149.0,3320.85,7.12,Germany,10.12,1,0.9,1.1,120.21,0.9,8.48,2023,SME,17,47097,57,79776,Yes,No,No,LC,6.0,7.0,4.73,1.42,81.77,Sea,7.54,8.0
SUP0998,Vietnam Motor Exports 70,Vietnam,870323,Motor Cars,Automobile,7366351.0,19283.64,4.39,UAE,7.26,0,24000.0,5.15,736.64,0.86,4.24,2023,Large,30,30983,42,134324,Yes,No,No,LC,9.0,8.0,4.24,0.57,88.68,Land,218.64,5.0
SUP0999,India Soybean Exports 306,India,150710,Soybean Oil,Agriculture,7299660.0,39672.07,4.56,India,5.38,0,83.0,3.28,729.97,0.85,2.93,2023,Large,6,12525,14,30929,Yes,No,Yes,TT,7.0,7.0,3.7,5.0,87.12,Sea,433.83,8.0
SUP1000,Ethiopia Footwear Exports 976,Ethiopia,640399,Footwear,Consumer Goods,4875541.0,21015.26,7.4,Germany,5.71,0,56.0,5.39,487.55,0.92,3.87,2023,Enterprise,6,3122,36,85587,Yes,No,No,TT,8.0,5.0,4.73,2.59,90.14,Land,339.55,9.0
SUP_A0C52CCC,India Onion Exports Ltd.,India,70313,Onion,Agriculture,3836977.25,356787.0,1.7,France,1.54,,82.03,0.0631,66663.0,0.71,1.87,2024,Small,37,4257,41,159974,Yes,Yes,No,LC,7.6,4.8,4.1,1.46,88.2,Multi-modal,0.96,6.9
SUP_F9324169,Netherlands Potato Exports Ltd.,Netherlands,70154,Potato,Agriculture,3216767.14,946335.0,-3.7,Canada,8.04,High,57.09,0.0597,484846.0,0.88,4.54,2024,Large,38,4150,11,62012,Yes,Yes,No,TT,8.2,5.9,4.2,4.19,87.4,Multi-modal,1.44,6.3
SUP_0583F309,Spain Onion Exports Ltd.,Spain,70319,Onion,Agriculture,3241089.53,279451.0,11.02,Germany,2.45,,148.43,0.0676,342002.0,0.76,2.3,2024,Small,16,1525,27,155162,Yes,Yes,No,Net 30,4.3,6.5,4.8,3.25,87.1,Air Freight,1.61,7.8
SUP_C35AB897,Spain Potato Exports Ltd.,Spain,70184,Potato,Agriculture,2427952.22,711878.0,6.98,Germany,14.96,,74.28,0.078,107487.0,0.74,1.64,2024,Enterprise,40,2040,31,150039,Yes,Yes,Yes,LC,7.1,4.6,4.8,3.78,96.5,Multi-modal,1.0,7.2
SUP_7FF7BFB1,India Potato Exports Ltd.,India,70143,Potato,Agriculture,4873496.44,898975.0,0.36,USA,13.06,,96.02,0.0648,130131.0,0.81,1.65,2024,Small,40,6310,38,55105,Yes,Yes,No,Net 30,4.4,5.2,4.4,0.49,95.9,Sea Freight,4.9,7.7
SUP_4BDDC4C2,Vietnam Tomato Exports Ltd.,Vietnam,70294,Tomato,Agriculture,2638770.7,676510.0,-0.05,UAE,13.09,,32.16,0.0585,432694.0,0.9,3.85,2024,Enterprise,44,7118,35,185679,Yes,Yes,Yes,LC,6.5,5.2,3.8,0.45,94.4,Air Freight,0.8,5.2
SUP_FAB4CF5F,India Potato Exports Ltd.,India,70175,Potato,Agriculture,1571020.85,801474.0,9.56,UAE,1.98,Low,85.87,0.0525,461366.0,0.84,2.63,2024,Small,8,8062,29,161038,Yes,No,Yes,LC,3.4,7.6,4.7,0.64,87.9,Land,1.13,5.9
SUP_0E47ED98,Vietnam Potato Exports Ltd.,Vietnam,70119,Potato,Agriculture,2494088.35,997546.0,11.51,USA,9.78,,2.71,0.0184,445085.0,0.95,1.67,2024,Enterprise,32,4502,32,65370,Yes,Yes,Yes,Advance,4.7,7.5,4.6,3.94,94.9,Land,1.2,6.5
SUP_B215A331,Egypt Tomato Exports Ltd.,Egypt,70279,Tomato,Agriculture,774309.07,428838.0,-3.29,UAE,7.15,Low,79.9,0.0151,316248.0,0.72,1.74,2024,Small,45,4853,32,81427,No,Yes,No,LC,6.7,6.1,4.4,2.66,98.9,Air Freight,3.51,6.6
SUP_3C03CB11,Mexico Potato Exports Ltd.,Mexico,70126,Potato,Agriculture,3522606.0,414569.0,8.72,Japan,14.04,,93.36,0.0607,102418.0,0.72,1.85,2024,Large,10,6718,11,114037,Yes,Yes,No,Net 30,6.7,8.9,4.5,0.14,97.2,Multi-modal,4.69,5.5
SUP_94C7BF01,Brazil Tomato Exports Ltd.,Brazil,70224,Tomato,Agriculture,4503707.18,878480.0,11.6,UK,4.23,,51.76,0.0719,497171.0,0.78,2.95,2024,Small,7,7939,24,61557,Yes,Yes,No,Net 30,4.0,6.2,4.6,2.85,86.7,Air Freight,2.96,9.2
SUP_C77D2DC9,Egypt Onion Exports Ltd.,Egypt,70328,Onion,Agriculture,2434040.21,143860.0,4.25,Japan,14.58,,53.99,0.0714,399665.0,0.73,4.12,2024,Enterprise,41,3532,22,92598,No,No,No,LC,4.1,8.6,4.7,2.12,95.0,Air Freight,1.7,8.9
SUP_BF25DE10,Mexico Tomato Exports Ltd.,Mexico,70214,Tomato,Agriculture,4363669.63,333238.0,0.99,Canada,5.24,Low,130.76,0.0301,396047.0,0.76,2.31,2024,Small,19,6753,39,154773,Yes,No,Yes,LC,3.7,8.9,3.8,4.82,89.0,Sea Freight,3.18,6.7
SUP_A875BB64,Mexico Potato Exports Ltd.,Mexico,70187,Potato,Agriculture,4929061.32,221263.0,6.56,UAE,2.85,,65.69,0.0568,472843.0,0.86,3.88,2024,Medium,25,8066,11,136559,Yes,Yes,Yes,Net 30,6.0,7.3,4.0,3.52,93.3,Air Freight,2.39,9.7
SUP_CE7278B0,Spain Onion Exports Ltd.,Spain,70332,Onion,Agriculture,3269817.12,415568.0,7.18,Japan,0.01,,64.77,0.0622,393254.0,0.79,2.77,2024,Medium,34,8752,17,72228,Yes,Yes,No,LC,7.9,7.8,4.5,1.2,88.0,Sea Freight,0.71,9.9
SUP_8535F917,Netherlands Onion Exports Ltd.,Netherlands,70319,Onion,Agriculture,2549372.76,760356.0,12.27,France,10.45,,36.98,0.069,52907.0,0.96,4.44,2024,Small,29,4585,18,185779,Yes,Yes,No,LC,5.7,8.0,4.5,4.94,93.9,Land,3.26,8.6
SUP_0481FF71,Mexico Onion Exports Ltd.,Mexico,70380,Onion,Agriculture,2506611.25,266889.0,17.31,Canada,6.75,,126.06,0.035,457725.0,0.85,3.51,2024,Large,30,2269,25,111471,Yes,Yes,No,TT,3.9,5.9,3.7,1.15,91.2,Multi-modal,2.94,7.1
SUP_49D6FF31,Netherlands Tomato Exports Ltd.,Netherlands,70263,Tomato,Agriculture,2252645.66,907189.0,12.52,France,0.29,Low,86.57,0.0529,234422.0,0.79,2.56,2024,Enterprise,36,9947,45,107812,Yes,Yes,Yes,Advance,5.0,7.4,4.1,0.91,92.0,Air Freight,4.91,7.7
SUP_4A0F7DD2,Egypt Potato Exports Ltd.,Egypt,70182,Potato,Agriculture,3483498.91,188025.0,14.28,Germany,13.0,,39.39,0.0395,288393.0,0.79,4.04,2024,Enterprise,19,7906,23,71471,Yes,Yes,Yes,Net 30,4.3,4.3,4.9,0.3,85.5,Air Freight,1.4,5.1
SUP_54B24556,Vietnam Tomato Exports Ltd.,Vietnam,70226,Tomato,Agriculture,2631024.77,219946.0,11.92,Germany,6.98,,55.65,0.0645,442128.0,0.91,4.11,2024,Medium,21,2771,44,56731,No,Yes,No,Advance,5.4,7.6,3.6,3.48,94.3,Sea Freight,3.64,6.5
SUP_D4301933,Egypt Onion Exports Ltd.,Egypt,70325,Onion,Agriculture,4083022.47,693423.0,18.48,UK,7.99,,10.81,0.0683,56633.0,0.95,4.29,2024,Small,29,6934,36,90105,Yes,Yes,No,Net 30,6.7,8.6,4.7,2.38,97.3,Multi-modal,1.95,6.2
SUP_E3612B0F,Brazil Tomato Exports Ltd.,Brazil,70267,Tomato,Agriculture,1597385.48,587282.0,12.1,France,5.68,,127.72,0.0264,161211.0,0.8,2.03,2024,Large,40,5526,42,52661,Yes,Yes,Yes,Advance,5.9,7.8,4.5,3.26,92.3,Sea Freight,0.92,6.1
SUP_41D5309D,Vietnam Onion Exports Ltd.,Vietnam,70349,Onion,Agriculture,3487820.1,486945.0,9.2,UAE,5.16,High,82.78,0.0417,287893.0,0.78,2.01,2024,Small,48,4155,27,81340,No,No,No,TT,4.3,6.4,4.6,4.89,92.8,Multi-modal,4.91,9.2
SUP_7E7EB352,Vietnam Potato Exports Ltd.,Vietnam,70156,Potato,Agriculture,1307486.95,114835.0,16.24,Germany,4.11,High,83.23,0.0728,116206.0,0.88,4.01,2024,Small,2,5658,37,175492,Yes,Yes,Yes,Advance,3.7,4.3,4.2,2.93,95.2,Air Freight,1.17,7.8
SUP_3AB3E7FA,India Potato Exports Ltd.,India,70141,Potato,Agriculture,1033032.03,901577.0,7.49,UAE,11.86,,78.62,0.0505,282113.0,0.79,3.35,2024,Enterprise,21,1986,13,104470,Yes,Yes,Yes,TT,4.0,4.4,3.5,2.31,93.8,Multi-modal,0.65,6.4
SUP_C9CBD408,Spain Potato Exports Ltd.,Spain,70168,Potato,Agriculture,820308.92,344762.0,22.72,Japan,11.87,,120.68,0.0278,110175.0,0.86,3.59,2024,Large,11,2169,10,93495,No,Yes,No,Net 30,5.6,6.3,4.0,2.07,89.1,Land,2.47,8.0
SUP_6A32C800,Spain Potato Exports Ltd.,Spain,70151,Potato,Agriculture,3216711.38,127121.0,-2.26,France,12.54,,142.64,0.1,402469.0,0.94,3.3,2024,Medium,32,9502,35,122917,Yes,Yes,No,Advance,8.8,6.4,4.1,1.67,86.6,Air Freight,1.98,8.5
SUP_E340125C,Spain Potato Exports Ltd.,Spain,70161,Potato,Agriculture,4161047.16,676818.0,-3.9,USA,4.72,,145.54,0.0464,319796.0,0.94,1.0,2024,Enterprise,28,1888,19,185905,Yes,Yes,No,LC,4.2,6.7,4.9,2.25,95.4,Sea Freight,0.63,8.2
SUP_D6D10035,Spain Tomato Exports Ltd.,Spain,70230,Tomato,Agriculture,1898375.62,114338.0,11.57,USA,3.37,Low,17.46,0.0952,389586.0,0.94,2.99,2024,Large,34,5479,33,176484,No,Yes,No,Advance,4.1,7.0,4.6,0.77,86.0,Land,2.03,8.9
SUP_BD2588F0,Netherlands Potato Exports Ltd.,Netherlands,70110,Potato,Agriculture,1772775.42,413058.0,20.12,UAE,14.98,,22.72,0.0585,230944.0,0.8,4.05,2024,Enterprise,31,6272,19,112601,Yes,Yes,No,LC,4.9,6.4,4.9,1.97,99.7,Air Freight,2.73,5.2
SUP_54E650F0,Egypt Onion Exports Ltd.,Egypt,70352,Onion,Agriculture,4413651.41,986088.0,8.21,UAE,13.66,,22.05,0.0884,130929.0,0.72,4.13,2024,Large,23,7512,12,136131,No,No,Yes,Net 30,6.8,8.4,4.2,2.75,94.2,Air Freight,3.34,9.6
SUP_66A3C885,Spain Tomato Exports Ltd.,Spain,70221,Tomato,Agriculture,2452871.62,203225.0,17.81,France,13.09,,104.25,0.0913,74112.0,0.79,1.22,2024,Large,25,8056,16,114014,Yes,Yes,No,TT,4.1,7.0,4.1,3.45,92.4,Air Freight,1.54,8.2
SUP_7532BE28,Brazil Potato Exports Ltd.,Brazil,70195,Potato,Agriculture,542288.44,943718.0,8.96,UK,10.16,,66.54,0.0411,358056.0,0.79,4.85,2024,Large,31,5949,19,150845,No,Yes,Yes,Net 30,6.4,9.0,3.9,4.89,94.8,Multi-modal,0.54,9.3
SUP_AC606E49,India Onion Exports Ltd.,India,70387,Onion,Agriculture,3853274.69,973294.0,22.12,UK,11.64,,120.39,0.0297,149683.0,0.88,3.71,2024,Medium,42,2591,9,130984,No,Yes,Yes,TT,3.5,5.5,4.6,0.96,87.0,Multi-modal,2.89,9.6
SUP_B62A1F92,Brazil Tomato Exports Ltd.,Brazil,70271,Tomato,Agriculture,4853228.34,409478.0,17.4,UK,12.06,,11.76,0.0779,168287.0,0.95,3.9,2024,Enterprise,37,6992,12,153435,Yes,Yes,Yes,Net 30,6.5,8.1,4.9,0.63,88.5,Sea Freight,3.29,9.7
SUP_BCFB1F77,Egypt Potato Exports Ltd.,Egypt,70138,Potato,Agriculture,3414435.71,766269.0,19.72,France,4.53,,21.4,0.0952,209574.0,0.99,1.46,2024,Medium,36,3222,31,168919,Yes,No,No,Advance,6.5,7.6,4.8,3.31,97.4,Land,4.73,6.4
SUP_73091A70,Brazil Onion Exports Ltd.,Brazil,70337,Onion,Agriculture,2495223.89,347582.0,20.66,USA,14.71,,135.3,0.068,81745.0,0.82,1.76,2024,Small,31,2501,20,55598,Yes,Yes,No,TT,3.4,7.8,3.8,1.16,98.0,Multi-modal,3.98,8.9
SUP_3B2D0DF4,India Onion Exports Ltd.,India,70345,Onion,Agriculture,4362827.57,251716.0,24.63,UAE,3.76,,99.33,0.0123,57791.0,0.8,4.15,2024,Large,3,3854,23,63736,Yes,Yes,Yes,LC,5.9,7.9,4.3,0.63,92.5,Sea Freight,3.77,9.5
SUP_CA197340,Egypt Onion Exports Ltd.,Egypt,70348,Onion,Agriculture,2561191.35,132663.0,-3.18,Canada,12.71,,16.64,0.0741,282554.0,0.72,1.32,2024,Medium,6,3067,24,193748,No,Yes,No,Net 30,5.7,7.0,3.6,3.54,97.7,Air Freight,2.44,9.4
SUP_81222826,Brazil Potato Exports Ltd.,Brazil,70168,Potato,Agriculture,2294285.83,865054.0,-2.15,Canada,4.69,,143.06,0.0718,298652.0,0.72,4.33,2024,Small,29,2582,30,84108,Yes,Yes,No,Net 30,7.0,6.1,4.8,4.71,91.3,Sea Freight,4.86,8.0
SUP_E0FF233A,India Potato Exports Ltd.,India,70183,Potato,Agriculture,2783356.46,262246.0,14.7,Germany,12.71,,83.66,0.0203,196049.0,0.87,4.23,2024,Small,40,5381,8,97294,Yes,Yes,No,Net 30,3.0,8.3,4.3,2.06,87.1,Sea Freight,0.91,7.7
SUP_8E1586F1,Mexico Potato Exports Ltd.,Mexico,70168,Potato,Agriculture,2034031.92,488028.0,4.35,UK,11.65,,13.2,0.0147,132528.0,0.92,1.2,2024,Small,19,8259,34,177313,Yes,Yes,Yes,LC,5.1,4.6,4.5,3.01,92.9,Multi-modal,0.7,7.0
SUP_390AD849,India Onion Exports Ltd.,India,70310,Onion,Agriculture,1419904.06,321494.0,18.02,Japan,3.83,,1.66,0.0772,142114.0,0.74,3.13,2024,Medium,34,6802,11,154089,No,Yes,Yes,LC,8.2,6.9,4.4,3.58,91.2,Sea Freight,2.32,9.8
SUP_9772F0C6,Netherlands Tomato Exports Ltd.,Netherlands,70289,Tomato,Agriculture,2570436.06,823108.0,22.59,USA,6.55,,65.63,0.046,91233.0,0.81,2.24,2024,Large,16,6456,17,70022,Yes,Yes,No,Net 30,5.1,8.8,4.5,0.82,86.5,Multi-modal,1.39,8.0
SUP_2F3A7B82,India Onion Exports Ltd.,India,70332,Onion,Agriculture,4780814.63,758452.0,9.82,Japan,8.46,,102.33,0.0894,387112.0,0.88,3.5,2024,Large,11,8205,11,172924,Yes,Yes,Yes,LC,5.1,4.4,4.2,0.28,90.5,Multi-modal,0.85,9.3
SUP_A90FE9AA,Egypt Tomato Exports Ltd.,Egypt,70286,Tomato,Agriculture,2781805.18,585188.0,12.41,Japan,11.08,,136.4,0.0614,148691.0,0.79,2.9,2024,Medium,5,8381,13,140030,No,Yes,No,LC,4.5,6.2,4.2,2.66,87.4,Multi-modal,4.63,6.9
SUP_D5785D33,Spain Potato Exports Ltd.,Spain,70186,Potato,Agriculture,735644.83,761532.0,14.42,USA,4.95,,58.29,0.0327,496465.0,0.89,4.63,2024,Medium,23,2335,44,87074,No,Yes,No,Advance,3.8,7.5,3.6,2.84,94.6,Multi-modal,4.16,8.4
SUP_7243942C,Spain Onion Exports Ltd.,Spain,70377,Onion,Agriculture,920538.34,803024.0,7.7,UK,0.27,,142.7,0.0408,451686.0,0.84,1.91,2024,Medium,11,2264,25,76513,Yes,Yes,No,LC,7.0,8.4,4.4,3.03,87.3,Air Freight,4.24,8.9
SUP_CDC2D15D,Spain Tomato Exports Ltd.,Spain,70266,Tomato,Agriculture,696615.93,481995.0,15.29,Germany,14.54,,112.98,0.0805,172684.0,0.85,2.24,2024,Enterprise,14,7026,43,165499,Yes,Yes,Yes,Advance,8.8,8.1,4.7,0.78,88.7,Land,4.43,7.8
SUP_E18674CF,Spain Tomato Exports Ltd.,Spain,70276,Tomato,Agriculture,4330247.22,398910.0,-2.48,Germany,4.09,Low,22.53,0.0494,166411.0,0.94,4.54,2024,Small,28,1872,32,181598,Yes,Yes,Yes,TT,3.2,8.7,4.8,3.28,96.8,Air Freight,0.67,9.6
SUP_E0F83F23,Spain Potato Exports Ltd.,Spain,70127,Potato,Agriculture,3914785.2,591897.0,8.46,USA,13.59,,32.74,0.0235,431280.0,0.88,2.69,2024,Large,17,5934,14,62517,Yes,Yes,No,LC,3.7,8.5,4.4,0.18,92.7,Air Freight,3.73,6.5
SUP_F32D3BB7,Egypt Tomato Exports Ltd.,Egypt,70255,Tomato,Agriculture,1582539.07,536802.0,0.62,France,1.28,High,10.62,0.0573,315985.0,0.93,3.03,2024,Small,26,8702,9,151418,No,Yes,Yes,LC,5.1,7.7,4.4,3.88,96.0,Multi-modal,1.1,6.8
SUP_0B95F8F8,Netherlands Potato Exports Ltd.,Netherlands,70192,Potato,Agriculture,1287901.07,916990.0,15.54,France,7.18,,20.66,0.0744,289955.0,0.71,1.81,2024,Medium,4,6170,26,185104,Yes,No,Yes,LC,7.5,5.0,4.0,3.93,97.9,Multi-modal,1.73,9.0
SUP_8A1AF081,Mexico Potato Exports Ltd.,Mexico,70166,Potato,Agriculture,4525868.73,505426.0,5.17,Germany,7.44,,138.68,0.0567,470032.0,0.72,2.7,2024,Enterprise,40,3956,41,127009,Yes,Yes,No,Net 30,5.7,7.6,3.7,2.28,91.7,Multi-modal,3.27,7.2
SUP_47561B72,Netherlands Onion Exports Ltd.,Netherlands,70317,Onion,Agriculture,837685.24,768480.0,7.19,UAE,12.02,,142.94,0.0229,368543.0,0.9,2.75,2024,Medium,6,4866,30,144935,Yes,Yes,No,Advance,8.7,5.9,4.6,2.91,92.9,Land,1.91,6.4
SUP_08ACD10F,India Tomato Exports Ltd.,India,70233,Tomato,Agriculture,2745697.82,505785.0,22.41,USA,3.93,,67.22,0.0997,199724.0,0.9,4.99,2024,Medium,9,3223,11,168500,Yes,Yes,No,Net 30,7.0,7.5,4.3,1.52,89.5,Air Freight,3.7,9.6
SUP_5F9CB464,Vietnam Onion Exports Ltd.,Vietnam,70356,Onion,Agriculture,2789400.85,227257.0,24.55,Japan,2.08,,4.43,0.0599,243415.0,0.84,4.93,2024,Medium,41,2412,11,131078,Yes,Yes,Yes,Advance,7.6,8.1,3.6,4.86,94.6,Land,2.6,7.6
SUP_F7F6327E,Netherlands Tomato Exports Ltd.,Netherlands,70280,Tomato,Agriculture,3379072.68,290802.0,18.03,Germany,6.49,Low,8.78,0.0212,130224.0,0.79,1.65,2024,Medium,24,9501,25,70672,Yes,Yes,No,TT,6.8,7.1,3.6,3.24,93.8,Air Freight,1.27,8.1
SUP_C4741CCE,Brazil Onion Exports Ltd.,Brazil,70382,Onion,Agriculture,685374.37,129751.0,-2.56,France,11.57,,32.02,0.0615,374066.0,0.89,2.99,2024,Large,43,5949,37,114193,No,Yes,Yes,LC,7.1,4.8,4.1,2.38,90.1,Air Freight,1.91,8.6
SUP_FE6664B4,Netherlands Onion Exports Ltd.,Netherlands,70354,Onion,Agriculture,4889183.58,237118.0,17.82,UAE,8.42,,70.24,0.0341,179980.0,0.74,1.2,2024,Enterprise,41,7850,22,91864,No,No,No,TT,7.6,6.5,4.3,2.54,89.6,Sea Freight,0.91,7.0
SUP_A3644AB8,Vietnam Potato Exports Ltd.,Vietnam,70137,Potato,Agriculture,3125048.5,151021.0,-3.48,Canada,8.96,Low,101.04,0.0357,54287.0,0.95,2.72,2024,Large,48,6992,32,145928,Yes,Yes,No,Net 30,6.3,4.4,4.3,3.85,89.2,Sea Freight,1.08,5.5
SUP_77DE5C6C,Netherlands Potato Exports Ltd.,Netherlands,70153,Potato,Agriculture,3010243.27,483366.0,17.65,Germany,9.04,,6.52,0.0135,424127.0,0.8,2.89,2024,Enterprise,11,9446,15,135974,No,Yes,Yes,Net 30,6.6,6.5,4.3,2.5,93.4,Land,4.17,6.8
SUP_71E7BA1E,India Onion Exports Ltd.,India,70363,Onion,Agriculture,3126659.64,935457.0,21.96,Japan,10.32,,71.45,0.097,460467.0,0.98,3.31,2024,Medium,48,1841,44,175946,Yes,Yes,No,Advance,3.9,7.4,3.5,4.75,86.6,Sea Freight,2.48,7.1
SUP_E72D8330,Spain Potato Exports Ltd.,Spain,70136,Potato,Agriculture,2346698.34,912617.0,13.34,Canada,13.09,,9.81,0.0224,158706.0,0.86,4.99,2024,Enterprise,35,7173,27,95398,Yes,Yes,No,Net 30,6.7,5.0,3.9,2.83,88.4,Multi-modal,3.97,8.5
SUP_7D38EA6F,Spain Onion Exports Ltd.,Spain,70372,Onion,Agriculture,1926683.35,465746.0,11.81,Japan,10.82,,86.23,0.0589,256848.0,0.94,4.82,2024,Medium,20,1689,25,70717,Yes,Yes,Yes,Advance,4.3,8.1,3.9,2.85,89.0,Sea Freight,3.27,7.9
SUP_309BFE62,India Tomato Exports Ltd.,India,70295,Tomato,Agriculture,4573328.86,336633.0,14.14,USA,1.5,,71.12,0.0713,122072.0,0.7,3.2,2024,Medium,28,8793,37,102286,No,Yes,Yes,LC,8.4,4.4,4.4,2.72,95.8,Sea Freight,4.61,5.9
SUP_D2B853C7,India Tomato Exports Ltd.,India,70260,Tomato,Agriculture,4045822.83,295361.0,23.1,Japan,13.89,Low,1.89,0.0611,106256.0,0.97,2.34,2024,Enterprise,43,9901,40,179476,No,Yes,No,Net 30,4.2,4.6,3.7,2.35,88.8,Air Freight,0.56,6.7
SUP_0215AC25,Egypt Potato Exports Ltd.,Egypt,70196,Potato,Agriculture,3907772.38,284019.0,13.33,France,13.46,Low,77.53,0.0178,400882.0,0.73,4.93,2024,Enterprise,22,5064,7,118363,Yes,Yes,Yes,Net 30,4.8,7.6,3.5,3.3,95.3,Sea Freight,3.51,7.3
SUP_87A52645,Mexico Tomato Exports Ltd.,Mexico,70297,Tomato,Agriculture,2761342.12,837733.0,18.1,France,1.76,Low,44.61,0.0653,164886.0,0.98,2.91,2024,Enterprise,49,7121,33,193978,No,Yes,No,TT,7.6,7.4,4.4,3.96,92.8,Multi-modal,0.85,7.8
SUP_C4461CFA,Netherlands Tomato Exports Ltd.,Netherlands,70280,Tomato,Agriculture,4562996.72,311976.0,12.18,Germany,2.47,Low,66.56,0.0712,425871.0,0.87,1.36,2024,Enterprise,5,8429,15,184544,Yes,Yes,No,Net 30,7.3,6.0,4.7,3.75,93.6,Sea Freight,2.41,8.5
SUP_54BC54C2,India Onion Exports Ltd.,India,70318,Onion,Agriculture,4937617.62,595002.0,-4.05,Canada,2.7,,96.41,0.0756,270390.0,0.81,4.57,2024,Enterprise,26,7154,12,191374,Yes,No,Yes,Advance,6.2,7.6,3.8,0.12,85.3,Multi-modal,2.58,8.6
SUP_440A6D9E,Egypt Potato Exports Ltd.,Egypt,70158,Potato,Agriculture,4205121.97,359535.0,8.82,Germany,4.13,Low,108.89,0.0202,474399.0,0.89,3.46,2024,Small,17,4376,11,76449,Yes,Yes,No,LC,4.5,4.2,4.2,2.74,96.2,Sea Freight,1.13,10.0
SUP_D6577475,Netherlands Tomato Exports Ltd.,Netherlands,70283,Tomato,Agriculture,1935066.63,726962.0,18.18,Japan,4.81,,21.92,0.0694,165890.0,0.82,2.1,2024,Medium,42,7999,42,179924,Yes,Yes,No,Advance,7.7,5.6,4.1,0.83,90.6,Land,1.58,6.1
SUP_AA83E497,Vietnam Onion Exports Ltd.,Vietnam,70369,Onion,Agriculture,4616335.28,689704.0,7.38,Canada,8.36,,36.81,0.0283,389060.0,0.72,2.8,2024,Large,7,9775,19,63510,Yes,Yes,No,LC,4.1,7.8,4.6,2.84,92.1,Multi-modal,1.86,9.5
SUP_033047E7,Vietnam Tomato Exports Ltd.,Vietnam,70225,Tomato,Agriculture,3860956.52,890973.0,9.37,Germany,10.43,,59.8,0.0315,218618.0,0.92,2.52,2024,Large,21,5285,30,184431,No,Yes,No,Advance,7.6,5.6,3.8,1.63,85.7,Air Freight,3.84,5.1
SUP_FB0BAEEC,Egypt Onion Exports Ltd.,Egypt,70384,Onion,Agriculture,3740053.72,409531.0,-0.43,UK,3.45,,37.24,0.0596,409056.0,0.8,4.05,2024,Enterprise,48,9037,36,94101,No,Yes,Yes,Advance,4.1,8.4,5.0,4.79,92.8,Sea Freight,4.75,8.3
SUP_839CD6B5,Mexico Tomato Exports Ltd.,Mexico,70227,Tomato,Agriculture,4291451.23,342675.0,-2.96,Germany,0.14,,56.29,0.0656,399571.0,0.97,4.65,2024,Enterprise,3,1108,41,194610,Yes,Yes,No,Net 30,3.1,8.1,4.5,4.05,98.6,Sea Freight,4.63,7.6
SUP_F3C88254,Vietnam Tomato Exports Ltd.,Vietnam,70289,Tomato,Agriculture,2869051.93,954814.0,5.63,Japan,5.95,,61.2,0.0609,415552.0,0.77,3.74,2024,Small,43,1519,12,156241,Yes,Yes,Yes,LC,7.2,4.4,4.8,3.26,89.9,Sea Freight,4.53,9.6
SUP_13E0A498,Vietnam Tomato Exports Ltd.,Vietnam,70298,Tomato,Agriculture,4493994.38,598598.0,3.13,USA,10.27,,81.68,0.0692,144033.0,0.97,2.26,2024,Medium,39,3362,32,70168,Yes,Yes,No,Advance,7.1,6.7,4.1,3.72,96.8,Sea Freight,2.75,9.9
SUP_3336F2B3,India Tomato Exports Ltd.,India,70265,Tomato,Agriculture,1544648.02,179710.0,5.22,Japan,9.21,,145.35,0.0394,382463.0,0.78,4.97,2024,Enterprise,16,6829,42,148415,Yes,Yes,No,LC,7.6,5.5,3.9,0.46,89.0,Land,3.7,8.2
SUP_D4D39957,Mexico Onion Exports Ltd.,Mexico,70350,Onion,Agriculture,2123151.03,195966.0,-4.84,UK,6.67,,15.78,0.0179,275957.0,0.83,3.22,2024,Enterprise,8,1430,12,142776,Yes,Yes,No,Advance,3.1,6.1,4.7,3.65,93.3,Air Freight,3.07,5.8
SUP_3BB608A7,Vietnam Potato Exports Ltd.,Vietnam,70127,Potato,Agriculture,1710135.34,381444.0,9.79,USA,2.51,,45.31,0.0804,239333.0,0.77,1.99,2024,Enterprise,40,4203,36,78042,Yes,Yes,Yes,Advance,7.8,5.6,4.0,4.1,97.8,Air Freight,1.85,8.0
SUP_7A1B0F9D,Vietnam Onion Exports Ltd.,Vietnam,70371,Onion,Agriculture,1913824.77,517584.0,24.06,UK,11.02,,145.18,0.0804,220858.0,0.81,4.27,2024,Enterprise,25,2865,43,102376,Yes,Yes,No,LC,8.7,6.3,4.6,2.25,89.3,Sea Freight,4.19,9.0
SUP_09861474,Spain Potato Exports Ltd.,Spain,70173,Potato,Agriculture,1126306.05,417543.0,2.26,France,2.31,,56.86,0.0504,363489.0,0.84,2.6,2024,Enterprise,36,1602,30,190746,Yes,No,Yes,TT,6.9,5.8,4.5,0.32,99.7,Land,4.85,6.7
SUP_074667F9,India Potato Exports Ltd.,India,70111,Potato,Agriculture,943729.51,332785.0,10.32,UAE,8.37,,33.54,0.0437,292778.0,0.92,3.35,2024,Medium,24,1402,37,77406,Yes,No,Yes,TT,5.1,5.7,4.7,2.65,90.2,Sea Freight,2.47,8.5
SUP_7FCF4E82,India Potato Exports Ltd.,India,70148,Potato,Agriculture,701073.74,845305.0,-1.55,Japan,5.15,,120.11,0.0937,438229.0,0.77,1.7,2024,Medium,23,7985,36,110779,No,Yes,Yes,Advance,5.4,7.7,4.8,2.3,91.4,Sea Freight,3.67,6.0
SUP_948716F8,Netherlands Onion Exports Ltd.,Netherlands,70318,Onion,Agriculture,3098065.57,938338.0,21.16,Germany,5.49,,17.54,0.0704,306630.0,0.85,3.56,2024,Enterprise,41,7431,44,79945,Yes,No,No,Net 30,8.5,7.0,4.5,1.63,88.6,Sea Freight,1.32,8.5
SUP_C2996B8A,Mexico Onion Exports Ltd.,Mexico,70363,Onion,Agriculture,3183916.18,702727.0,6.51,Germany,7.3,,137.91,0.0938,140824.0,0.86,2.96,2024,Medium,13,6154,35,64053,No,No,Yes,TT,7.9,8.8,4.3,2.53,95.2,Land,3.7,7.2
SUP_B0811F98,India Tomato Exports Ltd.,India,70282,Tomato,Agriculture,638873.18,898025.0,1.62,USA,4.12,,25.65,0.0512,439293.0,0.92,2.98,2024,Small,38,2871,24,192372,No,Yes,No,LC,7.6,6.2,3.8,2.18,96.0,Air Freight,1.84,10.0
SUP_08462B2E,Brazil Potato Exports Ltd.,Brazil,70154,Potato,Agriculture,4379898.31,191208.0,8.17,USA,11.63,,121.7,0.0629,233831.0,0.95,3.44,2024,Enterprise,12,3281,20,104248,No,Yes,No,TT,4.9,7.5,3.9,1.41,97.8,Sea Freight,1.11,8.8
SUP_15FAB94F,India Potato Exports Ltd.,India,70145,Potato,Agriculture,4401714.16,233051.0,16.04,Germany,3.75,,124.36,0.0785,404541.0,0.81,1.57,2024,Large,42,7786,31,168486,Yes,Yes,No,Advance,6.1,5.4,4.9,1.91,99.2,Multi-modal,3.12,9.3
SUP_363CFD74,India Onion Exports Ltd.,India,70368,Onion,Agriculture,3356782.45,831160.0,5.75,USA,11.94,,145.24,0.0842,309373.0,0.78,4.31,2024,Large,37,3139,43,177228,No,No,No,LC,3.6,7.9,4.2,0.71,97.8,Land,2.55,10.0
SUP_8F3AEF72,Vietnam Potato Exports Ltd.,Vietnam,70198,Potato,Agriculture,4592332.46,781571.0,4.06,Japan,13.99,,98.36,0.0325,244953.0,0.89,3.6,2024,Small,27,6005,21,162520,Yes,Yes,Yes,Advance,3.5,7.0,4.3,2.28,85.1,Multi-modal,4.18,9.9
SUP_E115B293,Spain Potato Exports Ltd.,Spain,70126,Potato,Agriculture,2649651.09,340068.0,6.49,France,12.09,,55.45,0.0369,250656.0,0.92,4.01,2024,Medium,43,3340,11,189069,Yes,Yes,Yes,Net 30,7.3,7.1,3.7,2.12,95.2,Air Freight,0.89,5.5
SUP_E985E8CE,Egypt Tomato Exports Ltd.,Egypt,70259,Tomato,Agriculture,2081910.38,550246.0,4.44,Germany,3.72,,37.6,0.0641,428105.0,0.88,4.12,2024,Small,44,5942,20,185724,Yes,Yes,Yes,LC,7.7,8.0,3.9,1.99,88.6,Sea Freight,2.88,9.9
SUP_C0418B2D,Brazil Potato Exports Ltd.,Brazil,70126,Potato,Agriculture,2240772.12,979727.0,12.05,UK,8.2,,70.92,0.0989,88268.0,0.7,1.27,2024,Large,15,1652,10,154326,Yes,Yes,No,Advance,5.5,6.0,4.5,2.73,87.3,Sea Freight,1.89,7.6
SUP_46896575,Netherlands Tomato Exports Ltd.,Netherlands,70229,Tomato,Agriculture,2913755.78,509711.0,12.59,Japan,12.52,,10.38,0.0729,432708.0,0.98,1.95,2024,Medium,7,8118,14,168848,Yes,Yes,No,TT,3.7,7.5,4.6,0.9,99.2,Multi-modal,1.25,5.6
SUP_28156B2F,Spain Potato Exports Ltd.,Spain,70125,Potato,Agriculture,3971436.31,130782.0,5.05,Canada,4.08,,106.99,0.0619,90406.0,0.84,3.04,2024,Small,33,3734,30,91237,Yes,Yes,No,LC,4.4,6.5,3.6,4.33,88.6,Land,2.14,9.6
SUP_226288D0,Netherlands Tomato Exports Ltd.,Netherlands,70214,Tomato,Agriculture,2987891.55,848705.0,17.22,Canada,3.37,,137.42,0.0388,483060.0,0.72,2.49,2024,Small,13,4656,40,62039,No,Yes,Yes,Net 30,7.6,5.6,3.6,2.34,90.5,Multi-modal,3.04,6.5
SUP_029374E1,Vietnam Onion Exports Ltd.,Vietnam,70369,Onion,Agriculture,2157231.32,617326.0,24.93,Japan,2.93,Low,114.19,0.0321,53343.0,0.97,1.1,2024,Large,42,1157,28,50383,No,Yes,No,Net 30,3.6,6.6,3.9,2.51,85.9,Air Freight,3.7,5.5
SUP_6091DCC8,Netherlands Tomato Exports Ltd.,Netherlands,70276,Tomato,Agriculture,2358755.62,490586.0,8.75,France,1.27,,20.46,0.0838,89232.0,0.87,1.25,2024,Medium,17,5778,23,132577,No,Yes,No,Net 30,4.9,5.4,3.6,1.09,96.6,Sea Freight,1.2,5.8
SUP_998C2D8B,Brazil Potato Exports Ltd.,Brazil,70162,Potato,Agriculture,1043315.32,475691.0,23.94,Germany,6.78,,127.95,0.0181,473413.0,0.9,4.31,2024,Small,15,6370,16,73910,No,No,Yes,LC,7.1,5.3,5.0,0.25,91.0,Land,3.0,7.8
SUP_A3742E6C,Mexico Tomato Exports Ltd.,Mexico,70223,Tomato,Agriculture,4117535.39,246583.0,-1.36,USA,12.46,High,20.04,0.0841,245160.0,0.9,4.75,2024,Small,39,5240,11,55714,No,Yes,No,TT,3.6,8.2,4.7,0.7,99.0,Sea Freight,1.26,7.9
SUP_DD33EF40,Mexico Onion Exports Ltd.,Mexico,70373,Onion,Agriculture,632670.32,816400.0,7.8,UK,3.22,,42.34,0.0895,68166.0,0.88,3.47,2024,Large,33,7750,42,175575,Yes,Yes,Yes,TT,6.9,8.0,3.9,4.97,93.1,Sea Freight,4.95,8.9
SUP_FF362144,Mexico Potato Exports Ltd.,Mexico,70179,Potato,Agriculture,4016457.98,460745.0,22.38,UAE,4.82,,4.4,0.0637,65363.0,0.96,4.11,2024,Small,32,9674,29,111017,No,Yes,No,Net 30,6.2,8.0,4.6,3.84,99.1,Land,2.1,9.2
SUP_FABD77E1,Vietnam Tomato Exports Ltd.,Vietnam,70240,Tomato,Agriculture,3166337.79,945372.0,17.14,UK,13.71,,105.23,0.0953,345492.0,0.74,4.79,2024,Enterprise,36,6063,18,178564,Yes,Yes,No,LC,6.2,4.0,4.9,1.09,86.9,Air Freight,4.63,9.2
SUP_D4E27E29,India Potato Exports Ltd.,India,70112,Potato,Agriculture,1164704.09,838927.0,22.52,Japan,1.66,,55.05,0.0165,419380.0,0.97,2.58,2024,Small,23,5944,27,85769,No,Yes,Yes,Advance,6.9,4.9,5.0,3.5,98.8,Multi-modal,1.5,7.9
SUP_4AEA77AD,Mexico Tomato Exports Ltd.,Mexico,70249,Tomato,Agriculture,3802977.38,408823.0,-1.18,France,0.03,,86.14,0.0866,454137.0,0.98,1.13,2024,Large,41,4619,43,77291,No,Yes,No,TT,5.1,5.6,4.5,4.82,97.2,Multi-modal,2.51,6.3
SUP_322FDE22,Spain Tomato Exports Ltd.,Spain,70218,Tomato,Agriculture,2077165.23,925250.0,-1.76,USA,0.72,,63.24,0.025,267065.0,0.84,2.51,2024,Enterprise,8,8855,43,109135,Yes,Yes,No,Net 30,3.1,5.3,3.7,1.77,98.2,Air Freight,3.79,7.7
SUP_FD96940E,Brazil Tomato Exports Ltd.,Brazil,70286,Tomato,Agriculture,4933742.45,606186.0,16.14,Canada,14.14,,133.52,0.0241,103088.0,0.8,4.9,2024,Enterprise,46,9849,23,123799,Yes,Yes,Yes,Advance,3.9,5.8,4.1,1.54,94.9,Land,1.4,5.1
SUP_9DBC8F02,Spain Tomato Exports Ltd.,Spain,70247,Tomato,Agriculture,4896759.63,596574.0,20.31,UK,11.77,,134.28,0.0339,386522.0,0.86,1.74,2024,Enterprise,25,4056,35,61696,Yes,Yes,Yes,Net 30,6.4,4.8,4.5,0.57,95.0,Land,4.87,7.9
SUP_CFD64E36,India Onion Exports Ltd.,India,70359,Onion,Agriculture,4182823.47,538967.0,23.97,France,13.0,,132.31,0.0529,91395.0,0.81,4.42,2024,Small,34,9467,43,88652,Yes,Yes,Yes,TT,8.8,8.0,3.7,2.17,99.7,Land,1.41,9.1
SUP_3C8A2075,Netherlands Tomato Exports Ltd.,Netherlands,70286,Tomato,Agriculture,1660488.62,862422.0,22.43,USA,1.31,,83.03,0.0871,322466.0,0.83,4.49,2024,Enterprise,9,7790,16,88849,Yes,Yes,No,LC,8.5,6.8,3.7,1.5,93.0,Multi-modal,4.45,6.3
SUP_A7F4408E,Mexico Onion Exports Ltd.,Mexico,70383,Onion,Agriculture,3240329.68,139285.0,0.17,Canada,2.16,,104.2,0.0135,223798.0,0.9,1.2,2024,Enterprise,19,7102,8,138569,No,Yes,Yes,Advance,8.1,7.4,5.0,1.22,89.5,Land,3.98,6.6
SUP_6807B2D1,Mexico Onion Exports Ltd.,Mexico,70387,Onion,Agriculture,3404996.65,297064.0,8.25,Japan,6.11,,77.72,0.0437,79468.0,0.85,1.64,2024,Large,47,9303,32,85559,No,Yes,No,TT,4.2,8.2,4.8,1.32,91.8,Multi-modal,3.67,6.4
SUP_E74AA90B,Egypt Potato Exports Ltd.,Egypt,70160,Potato,Agriculture,3359344.14,229890.0,15.44,Germany,5.59,,27.05,0.0883,357694.0,0.86,2.38,2024,Large,49,2480,25,57195,Yes,Yes,No,TT,8.1,7.2,4.5,1.42,91.1,Sea Freight,4.39,9.8
SUP_8E8902D7,India Onion Exports Ltd.,India,70370,Onion,Agriculture,4601819.47,778818.0,0.2,Japan,0.13,,120.86,0.0375,421913.0,0.89,2.7,2024,Enterprise,24,8520,23,107202,Yes,Yes,No,Advance,6.5,4.0,5.0,4.84,97.5,Multi-modal,1.84,5.5
SUP_3F041708,Brazil Tomato Exports Ltd.,Brazil,70245,Tomato,Agriculture,3382676.36,390334.0,2.83,France,14.28,,28.66,0.0566,175987.0,0.96,4.22,2024,Enterprise,44,6236,15,56672,Yes,No,Yes,Advance,5.4,7.7,4.4,4.97,97.2,Multi-modal,3.77,6.1
SUP_D7763C8E,Spain Onion Exports Ltd.,Spain,70370,Onion,Agriculture,4579369.27,804505.0,5.75,UK,12.68,Low,131.54,0.0263,101172.0,0.84,3.96,2024,Medium,45,6499,12,108262,Yes,Yes,Yes,Net 30,5.2,6.9,4.2,0.68,85.8,Sea Freight,2.62,6.0
SUP_C9C13F78,Netherlands Tomato Exports Ltd.,Netherlands,70297,Tomato,Agriculture,2217511.49,412848.0,7.39,Japan,12.81,,30.44,0.0468,348531.0,0.96,4.95,2024,Medium,22,3954,12,177816,Yes,No,Yes,LC,3.0,5.4,4.6,0.93,96.4,Land,4.03,8.9
SUP_FA362D9A,Egypt Tomato Exports Ltd.,Egypt,70265,Tomato,Agriculture,3350693.93,522988.0,7.87,Canada,5.75,,30.31,0.0436,57380.0,0.96,4.03,2024,Medium,3,1067,22,109314,Yes,Yes,Yes,Advance,6.0,5.5,3.6,0.32,99.1,Land,3.78,8.0
SUP_E8E1246F,Mexico Potato Exports Ltd.,Mexico,70197,Potato,Agriculture,4979625.84,459381.0,24.88,Canada,5.39,,142.24,0.0926,261493.0,0.71,1.9,2024,Medium,15,1359,44,182286,Yes,Yes,No,LC,5.3,7.2,4.7,3.15,93.8,Sea Freight,3.48,8.3
SUP_E318B11B,India Tomato Exports Ltd.,India,70298,Tomato,Agriculture,1021054.22,565897.0,6.41,UAE,3.79,,31.22,0.0717,54878.0,0.79,3.65,2024,Large,41,3247,33,77502,Yes,Yes,Yes,LC,6.0,7.0,4.7,4.17,99.5,Multi-modal,3.67,6.5
SUP_8F986994,Egypt Tomato Exports Ltd.,Egypt,70273,Tomato,Agriculture,4596604.82,821634.0,22.99,UK,3.52,,13.81,0.0199,351021.0,0.89,1.6,2024,Small,34,2229,13,117080,Yes,Yes,No,Net 30,5.8,4.5,3.8,0.29,89.3,Multi-modal,2.42,5.6
SUP_70B696E7,India Tomato Exports Ltd.,India,70227,Tomato,Agriculture,3485097.62,278795.0,4.86,Canada,14.33,,110.09,0.0435,229685.0,0.75,2.6,2024,Enterprise,19,7319,37,160556,Yes,Yes,Yes,LC,8.9,8.2,3.7,4.57,92.2,Land,1.32,6.9
SUP_1D2EE8CB,Egypt Potato Exports Ltd.,Egypt,70113,Potato,Agriculture,4381590.99,979269.0,16.82,Germany,7.25,,133.2,0.0497,83206.0,0.78,2.26,2024,Medium,44,6542,40,187128,Yes,Yes,Yes,TT,5.9,7.3,4.5,0.83,97.3,Sea Freight,0.55,9.7
SUP_C46C8F3B,Netherlands Onion Exports Ltd.,Netherlands,70370,Onion,Agriculture,4333420.18,273438.0,-2.75,Canada,4.81,,42.08,0.0556,338618.0,0.89,2.61,2024,Medium,7,8521,35,167466,Yes,Yes,Yes,Advance,7.5,4.1,4.1,0.28,93.2,Sea Freight,4.06,9.8
SUP_13000F0E,Brazil Onion Exports Ltd.,Brazil,70375,Onion,Agriculture,3030496.57,786393.0,15.14,UK,5.45,,33.83,0.0509,343680.0,0.92,3.4,2024,Large,47,8414,14,75542,No,Yes,Yes,Net 30,6.3,5.9,3.7,4.49,92.3,Land,0.98,8.1
SUP_D3ED850F,India Tomato Exports Ltd.,India,70260,Tomato,Agriculture,1470152.77,964607.0,18.44,France,5.07,,7.45,0.067,402395.0,0.87,4.09,2024,Enterprise,31,9260,15,180764,Yes,Yes,No,Advance,8.0,6.4,4.3,4.61,87.6,Air Freight,3.79,5.6
SUP_37CF0460,Spain Potato Exports Ltd.,Spain,70186,Potato,Agriculture,3227723.48,437477.0,10.12,Canada,6.28,,104.03,0.0323,258598.0,0.98,4.88,2024,Enterprise,10,3263,33,184294,Yes,Yes,No,TT,4.2,7.1,3.9,1.79,95.0,Air Freight,2.77,8.5
SUP_A2E1A74A,Spain Potato Exports Ltd.,Spain,70124,Potato,Agriculture,3923487.61,689593.0,9.41,UAE,14.14,,101.3,0.0904,329918.0,0.78,4.39,2024,Small,35,2744,8,149842,Yes,Yes,Yes,TT,8.9,7.4,3.7,0.4,96.7,Air Freight,3.89,5.2
SUP_4312EB54,India Potato Exports Ltd.,India,70188,Potato,Agriculture,4406159.18,875414.0,11.86,Germany,11.14,,36.02,0.0806,468812.0,0.9,3.77,2024,Small,26,7349,33,131960,No,Yes,No,TT,6.7,7.9,4.8,4.17,98.6,Multi-modal,3.9,7.7
SUP_ED9333EC,Vietnam Onion Exports Ltd.,Vietnam,70334,Onion,Agriculture,1823799.75,286044.0,24.5,USA,2.8,,77.32,0.0439,274661.0,0.78,2.06,2024,Medium,39,5178,7,136655,Yes,No,Yes,Net 30,6.6,7.9,4.4,4.23,89.5,Multi-modal,0.83,8.5
SUP_7F828633,Vietnam Onion Exports Ltd.,Vietnam,70333,Onion,Agriculture,2842728.29,924451.0,10.15,Canada,8.15,,52.74,0.0895,397778.0,0.8,2.44,2024,Medium,50,9691,37,197150,No,No,Yes,Net 30,5.7,8.5,4.4,3.14,99.3,Multi-modal,2.22,9.0
SUP_79EBC2DA,Mexico Tomato Exports Ltd.,Mexico,70242,Tomato,Agriculture,2931067.91,396567.0,-4.26,UAE,12.33,,120.52,0.0501,72990.0,0.79,3.61,2024,Large,34,2349,13,93881,No,Yes,No,LC,4.3,7.1,3.8,3.46,97.5,Air Freight,2.92,8.5
SUP_24BBE95B,Netherlands Onion Exports Ltd.,Netherlands,70365,Onion,Agriculture,3409525.22,175623.0,17.41,Germany,0.36,,6.16,0.0166,143319.0,0.93,3.23,2024,Medium,18,7678,31,168259,Yes,Yes,Yes,LC,6.2,7.2,4.4,3.8,93.7,Sea Freight,2.11,7.5
SUP_E3FE4949,Netherlands Potato Exports Ltd.,Netherlands,70197,Potato,Agriculture,1856078.19,190707.0,3.45,Canada,5.72,Low,5.11,0.0241,165272.0,0.74,2.56,2024,Large,42,3360,26,147813,No,Yes,No,TT,3.7,4.0,4.4,2.73,99.1,Multi-modal,1.45,8.7
SUP_36DEFAA6,Brazil Onion Exports Ltd.,Brazil,70337,Onion,Agriculture,2356945.23,777308.0,20.54,Germany,2.41,,125.29,0.0275,145083.0,0.89,3.27,2024,Small,50,9992,36,194091,Yes,Yes,Yes,TT,7.4,6.4,4.0,0.73,94.8,Sea Freight,1.78,5.3
SUP_E2826FDC,Brazil Tomato Exports Ltd.,Brazil,70272,Tomato,Agriculture,2527906.9,746281.0,14.78,France,8.76,,54.99,0.0385,274556.0,0.75,2.25,2024,Medium,47,8145,24,144237,Yes,Yes,No,Advance,5.7,7.9,4.2,0.63,94.6,Sea Freight,4.29,9.3
SUP_815ED54E,Egypt Tomato Exports Ltd.,Egypt,70235,Tomato,Agriculture,1684555.93,757057.0,-2.71,USA,13.38,Low,94.93,0.0831,353510.0,0.82,3.36,2024,Small,37,5269,41,191473,Yes,Yes,Yes,TT,8.3,6.9,4.8,0.76,92.5,Sea Freight,2.29,7.5
SUP_C52B1784,Vietnam Onion Exports Ltd.,Vietnam,70388,Onion,Agriculture,3578727.46,893988.0,10.42,Canada,2.39,,85.09,0.0885,126650.0,0.91,2.93,2024,Large,4,4585,38,110751,Yes,Yes,Yes,TT,6.1,8.0,4.1,4.6,98.1,Sea Freight,4.91,6.6
SUP_83831C65,Egypt Onion Exports Ltd.,Egypt,70391,Onion,Agriculture,4233412.2,975427.0,17.26,UAE,8.17,,98.22,0.0429,392536.0,0.96,1.31,2024,Large,26,4651,40,156389,Yes,No,Yes,Advance,8.3,4.0,4.8,2.26,88.4,Multi-modal,1.45,5.9
SUP_2F0E7DF7,Egypt Potato Exports Ltd.,Egypt,70125,Potato,Agriculture,3474993.39,534753.0,19.34,France,1.7,,72.11,0.0632,389350.0,0.94,1.09,2024,Small,10,3639,15,184386,Yes,Yes,Yes,Net 30,8.5,6.6,4.1,4.85,94.5,Multi-modal,4.76,6.1
SUP_EA118B08,Mexico Onion Exports Ltd.,Mexico,70371,Onion,Agriculture,1267550.53,970699.0,7.32,Germany,11.92,Low,27.69,0.0694,188685.0,0.75,3.74,2024,Enterprise,40,2127,21,149145,Yes,Yes,Yes,Advance,8.0,7.0,3.8,4.52,93.9,Sea Freight,0.92,8.3
SUP_B33CDD9D,Egypt Onion Exports Ltd.,Egypt,70310,Onion,Agriculture,4536360.29,912510.0,15.36,Canada,7.83,,6.99,0.0577,170316.0,0.97,2.93,2024,Enterprise,24,2600,34,85096,Yes,Yes,No,LC,4.7,8.4,4.1,1.03,95.6,Sea Freight,3.1,5.6
SUP_51C251F0,Mexico Tomato Exports Ltd.,Mexico,70293,Tomato,Agriculture,1424384.13,943356.0,4.48,UK,1.6,,88.01,0.0335,331073.0,0.82,2.46,2024,Large,45,7511,20,158325,Yes,Yes,Yes,Advance,4.5,5.5,4.0,3.56,96.0,Sea Freight,3.87,7.2
SUP_15A535A3,Vietnam Onion Exports Ltd.,Vietnam,70322,Onion,Agriculture,1465061.64,520018.0,18.58,Japan,8.26,,106.17,0.0245,383382.0,0.7,1.36,2024,Medium,32,8133,12,66798,Yes,Yes,No,Advance,8.6,6.0,4.5,1.5,99.4,Sea Freight,4.76,9.1
SUP_3E9923DC,Mexico Onion Exports Ltd.,Mexico,70366,Onion,Agriculture,548196.79,991884.0,14.71,Japan,7.77,,117.7,0.0559,416188.0,0.77,1.68,2024,Small,25,4919,7,91273,Yes,Yes,Yes,Advance,5.4,5.0,3.5,3.55,98.7,Multi-modal,3.77,7.8
SUP_162D0C16,Brazil Onion Exports Ltd.,Brazil,70354,Onion,Agriculture,4834794.49,389939.0,1.79,Germany,6.82,,1.2,0.0258,315414.0,0.73,1.29,2024,Large,23,2917,39,117552,No,No,No,Advance,8.8,6.8,4.7,3.81,99.3,Land,3.57,9.5
SUP_6AC07FA3,Mexico Tomato Exports Ltd.,Mexico,70224,Tomato,Agriculture,1660188.94,501261.0,14.01,Germany,10.15,,47.7,0.096,320796.0,0.86,3.8,2024,Large,17,5706,12,154577,Yes,No,Yes,TT,5.9,5.8,4.8,1.42,99.1,Air Freight,2.75,6.0
SUP_0B7BA178,India Leather Belts Exports Ltd.,India,42033013,Leather Belts,Leather,3836977.25,356787.0,1.7,France,1.54,None,82.03,0.0631,66663.0,0.71,1.87,2024,Small,37,4257,41,159974,Yes,Yes,No,LC,7.6,4.8,4.1,1.46,88.2,Multi-modal,0.96,6.9
SUP_2727066F,Netherlands Black Pepper Exports Ltd.,Netherlands,09041154,Black Pepper,Spices,3216767.14,946335.0,-3.7,Canada,8.04,High,57.09,0.0597,484846.0,0.88,4.54,2024,Large,38,4150,11,62012,Yes,Yes,No,TT,8.2,5.9,4.2,4.19,87.4,Multi-modal,1.44,6.3
SUP_23F7CB0E,Spain Phone Cases Exports Ltd.,Spain,39269019,Phone Cases,Electronics,3241089.53,279451.0,11.02,Germany,2.45,None,148.43,0.0676,342002.0,0.76,2.3,2024,Small,16,1525,27,155162,Yes,Yes,No,Net 30,4.3,6.5,4.8,3.25,87.1,Air Freight,1.61,7.8
SUP_91A7B8A8,Spain Coffee Beans Exports Ltd.,Spain,09011184,Coffee Beans,Agriculture,2427952.22,711878.0,6.98,Germany,14.96,None,74.28,0.078,107487.0,0.74,1.64,2024,Enterprise,40,2040,31,150039,Yes,Yes,Yes,LC,7.1,4.6,4.8,3.78,96.5,Multi-modal,1.0,7.2
SUP_619D4B8D,India Natural Honey Exports Ltd.,India,04090043,Natural Honey,Processed Foods,4873496.44,898975.0,0.36,USA,13.06,None,96.02,0.0648,130131.0,0.81,1.65,2024,Small,40,6310,38,55105,Yes,Yes,No,Net 30,4.4,5.2,4.4,0.49,95.9,Sea Freight,4.9,7.7
SUP_667D1183,Vietnam Ceramic Mugs Exports Ltd.,Vietnam,69120094,Ceramic Mugs,Handicrafts,2638770.7,676510.0,-0.05,UAE,13.09,None,32.16,0.0585,432694.0,0.9,3.85,2024,Enterprise,44,7118,35,185679,Yes,Yes,Yes,LC,6.5,5.2,3.8,0.45,94.4,Air Freight,0.8,5.2
SUP_5690A6FF,India Turmeric Powder Exports Ltd.,India,09103075,Turmeric Powder,Spices,1571020.85,801474.0,9.56,UAE,1.98,Low,85.87,0.0525,461366.0,0.84,2.63,2024,Small,8,8062,29,161038,Yes,No,Yes,LC,3.4,7.6,4.7,0.64,87.9,Land,1.13,5.9
SUP_451E7105,Vietnam Natural Honey Exports Ltd.,Vietnam,04090019,Natural Honey,Processed Foods,2494088.35,997546.0,11.51,USA,9.78,None,2.71,0.0184,445085.0,0.95,1.67,2024,Enterprise,32,4502,32,65370,Yes,Yes,Yes,Advance,4.7,7.5,4.6,3.94,94.9,Land,1.2,6.5
SUP_AC74D50F,Egypt Denim Jeans Exports Ltd.,Egypt,62034279,Denim Jeans,Textiles,774309.07,428838.0,-3.29,UAE,7.15,Low,79.9,0.0151,316248.0,0.72,1.74,2024,Small,45,4853,32,81427,No,Yes,No,LC,6.7,6.1,4.4,2.66,98.9,Air Freight,3.51,6.6
SUP_318B565D,Mexico Coffee Beans Exports Ltd.,Mexico,09011126,Coffee Beans,Agriculture,3522606.0,414569.0,8.72,Japan,14.04,None,93.36,0.0607,102418.0,0.72,1.85,2024,Large,10,6718,11,114037,Yes,Yes,No,Net 30,6.7,8.9,4.5,0.14,97.2,Multi-modal,4.69,5.5
SUP_3FEBC731,Brazil Ceramic Mugs Exports Ltd.,Brazil,69120024,Ceramic Mugs,Handicrafts,4503707.18,878480.0,11.6,UK,4.23,None,51.76,0.0719,497171.0,0.78,2.95,2024,Small,7,7939,24,61557,Yes,Yes,No,Net 30,4.0,6.2,4.6,2.85,86.7,Air Freight,2.96,9.2
SUP_E49DBA39,Egypt Leather Shoes Exports Ltd.,Egypt,64035128,Leather Shoes,Leather,2434040.21,143860.0,4.25,Japan,14.58,None,53.99,0.0714,399665.0,0.73,4.12,2024,Enterprise,41,3532,22,92598,No,No,No,LC,4.1,8.6,4.7,2.12,95.0,Air Freight,1.7,8.9
SUP_14EBBEEF,Mexico Wool Sweaters Exports Ltd.,Mexico,61101114,Wool Sweaters,Textiles,4363669.63,333238.0,0.99,Canada,5.24,Low,130.76,0.0301,396047.0,0.76,2.31,2024,Small,19,6753,39,154773,Yes,No,Yes,LC,3.7,8.9,3.8,4.82,89.0,Sea Freight,3.18,6.7
SUP_F274C4C6,Mexico Turmeric Powder Exports Ltd.,Mexico,09103087,Turmeric Powder,Spices,4929061.32,221263.0,6.56,UAE,2.85,None,65.69,0.0568,472843.0,0.86,3.88,2024,Medium,25,8066,11,136559,Yes,Yes,Yes,Net 30,6.0,7.3,4.0,3.52,93.3,Air Freight,2.39,9.7
SUP_E7B8A27E,Spain Phone Cases Exports Ltd.,Spain,39269032,Phone Cases,Electronics,3269817.12,415568.0,7.18,Japan,0.01,None,64.77,0.0622,393254.0,0.79,2.77,2024,Medium,34,8752,17,72228,Yes,Yes,No,LC,7.9,7.8,4.5,1.2,88.0,Sea Freight,0.71,9.9
SUP_70741133,Netherlands Leather Handbags Exports Ltd.,Netherlands,42022119,Leather Handbags,Leather,2549372.76,760356.0,12.27,France,10.45,None,36.98,0.069,52907.0,0.96,4.44,2024,Small,29,4585,18,185779,Yes,Yes,No,LC,5.7,8.0,4.5,4.94,93.9,Land,3.26,8.6
SUP_95FF461B,Mexico Cashew Nuts Exports Ltd.,Mexico,08013280,Cashew Nuts,Processed Foods,2506611.25,266889.0,17.31,Canada,6.75,None,126.06,0.035,457725.0,0.85,3.51,2024,Large,30,2269,25,111471,Yes,Yes,No,TT,3.9,5.9,3.7,1.15,91.2,Multi-modal,2.94,7.1
SUP_4DE1875C,Netherlands Handwoven Baskets Exports Ltd.,Netherlands,46021163,Handwoven Baskets,Handicrafts,2252645.66,907189.0,12.52,France,0.29,Low,86.57,0.0529,234422.0,0.79,2.56,2024,Enterprise,36,9947,45,107812,Yes,Yes,Yes,Advance,5.0,7.4,4.1,0.91,92.0,Air Freight,4.91,7.7
SUP_85AF7979,Egypt Cinnamon Exports Ltd.,Egypt,09061182,Cinnamon,Spices,3483498.91,188025.0,14.28,Germany,13.0,None,39.39,0.0395,288393.0,0.79,4.04,2024,Enterprise,19,7906,23,71471,Yes,Yes,Yes,Net 30,4.3,4.3,4.9,0.3,85.5,Air Freight,1.4,5.1
SUP_08D40C5B,Vietnam Ceramic Mugs Exports Ltd.,Vietnam,69120026,Ceramic Mugs,Handicrafts,2631024.77,219946.0,11.92,Germany,6.98,None,55.65,0.0645,442128.0,0.91,4.11,2024,Medium,21,2771,44,56731,No,Yes,No,Advance,5.4,7.6,3.6,3.48,94.3,Sea Freight,3.64,6.5
SUP_11705EB7,Egypt Phone Cases Exports Ltd.,Egypt,39269025,Phone Cases,Electronics,4083022.47,693423.0,18.48,UK,7.99,None,10.81,0.0683,56633.0,0.95,4.29,2024,Small,29,6934,36,90105,Yes,Yes,No,Net 30,6.7,8.6,4.7,2.38,97.3,Multi-modal,1.95,6.2
SUP_65937617,Brazil Silk Scarves Exports Ltd.,Brazil,62141067,Silk Scarves,Textiles,1597385.48,587282.0,12.1,France,5.68,None,127.72,0.0264,161211.0,0.8,2.03,2024,Large,40,5526,42,52661,Yes,Yes,Yes,Advance,5.9,7.8,4.5,3.26,92.3,Sea Freight,0.92,6.1
SUP_7D96E368,Vietnam USB Cables Exports Ltd.,Vietnam,85444249,USB Cables,Electronics,3487820.1,486945.0,9.2,UAE,5.16,High,82.78,0.0417,287893.0,0.78,2.01,2024,Small,48,4155,27,81340,No,No,No,TT,4.3,6.4,4.6,4.89,92.8,Multi-modal,4.91,9.2
SUP_3F0A4504,Vietnam Black Tea Exports Ltd.,Vietnam,09023056,Black Tea,Agriculture,1307486.95,114835.0,16.24,Germany,4.11,High,83.23,0.0728,116206.0,0.88,4.01,2024,Small,2,5658,37,175492,Yes,Yes,Yes,Advance,3.7,4.3,4.2,2.93,95.2,Air Freight,1.17,7.8
SUP_4405DF12,India Black Tea Exports Ltd.,India,09023041,Black Tea,Agriculture,1033032.03,901577.0,7.49,UAE,11.86,None,78.62,0.0505,282113.0,0.79,3.35,2024,Enterprise,21,1986,13,104470,Yes,Yes,Yes,TT,4.0,4.4,3.5,2.31,93.8,Multi-modal,0.65,6.4
SUP_14AD9086,Spain Black Tea Exports Ltd.,Spain,09023068,Black Tea,Agriculture,820308.92,344762.0,22.72,Japan,11.87,None,120.68,0.0278,110175.0,0.86,3.59,2024,Large,11,2169,10,93495,No,Yes,No,Net 30,5.6,6.3,4.0,2.07,89.1,Land,2.47,8.0
SUP_89A07730,Spain Cardamom Exports Ltd.,Spain,09083151,Cardamom,Spices,3216711.38,127121.0,-2.26,France,12.54,None,142.64,0.1,402469.0,0.94,3.3,2024,Medium,32,9502,35,122917,Yes,Yes,No,Advance,8.8,6.4,4.1,1.67,86.6,Air Freight,1.98,8.5
SUP_CF3A94D2,Spain Black Tea Exports Ltd.,Spain,09023061,Black Tea,Agriculture,4161047.16,676818.0,-3.9,USA,4.72,None,145.54,0.0464,319796.0,0.94,1.0,2024,Enterprise,28,1888,19,185905,Yes,Yes,No,LC,4.2,6.7,4.9,2.25,95.4,Sea Freight,0.63,8.2
SUP_03E12017,Spain Decorative Candles Exports Ltd.,Spain,34060030,Decorative Candles,Handicrafts,1898375.62,114338.0,11.57,USA,3.37,Low,17.46,0.0952,389586.0,0.94,2.99,2024,Large,34,5479,33,176484,No,Yes,No,Advance,4.1,7.0,4.6,0.77,86.0,Land,2.03,8.9
SUP_BC0F966D,Netherlands Coffee Beans Exports Ltd.,Netherlands,09011110,Coffee Beans,Agriculture,1772775.42,413058.0,20.12,UAE,14.98,None,22.72,0.0585,230944.0,0.8,4.05,2024,Enterprise,31,6272,19,112601,Yes,Yes,No,LC,4.9,6.4,4.9,1.97,99.7,Air Freight,2.73,5.2
SUP_42949662,Egypt Cashew Nuts Exports Ltd.,Egypt,08013252,Cashew Nuts,Processed Foods,4413651.41,986088.0,8.21,UAE,13.66,None,22.05,0.0884,130929.0,0.72,4.13,2024,Large,23,7512,12,136131,No,No,Yes,Net 30,6.8,8.4,4.2,2.75,94.2,Air Freight,3.34,9.6
SUP_C8535990,Spain Decorative Candles Exports Ltd.,Spain,34060021,Decorative Candles,Handicrafts,2452871.62,203225.0,17.81,France,13.09,None,104.25,0.0913,74112.0,0.79,1.22,2024,Large,25,8056,16,114014,Yes,Yes,No,TT,4.1,7.0,4.1,3.45,92.4,Air Freight,1.54,8.2
SUP_75CC39F7,Brazil Natural Honey Exports Ltd.,Brazil,04090095,Natural Honey,Processed Foods,542288.44,943718.0,8.96,UK,10.16,None,66.54,0.0411,358056.0,0.79,4.85,2024,Large,31,5949,19,150845,No,Yes,Yes,Net 30,6.4,9.0,3.9,4.89,94.8,Multi-modal,0.54,9.3
SUP_CFEAD152,India Power Banks Exports Ltd.,India,85076087,Power Banks,Electronics,3853274.69,973294.0,22.12,UK,11.64,None,120.39,0.0297,149683.0,0.88,3.71,2024,Medium,42,2591,9,130984,No,Yes,Yes,TT,3.5,5.5,4.6,0.96,87.0,Multi-modal,2.89,9.6
SUP_01C25FAD,Brazil Wooden Furniture Exports Ltd.,Brazil,94036071,Wooden Furniture,Handicrafts,4853228.34,409478.0,17.4,UK,12.06,None,11.76,0.0779,168287.0,0.95,3.9,2024,Enterprise,37,6992,12,153435,Yes,Yes,Yes,Net 30,6.5,8.1,4.9,0.63,88.5,Sea Freight,3.29,9.7
SUP_44E1A955,Egypt Turmeric Powder Exports Ltd.,Egypt,09103038,Turmeric Powder,Spices,3414435.71,766269.0,19.72,France,4.53,None,21.4,0.0952,209574.0,0.99,1.46,2024,Medium,36,3222,31,168919,Yes,No,No,Advance,6.5,7.6,4.8,3.31,97.4,Land,4.73,6.4
SUP_ECF25B72,Brazil USB Cables Exports Ltd.,Brazil,85444237,USB Cables,Electronics,2495223.89,347582.0,20.66,USA,14.71,None,135.3,0.068,81745.0,0.82,1.76,2024,Small,31,2501,20,55598,Yes,Yes,No,TT,3.4,7.8,3.8,1.16,98.0,Multi-modal,3.98,8.9
SUP_591911F1,India Leather Handbags Exports Ltd.,India,42022145,Leather Handbags,Leather,4362827.57,251716.0,24.63,UAE,3.76,None,99.33,0.0123,57791.0,0.8,4.15,2024,Large,3,3854,23,63736,Yes,Yes,Yes,LC,5.9,7.9,4.3,0.63,92.5,Sea Freight,3.77,9.5
SUP_2742156D,Egypt Phone Cases Exports Ltd.,Egypt,39269048,Phone Cases,Electronics,2561191.35,132663.0,-3.18,Canada,12.71,None,16.64,0.0741,282554.0,0.72,1.32,2024,Medium,6,3067,24,193748,No,Yes,No,Net 30,5.7,7.0,3.6,3.54,97.7,Air Freight,2.44,9.4
SUP_846BCB60,Brazil Cardamom Exports Ltd.,Brazil,09083168,Cardamom,Spices,2294285.83,865054.0,-2.15,Canada,4.69,None,143.06,0.0718,298652.0,0.72,4.33,2024,Small,29,2582,30,84108,Yes,Yes,No,Net 30,7.0,6.1,4.8,4.71,91.3,Sea Freight,4.86,8.0
SUP_C3358D67,India Black Pepper Exports Ltd.,India,09041183,Black Pepper,Spices,2783356.46,262246.0,14.7,Germany,12.71,None,83.66,0.0203,196049.0,0.87,4.23,2024,Small,40,5381,8,97294,Yes,Yes,No,Net 30,3.0,8.3,4.3,2.06,87.1,Sea Freight,0.91,7.7
SUP_8CEAAB85,Mexico Cinnamon Exports Ltd.,Mexico,09061168,Cinnamon,Spices,2034031.92,488028.0,4.35,UK,11.65,None,13.2,0.0147,132528.0,0.92,1.2,2024,Small,19,8259,34,177313,Yes,Yes,Yes,LC,5.1,4.6,4.5,3.01,92.9,Multi-modal,0.7,7.0
SUP_1428D1E6,India Leather Handbags Exports Ltd.,India,42022110,Leather Handbags,Leather,1419904.06,321494.0,18.02,Japan,3.83,None,1.66,0.0772,142114.0,0.74,3.13,2024,Medium,34,6802,11,154089,No,Yes,Yes,LC,8.2,6.9,4.4,3.58,91.2,Sea Freight,2.32,9.8
SUP_2D932848,Netherlands Wooden Furniture Exports Ltd.,Netherlands,94036089,Wooden Furniture,Handicrafts,2570436.06,823108.0,22.59,USA,6.55,None,65.63,0.046,91233.0,0.81,2.24,2024,Large,16,6456,17,70022,Yes,Yes,No,Net 30,5.1,8.8,4.5,0.82,86.5,Multi-modal,1.39,8.0
SUP_39E92B99,India Leather Belts Exports Ltd.,India,42033032,Leather Belts,Leather,4780814.63,758452.0,9.82,Japan,8.46,None,102.33,0.0894,387112.0,0.88,3.5,2024,Large,11,8205,11,172924,Yes,Yes,Yes,LC,5.1,4.4,4.2,0.28,90.5,Multi-modal,0.85,9.3
SUP_FD1821BC,Egypt Silk Scarves Exports Ltd.,Egypt,62141086,Silk Scarves,Textiles,2781805.18,585188.0,12.41,Japan,11.08,None,136.4,0.0614,148691.0,0.79,2.9,2024,Medium,5,8381,13,140030,No,Yes,No,LC,4.5,6.2,4.2,2.66,87.4,Multi-modal,4.63,6.9
SUP_FCA5F96D,Spain Turmeric Powder Exports Ltd.,Spain,09103086,Turmeric Powder,Spices,735644.83,761532.0,14.42,USA,4.95,None,58.29,0.0327,496465.0,0.89,4.63,2024,Medium,23,2335,44,87074,No,Yes,No,Advance,3.8,7.5,3.6,2.84,94.6,Multi-modal,4.16,8.4
SUP_C9DB428C,Spain Power Banks Exports Ltd.,Spain,85076077,Power Banks,Electronics,920538.34,803024.0,7.7,UK,0.27,None,142.7,0.0408,451686.0,0.84,1.91,2024,Medium,11,2264,25,76513,Yes,Yes,No,LC,7.0,8.4,4.4,3.03,87.3,Air Freight,4.24,8.9
SUP_1CBBEF46,Spain Wooden Furniture Exports Ltd.,Spain,94036066,Wooden Furniture,Handicrafts,696615.93,481995.0,15.29,Germany,14.54,None,112.98,0.0805,172684.0,0.85,2.24,2024,Enterprise,14,7026,43,165499,Yes,Yes,Yes,Advance,8.8,8.1,4.7,0.78,88.7,Land,4.43,7.8
SUP_F5071FB2,Spain Wool Sweaters Exports Ltd.,Spain,61101176,Wool Sweaters,Textiles,4330247.22,398910.0,-2.48,Germany,4.09,Low,22.53,0.0494,166411.0,0.94,4.54,2024,Small,28,1872,32,181598,Yes,Yes,Yes,TT,3.2,8.7,4.8,3.28,96.8,Air Freight,0.67,9.6
SUP_03F626FF,Spain Dried Mangoes Exports Ltd.,Spain,08045027,Dried Mangoes,Processed Foods,3914785.2,591897.0,8.46,USA,13.59,None,32.74,0.0235,431280.0,0.88,2.69,2024,Large,17,5934,14,62517,Yes,Yes,No,LC,3.7,8.5,4.4,0.18,92.7,Air Freight,3.73,6.5
SUP_11667942,Egypt Cotton Shirts Exports Ltd.,Egypt,62052055,Cotton Shirts,Textiles,1582539.07,536802.0,0.62,France,1.28,High,10.62,0.0573,315985.0,0.93,3.03,2024,Small,26,8702,9,151418,No,Yes,Yes,LC,5.1,7.7,4.4,3.88,96.0,Multi-modal,1.1,6.8
SUP_94891627,Netherlands Turmeric Powder Exports Ltd.,Netherlands,09103092,Turmeric Powder,Spices,1287901.07,916990.0,15.54,France,7.18,None,20.66,0.0744,289955.0,0.71,1.81,2024,Medium,4,6170,26,185104,Yes,No,Yes,LC,7.5,5.0,4.0,3.93,97.9,Multi-modal,1.73,9.0
SUP_FCAD0F8B,Mexico Cardamom Exports Ltd.,Mexico,09083166,Cardamom,Spices,4525868.73,505426.0,5.17,Germany,7.44,None,138.68,0.0567,470032.0,0.72,2.7,2024,Enterprise,40,3956,41,127009,Yes,Yes,No,Net 30,5.7,7.6,3.7,2.28,91.7,Multi-modal,3.27,7.2
SUP_BB0162BD,Netherlands Leather Belts Exports Ltd.,Netherlands,42033017,Leather Belts,Leather,837685.24,768480.0,7.19,UAE,12.02,None,142.94,0.0229,368543.0,0.9,2.75,2024,Medium,6,4866,30,144935,Yes,Yes,No,Advance,8.7,5.9,4.6,2.91,92.9,Land,1.91,6.4
SUP_00BE5D3B,India Wool Sweaters Exports Ltd.,India,61101133,Wool Sweaters,Textiles,2745697.82,505785.0,22.41,USA,3.93,None,67.22,0.0997,199724.0,0.9,4.99,2024,Medium,9,3223,11,168500,Yes,Yes,No,Net 30,7.0,7.5,4.3,1.52,89.5,Air Freight,3.7,9.6
SUP_724491FE,Vietnam Leather Belts Exports Ltd.,Vietnam,42033056,Leather Belts,Leather,2789400.85,227257.0,24.55,Japan,2.08,None,4.43,0.0599,243415.0,0.84,4.93,2024,Medium,41,2412,11,131078,Yes,Yes,Yes,Advance,7.6,8.1,3.6,4.86,94.6,Land,2.6,7.6
SUP_110A29FB,Netherlands Ceramic Mugs Exports Ltd.,Netherlands,69120080,Ceramic Mugs,Handicrafts,3379072.68,290802.0,18.03,Germany,6.49,Low,8.78,0.0212,130224.0,0.79,1.65,2024,Medium,24,9501,25,70672,Yes,Yes,No,TT,6.8,7.1,3.6,3.24,93.8,Air Freight,1.27,8.1
SUP_9B5E70A9,Brazil Leather Handbags Exports Ltd.,Brazil,42022182,Leather Handbags,Leather,685374.37,129751.0,-2.56,France,11.57,None,32.02,0.0615,374066.0,0.89,2.99,2024,Large,43,5949,37,114193,No,Yes,Yes,LC,7.1,4.8,4.1,2.38,90.1,Air Freight,1.91,8.6
SUP_7F347132,Netherlands Power Banks Exports Ltd.,Netherlands,85076054,Power Banks,Electronics,4889183.58,237118.0,17.82,UAE,8.42,None,70.24,0.0341,179980.0,0.74,1.2,2024,Enterprise,41,7850,22,91864,No,No,No,TT,7.6,6.5,4.3,2.54,89.6,Sea Freight,0.91,7.0
SUP_AB62B6A8,Vietnam Natural Honey Exports Ltd.,Vietnam,04090037,Natural Honey,Processed Foods,3125048.5,151021.0,-3.48,Canada,8.96,Low,101.04,0.0357,54287.0,0.95,2.72,2024,Large,48,6992,32,145928,Yes,Yes,No,Net 30,6.3,4.4,4.3,3.85,89.2,Sea Freight,1.08,5.5
SUP_C5B7BF1A,Netherlands Black Pepper Exports Ltd.,Netherlands,09041153,Black Pepper,Spices,3010243.27,483366.0,17.65,Germany,9.04,None,6.52,0.0135,424127.0,0.8,2.89,2024,Enterprise,11,9446,15,135974,No,Yes,Yes,Net 30,6.6,6.5,4.3,2.5,93.4,Land,4.17,6.8
SUP_86D0DBE1,India Phone Cases Exports Ltd.,India,39269063,Phone Cases,Electronics,3126659.64,935457.0,21.96,Japan,10.32,None,71.45,0.097,460467.0,0.98,3.31,2024,Medium,48,1841,44,175946,Yes,Yes,No,Advance,3.9,7.4,3.5,4.75,86.6,Sea Freight,2.48,7.1
SUP_4614C338,Spain Cardamom Exports Ltd.,Spain,09083136,Cardamom,Spices,2346698.34,912617.0,13.34,Canada,13.09,None,9.81,0.0224,158706.0,0.86,4.99,2024,Enterprise,35,7173,27,95398,Yes,Yes,No,Net 30,6.7,5.0,3.9,2.83,88.4,Multi-modal,3.97,8.5
SUP_F80B114F,Spain USB Cables Exports Ltd.,Spain,85444272,USB Cables,Electronics,1926683.35,465746.0,11.81,Japan,10.82,None,86.23,0.0589,256848.0,0.94,4.82,2024,Medium,20,1689,25,70717,Yes,Yes,Yes,Advance,4.3,8.1,3.9,2.85,89.0,Sea Freight,3.27,7.9
SUP_E7151C7E,India Decorative Candles Exports Ltd.,India,34060095,Decorative Candles,Handicrafts,4573328.86,336633.0,14.14,USA,1.5,None,71.12,0.0713,122072.0,0.7,3.2,2024,Medium,28,8793,37,102286,No,Yes,Yes,LC,8.4,4.4,4.4,2.72,95.8,Sea Freight,4.61,5.9
SUP_F46C6D63,India Wooden Furniture Exports Ltd.,India,94036060,Wooden Furniture,Handicrafts,4045822.83,295361.0,23.1,Japan,13.89,Low,1.89,0.0611,106256.0,0.97,2.34,2024,Enterprise,43,9901,40,179476,No,Yes,No,Net 30,4.2,4.6,3.7,2.35,88.8,Air Freight,0.56,6.7
SUP_BD6BC394,Egypt Black Tea Exports Ltd.,Egypt,09023096,Black Tea,Agriculture,3907772.38,284019.0,13.33,France,13.46,Low,77.53,0.0178,400882.0,0.73,4.93,2024,Enterprise,22,5064,7,118363,Yes,Yes,Yes,Net 30,4.8,7.6,3.5,3.3,95.3,Sea Freight,3.51,7.3
SUP_C333B403,Mexico Wooden Furniture Exports Ltd.,Mexico,94036097,Wooden Furniture,Handicrafts,2761342.12,837733.0,18.1,France,1.76,Low,44.61,0.0653,164886.0,0.98,2.91,2024,Enterprise,49,7121,33,193978,No,Yes,No,TT,7.6,7.4,4.4,3.96,92.8,Multi-modal,0.85,7.8
SUP_CE26D25F,Netherlands Denim Jeans Exports Ltd.,Netherlands,62034280,Denim Jeans,Textiles,4562996.72,311976.0,12.18,Germany,2.47,Low,66.56,0.0712,425871.0,0.87,1.36,2024,Enterprise,5,8429,15,184544,Yes,Yes,No,Net 30,7.3,6.0,4.7,3.75,93.6,Sea Freight,2.41,8.5
SUP_C6962BB9,India Fruit Jam Exports Ltd.,India,20079918,Fruit Jam,Processed Foods,4937617.62,595002.0,-4.05,Canada,2.7,None,96.41,0.0756,270390.0,0.81,4.57,2024,Enterprise,26,7154,12,191374,Yes,No,Yes,Advance,6.2,7.6,3.8,0.12,85.3,Multi-modal,2.58,8.6
SUP_DCB92D5E,Egypt Cardamom Exports Ltd.,Egypt,09083158,Cardamom,Spices,4205121.97,359535.0,8.82,Germany,4.13,Low,108.89,0.0202,474399.0,0.89,3.46,2024,Small,17,4376,11,76449,Yes,Yes,No,LC,4.5,4.2,4.2,2.74,96.2,Sea Freight,1.13,10.0
SUP_E401BF1D,Netherlands Decorative Candles Exports Ltd.,Netherlands,34060083,Decorative Candles,Handicrafts,1935066.63,726962.0,18.18,Japan,4.81,None,21.92,0.0694,165890.0,0.82,2.1,2024,Medium,42,7999,42,179924,Yes,Yes,No,Advance,7.7,5.6,4.1,0.83,90.6,Land,1.58,6.1
SUP_085EB001,Vietnam USB Cables Exports Ltd.,Vietnam,85444269,USB Cables,Electronics,4616335.28,689704.0,7.38,Canada,8.36,None,36.81,0.0283,389060.0,0.72,2.8,2024,Large,7,9775,19,63510,Yes,Yes,No,LC,4.1,7.8,4.6,2.84,92.1,Multi-modal,1.86,9.5
SUP_C1144DE5,Vietnam Handwoven Baskets Exports Ltd.,Vietnam,46021125,Handwoven Baskets,Handicrafts,3860956.52,890973.0,9.37,Germany,10.43,None,59.8,0.0315,218618.0,0.92,2.52,2024,Large,21,5285,30,184431,No,Yes,No,Advance,7.6,5.6,3.8,1.63,85.7,Air Freight,3.84,5.1
SUP_123E32CB,Egypt Fruit Jam Exports Ltd.,Egypt,20079984,Fruit Jam,Processed Foods,3740053.72,409531.0,-0.43,UK,3.45,None,37.24,0.0596,409056.0,0.8,4.05,2024,Enterprise,48,9037,36,94101,No,Yes,Yes,Advance,4.1,8.4,5.0,4.79,92.8,Sea Freight,4.75,8.3
SUP_29439C71,Mexico Cotton Shirts Exports Ltd.,Mexico,62052027,Cotton Shirts,Textiles,4291451.23,342675.0,-2.96,Germany,0.14,None,56.29,0.0656,399571.0,0.97,4.65,2024,Enterprise,3,1108,41,194610,Yes,Yes,No,Net 30,3.1,8.1,4.5,4.05,98.6,Sea Freight,4.63,7.6
SUP_E1F7B550,Vietnam Decorative Candles Exports Ltd.,Vietnam,34060089,Decorative Candles,Handicrafts,2869051.93,954814.0,5.63,Japan,5.95,None,61.2,0.0609,415552.0,0.77,3.74,2024,Small,43,1519,12,156241,Yes,Yes,Yes,LC,7.2,4.4,4.8,3.26,89.9,Sea Freight,4.53,9.6
SUP_D1E26F4B,Vietnam Decorative Candles Exports Ltd.,Vietnam,34060098,Decorative Candles,Handicrafts,4493994.38,598598.0,3.13,USA,10.27,None,81.68,0.0692,144033.0,0.97,2.26,2024,Medium,39,3362,32,70168,Yes,Yes,No,Advance,7.1,6.7,4.1,3.72,96.8,Sea Freight,2.75,9.9
SUP_E737F386,India Denim Jeans Exports Ltd.,India,62034265,Denim Jeans,Textiles,1544648.02,179710.0,5.22,Japan,9.21,None,145.35,0.0394,382463.0,0.78,4.97,2024,Enterprise,16,6829,42,148415,Yes,Yes,No,LC,7.6,5.5,3.9,0.46,89.0,Land,3.7,8.2
SUP_5EC111C7,Mexico Power Banks Exports Ltd.,Mexico,85076050,Power Banks,Electronics,2123151.03,195966.0,-4.84,UK,6.67,None,15.78,0.0179,275957.0,0.83,3.22,2024,Enterprise,8,1430,12,142776,Yes,Yes,No,Advance,3.1,6.1,4.7,3.65,93.3,Air Freight,3.07,5.8
SUP_F9389563,Vietnam Cinnamon Exports Ltd.,Vietnam,09061127,Cinnamon,Spices,1710135.34,381444.0,9.79,USA,2.51,None,45.31,0.0804,239333.0,0.77,1.99,2024,Enterprise,40,4203,36,78042,Yes,Yes,Yes,Advance,7.8,5.6,4.0,4.1,97.8,Air Freight,1.85,8.0
SUP_874DC1E3,Vietnam USB Cables Exports Ltd.,Vietnam,85444271,USB Cables,Electronics,1913824.77,517584.0,24.06,UK,11.02,None,145.18,0.0804,220858.0,0.81,4.27,2024,Enterprise,25,2865,43,102376,Yes,Yes,No,LC,8.7,6.3,4.6,2.25,89.3,Sea Freight,4.19,9.0
SUP_799D6E65,Spain Cardamom Exports Ltd.,Spain,09083173,Cardamom,Spices,1126306.05,417543.0,2.26,France,2.31,None,56.86,0.0504,363489.0,0.84,2.6,2024,Enterprise,36,1602,30,190746,Yes,No,Yes,TT,6.9,5.8,4.5,0.32,99.7,Land,4.85,6.7
SUP_591204D1,India Cardamom Exports Ltd.,India,09083111,Cardamom,Spices,943729.51,332785.0,10.32,UAE,8.37,None,33.54,0.0437,292778.0,0.92,3.35,2024,Medium,24,1402,37,77406,Yes,No,Yes,TT,5.1,5.7,4.7,2.65,90.2,Sea Freight,2.47,8.5
SUP_03718249,India Turmeric Powder Exports Ltd.,India,09103048,Turmeric Powder,Spices,701073.74,845305.0,-1.55,Japan,5.15,None,120.11,0.0937,438229.0,0.77,1.7,2024,Medium,23,7985,36,110779,No,Yes,Yes,Advance,5.4,7.7,4.8,2.3,91.4,Sea Freight,3.67,6.0
SUP_E383AD6E,Netherlands USB Cables Exports Ltd.,Netherlands,85444218,USB Cables,Electronics,3098065.57,938338.0,21.16,Germany,5.49,None,17.54,0.0704,306630.0,0.85,3.56,2024,Enterprise,41,7431,44,79945,Yes,No,No,Net 30,8.5,7.0,4.5,1.63,88.6,Sea Freight,1.32,8.5
SUP_79E00C7B,Mexico Cashew Nuts Exports Ltd.,Mexico,08013263,Cashew Nuts,Processed Foods,3183916.18,702727.0,6.51,Germany,7.3,None,137.91,0.0938,140824.0,0.86,2.96,2024,Medium,13,6154,35,64053,No,No,Yes,TT,7.9,8.8,4.3,2.53,95.2,Land,3.7,7.2
SUP_6E2DC593,India Wooden Furniture Exports Ltd.,India,94036082,Wooden Furniture,Handicrafts,638873.18,898025.0,1.62,USA,4.12,None,25.65,0.0512,439293.0,0.92,2.98,2024,Small,38,2871,24,192372,No,Yes,No,LC,7.6,6.2,3.8,2.18,96.0,Air Freight,1.84,10.0
SUP_AA0EDEFC,Brazil Natural Honey Exports Ltd.,Brazil,04090054,Natural Honey,Processed Foods,4379898.31,191208.0,8.17,USA,11.63,None,121.7,0.0629,233831.0,0.95,3.44,2024,Enterprise,12,3281,20,104248,No,Yes,No,TT,4.9,7.5,3.9,1.41,97.8,Sea Freight,1.11,8.8
SUP_8F251321,India Cardamom Exports Ltd.,India,09083145,Cardamom,Spices,4401714.16,233051.0,16.04,Germany,3.75,None,124.36,0.0785,404541.0,0.81,1.57,2024,Large,42,7786,31,168486,Yes,Yes,No,Advance,6.1,5.4,4.9,1.91,99.2,Multi-modal,3.12,9.3
SUP_E5A1C8B6,India Power Banks Exports Ltd.,India,85076068,Power Banks,Electronics,3356782.45,831160.0,5.75,USA,11.94,None,145.24,0.0842,309373.0,0.78,4.31,2024,Large,37,3139,43,177228,No,No,No,LC,3.6,7.9,4.2,0.71,97.8,Land,2.55,10.0
SUP_DF83D5B1,Vietnam Cardamom Exports Ltd.,Vietnam,09083198,Cardamom,Spices,4592332.46,781571.0,4.06,Japan,13.99,None,98.36,0.0325,244953.0,0.89,3.6,2024,Small,27,6005,21,162520,Yes,Yes,Yes,Advance,3.5,7.0,4.3,2.28,85.1,Multi-modal,4.18,9.9
SUP_03532327,Spain Cardamom Exports Ltd.,Spain,09083126,Cardamom,Spices,2649651.09,340068.0,6.49,France,12.09,None,55.45,0.0369,250656.0,0.92,4.01,2024,Medium,43,3340,11,189069,Yes,Yes,Yes,Net 30,7.3,7.1,3.7,2.12,95.2,Air Freight,0.89,5.5
SUP_ABB5E278,Egypt Wool Sweaters Exports Ltd.,Egypt,61101159,Wool Sweaters,Textiles,2081910.38,550246.0,4.44,Germany,3.72,None,37.6,0.0641,428105.0,0.88,4.12,2024,Small,44,5942,20,185724,Yes,Yes,Yes,LC,7.7,8.0,3.9,1.99,88.6,Sea Freight,2.88,9.9
SUP_C8ACD576,Brazil Black Pepper Exports Ltd.,Brazil,09041126,Black Pepper,Spices,2240772.12,979727.0,12.05,UK,8.2,None,70.92,0.0989,88268.0,0.7,1.27,2024,Large,15,1652,10,154326,Yes,Yes,No,Advance,5.5,6.0,4.5,2.73,87.3,Sea Freight,1.89,7.6
SUP_D3D740A3,Netherlands Handwoven Baskets Exports Ltd.,Netherlands,46021129,Handwoven Baskets,Handicrafts,2913755.78,509711.0,12.59,Japan,12.52,None,10.38,0.0729,432708.0,0.98,1.95,2024,Medium,7,8118,14,168848,Yes,Yes,No,TT,3.7,7.5,4.6,0.9,99.2,Multi-modal,1.25,5.6
SUP_526216CF,Spain Coffee Beans Exports Ltd.,Spain,09011125,Coffee Beans,Agriculture,3971436.31,130782.0,5.05,Canada,4.08,None,106.99,0.0619,90406.0,0.84,3.04,2024,Small,33,3734,30,91237,Yes,Yes,No,LC,4.4,6.5,3.6,4.33,88.6,Land,2.14,9.6
SUP_E22A912C,Netherlands Wooden Furniture Exports Ltd.,Netherlands,94036014,Wooden Furniture,Handicrafts,2987891.55,848705.0,17.22,Canada,3.37,None,137.42,0.0388,483060.0,0.72,2.49,2024,Small,13,4656,40,62039,No,Yes,Yes,Net 30,7.6,5.6,3.6,2.34,90.5,Multi-modal,3.04,6.5
SUP_78DC5234,Vietnam Leather Handbags Exports Ltd.,Vietnam,42022169,Leather Handbags,Leather,2157231.32,617326.0,24.93,Japan,2.93,Low,114.19,0.0321,53343.0,0.97,1.1,2024,Large,42,1157,28,50383,No,Yes,No,Net 30,3.6,6.6,3.9,2.51,85.9,Air Freight,3.7,5.5
SUP_7AC837F5,Netherlands Decorative Candles Exports Ltd.,Netherlands,34060076,Decorative Candles,Handicrafts,2358755.62,490586.0,8.75,France,1.27,None,20.46,0.0838,89232.0,0.87,1.25,2024,Medium,17,5778,23,132577,No,Yes,No,Net 30,4.9,5.4,3.6,1.09,96.6,Sea Freight,1.2,5.8
SUP_2682F28B,Brazil Natural Honey Exports Ltd.,Brazil,04090062,Natural Honey,Processed Foods,1043315.32,475691.0,23.94,Germany,6.78,None,127.95,0.0181,473413.0,0.9,4.31,2024,Small,15,6370,16,73910,No,No,Yes,LC,7.1,5.3,5.0,0.25,91.0,Land,3.0,7.8
SUP_454831F4,Mexico Wool Sweaters Exports Ltd.,Mexico,61101123,Wool Sweaters,Textiles,4117535.39,246583.0,-1.36,USA,12.46,High,20.04,0.0841,245160.0,0.9,4.75,2024,Small,39,5240,11,55714,No,Yes,No,TT,3.6,8.2,4.7,0.7,99.0,Sea Freight,1.26,7.9
SUP_AFDDA9CF,Mexico Power Banks Exports Ltd.,Mexico,85076073,Power Banks,Electronics,632670.32,816400.0,7.8,UK,3.22,None,42.34,0.0895,68166.0,0.88,3.47,2024,Large,33,7750,42,175575,Yes,Yes,Yes,TT,6.9,8.0,3.9,4.97,93.1,Sea Freight,4.95,8.9
SUP_EE8A6293,Mexico Black Pepper Exports Ltd.,Mexico,09041179,Black Pepper,Spices,4016457.98,460745.0,22.38,UAE,4.82,None,4.4,0.0637,65363.0,0.96,4.11,2024,Small,32,9674,29,111017,No,Yes,No,Net 30,6.2,8.0,4.6,3.84,99.1,Land,2.1,9.2
SUP_AA35F413,Vietnam Wooden Furniture Exports Ltd.,Vietnam,94036040,Wooden Furniture,Handicrafts,3166337.79,945372.0,17.14,UK,13.71,None,105.23,0.0953,345492.0,0.74,4.79,2024,Enterprise,36,6063,18,178564,Yes,Yes,No,LC,6.2,4.0,4.9,1.09,86.9,Air Freight,4.63,9.2
SUP_B787744E,India Turmeric Powder Exports Ltd.,India,09103012,Turmeric Powder,Spices,1164704.09,838927.0,22.52,Japan,1.66,None,55.05,0.0165,419380.0,0.97,2.58,2024,Small,23,5944,27,85769,No,Yes,Yes,Advance,6.9,4.9,5.0,3.5,98.8,Multi-modal,1.5,7.9
SUP_AAB89E15,Mexico Wooden Furniture Exports Ltd.,Mexico,94036049,Wooden Furniture,Handicrafts,3802977.38,408823.0,-1.18,France,0.03,None,86.14,0.0866,454137.0,0.98,1.13,2024,Large,41,4619,43,77291,No,Yes,No,TT,5.1,5.6,4.5,4.82,97.2,Multi-modal,2.51,6.3
SUP_C650617C,Spain Decorative Candles Exports Ltd.,Spain,34060018,Decorative Candles,Handicrafts,2077165.23,925250.0,-1.76,USA,0.72,None,63.24,0.025,267065.0,0.84,2.51,2024,Enterprise,8,8855,43,109135,Yes,Yes,No,Net 30,3.1,5.3,3.7,1.77,98.2,Air Freight,3.79,7.7
SUP_1EB556A1,Brazil Silk Scarves Exports Ltd.,Brazil,62141086,Silk Scarves,Textiles,4933742.45,606186.0,16.14,Canada,14.14,None,133.52,0.0241,103088.0,0.8,4.9,2024,Enterprise,46,9849,23,123799,Yes,Yes,Yes,Advance,3.9,5.8,4.1,1.54,94.9,Land,1.4,5.1
SUP_9D6743B5,Spain Wooden Furniture Exports Ltd.,Spain,94036047,Wooden Furniture,Handicrafts,4896759.63,596574.0,20.31,UK,11.77,None,134.28,0.0339,386522.0,0.86,1.74,2024,Enterprise,25,4056,35,61696,Yes,Yes,Yes,Net 30,6.4,4.8,4.5,0.57,95.0,Land,4.87,7.9
SUP_E27C9727,India Fruit Jam Exports Ltd.,India,20079959,Fruit Jam,Processed Foods,4182823.47,538967.0,23.97,France,13.0,None,132.31,0.0529,91395.0,0.81,4.42,2024,Small,34,9467,43,88652,Yes,Yes,Yes,TT,8.8,8.0,3.7,2.17,99.7,Land,1.41,9.1
SUP_AF7F2AB0,Netherlands Ceramic Mugs Exports Ltd.,Netherlands,69120086,Ceramic Mugs,Handicrafts,1660488.62,862422.0,22.43,USA,1.31,None,83.03,0.0871,322466.0,0.83,4.49,2024,Enterprise,9,7790,16,88849,Yes,Yes,No,LC,8.5,6.8,3.7,1.5,93.0,Multi-modal,4.45,6.3
SUP_767480A5,Mexico Leather Belts Exports Ltd.,Mexico,42033083,Leather Belts,Leather,3240329.68,139285.0,0.17,Canada,2.16,None,104.2,0.0135,223798.0,0.9,1.2,2024,Enterprise,19,7102,8,138569,No,Yes,Yes,Advance,8.1,7.4,5.0,1.22,89.5,Land,3.98,6.6
SUP_5EC84A74,Mexico Power Banks Exports Ltd.,Mexico,85076087,Power Banks,Electronics,3404996.65,297064.0,8.25,Japan,6.11,None,77.72,0.0437,79468.0,0.85,1.64,2024,Large,47,9303,32,85559,No,Yes,No,TT,4.2,8.2,4.8,1.32,91.8,Multi-modal,3.67,6.4
SUP_2464CECB,Egypt Natural Honey Exports Ltd.,Egypt,04090060,Natural Honey,Processed Foods,3359344.14,229890.0,15.44,Germany,5.59,None,27.05,0.0883,357694.0,0.86,2.38,2024,Large,49,2480,25,57195,Yes,Yes,No,TT,8.1,7.2,4.5,1.42,91.1,Sea Freight,4.39,9.8
SUP_6B977CAD,India Phone Cases Exports Ltd.,India,39269070,Phone Cases,Electronics,4601819.47,778818.0,0.2,Japan,0.13,None,120.86,0.0375,421913.0,0.89,2.7,2024,Enterprise,24,8520,23,107202,Yes,Yes,No,Advance,6.5,4.0,5.0,4.84,97.5,Multi-modal,1.84,5.5
SUP_8CFEFAEC,Brazil Silk Scarves Exports Ltd.,Brazil,62141045,Silk Scarves,Textiles,3382676.36,390334.0,2.83,France,14.28,None,28.66,0.0566,175987.0,0.96,4.22,2024,Enterprise,44,6236,15,56672,Yes,No,Yes,Advance,5.4,7.7,4.4,4.97,97.2,Multi-modal,3.77,6.1
SUP_B715623D,Spain Fruit Jam Exports Ltd.,Spain,20079970,Fruit Jam,Processed Foods,4579369.27,804505.0,5.75,UK,12.68,Low,131.54,0.0263,101172.0,0.84,3.96,2024,Medium,45,6499,12,108262,Yes,Yes,Yes,Net 30,5.2,6.9,4.2,0.68,85.8,Sea Freight,2.62,6.0
SUP_C130386F,Netherlands Wool Sweaters Exports Ltd.,Netherlands,61101197,Wool Sweaters,Textiles,2217511.49,412848.0,7.39,Japan,12.81,None,30.44,0.0468,348531.0,0.96,4.95,2024,Medium,22,3954,12,177816,Yes,No,Yes,LC,3.0,5.4,4.6,0.93,96.4,Land,4.03,8.9
SUP_3EFCBDF6,Egypt Ceramic Mugs Exports Ltd.,Egypt,69120065,Ceramic Mugs,Handicrafts,3350693.93,522988.0,7.87,Canada,5.75,None,30.31,0.0436,57380.0,0.96,4.03,2024,Medium,3,1067,22,109314,Yes,Yes,Yes,Advance,6.0,5.5,3.6,0.32,99.1,Land,3.78,8.0
SUP_50226D64,Mexico Turmeric Powder Exports Ltd.,Mexico,09103097,Turmeric Powder,Spices,4979625.84,459381.0,24.88,Canada,5.39,None,142.24,0.0926,261493.0,0.71,1.9,2024,Medium,15,1359,44,182286,Yes,Yes,No,LC,5.3,7.2,4.7,3.15,93.8,Sea Freight,3.48,8.3
SUP_A0F06DD4,India Cotton Shirts Exports Ltd.,India,62052098,Cotton Shirts,Textiles,1021054.22,565897.0,6.41,UAE,3.79,None,31.22,0.0717,54878.0,0.79,3.65,2024,Large,41,3247,33,77502,Yes,Yes,Yes,LC,6.0,7.0,4.7,4.17,99.5,Multi-modal,3.67,6.5
SUP_56089073,Egypt Denim Jeans Exports Ltd.,Egypt,62034273,Denim Jeans,Textiles,4596604.82,821634.0,22.99,UK,3.52,None,13.81,0.0199,351021.0,0.89,1.6,2024,Small,34,2229,13,117080,Yes,Yes,No,Net 30,5.8,4.5,3.8,0.29,89.3,Multi-modal,2.42,5.6
SUP_2F37BC55,India Denim Jeans Exports Ltd.,India,62034227,Denim Jeans,Textiles,3485097.62,278795.0,4.86,Canada,14.33,None,110.09,0.0435,229685.0,0.75,2.6,2024,Enterprise,19,7319,37,160556,Yes,Yes,Yes,LC,8.9,8.2,3.7,4.57,92.2,Land,1.32,6.9
SUP_E7820C7E,Egypt Black Pepper Exports Ltd.,Egypt,09041113,Black Pepper,Spices,4381590.99,979269.0,16.82,Germany,7.25,None,133.2,0.0497,83206.0,0.78,2.26,2024,Medium,44,6542,40,187128,Yes,Yes,Yes,TT,5.9,7.3,4.5,0.83,97.3,Sea Freight,0.55,9.7
SUP_AEF98A63,Netherlands Cashew Nuts Exports Ltd.,Netherlands,08013270,Cashew Nuts,Processed Foods,4333420.18,273438.0,-2.75,Canada,4.81,None,42.08,0.0556,338618.0,0.89,2.61,2024,Medium,7,8521,35,167466,Yes,Yes,Yes,Advance,7.5,4.1,4.1,0.28,93.2,Sea Freight,4.06,9.8
SUP_184E859C,Brazil Leather Belts Exports Ltd.,Brazil,42033075,Leather Belts,Leather,3030496.57,786393.0,15.14,UK,5.45,None,33.83,0.0509,343680.0,0.92,3.4,2024,Large,47,8414,14,75542,No,Yes,Yes,Net 30,6.3,5.9,3.7,4.49,92.3,Land,0.98,8.1
SUP_0F55D45A,India Handwoven Baskets Exports Ltd.,India,46021160,Handwoven Baskets,Handicrafts,1470152.77,964607.0,18.44,France,5.07,None,7.45,0.067,402395.0,0.87,4.09,2024,Enterprise,31,9260,15,180764,Yes,Yes,No,Advance,8.0,6.4,4.3,4.61,87.6,Air Freight,3.79,5.6
SUP_EF94975B,Spain Cinnamon Exports Ltd.,Spain,09061186,Cinnamon,Spices,3227723.48,437477.0,10.12,Canada,6.28,None,104.03,0.0323,258598.0,0.98,4.88,2024,Enterprise,10,3263,33,184294,Yes,Yes,No,TT,4.2,7.1,3.9,1.79,95.0,Air Freight,2.77,8.5
SUP_89753CC0,Spain Turmeric Powder Exports Ltd.,Spain,09103024,Turmeric Powder,Spices,3923487.61,689593.0,9.41,UAE,14.14,None,101.3,0.0904,329918.0,0.78,4.39,2024,Small,35,2744,8,149842,Yes,Yes,Yes,TT,8.9,7.4,3.7,0.4,96.7,Air Freight,3.89,5.2
SUP_AAC71784,India Natural Honey Exports Ltd.,India,04090088,Natural Honey,Processed Foods,4406159.18,875414.0,11.86,Germany,11.14,None,36.02,0.0806,468812.0,0.9,3.77,2024,Small,26,7349,33,131960,No,Yes,No,TT,6.7,7.9,4.8,4.17,98.6,Multi-modal,3.9,7.7
SUP_212FF9B5,Vietnam Leather Handbags Exports Ltd.,Vietnam,42022134,Leather Handbags,Leather,1823799.75,286044.0,24.5,USA,2.8,None,77.32,0.0439,274661.0,0.78,2.06,2024,Medium,39,5178,7,136655,Yes,No,Yes,Net 30,6.6,7.9,4.4,4.23,89.5,Multi-modal,0.83,8.5
SUP_A5FA2E22,Vietnam Cashew Nuts Exports Ltd.,Vietnam,08013233,Cashew Nuts,Processed Foods,2842728.29,924451.0,10.15,Canada,8.15,None,52.74,0.0895,397778.0,0.8,2.44,2024,Medium,50,9691,37,197150,No,No,Yes,Net 30,5.7,8.5,4.4,3.14,99.3,Multi-modal,2.22,9.0
SUP_EB1B5CA7,Mexico Wool Sweaters Exports Ltd.,Mexico,61101142,Wool Sweaters,Textiles,2931067.91,396567.0,-4.26,UAE,12.33,None,120.52,0.0501,72990.0,0.79,3.61,2024,Large,34,2349,13,93881,No,Yes,No,LC,4.3,7.1,3.8,3.46,97.5,Air Freight,2.92,8.5
SUP_236D096A,Netherlands Power Banks Exports Ltd.,Netherlands,85076065,Power Banks,Electronics,3409525.22,175623.0,17.41,Germany,0.36,None,6.16,0.0166,143319.0,0.93,3.23,2024,Medium,18,7678,31,168259,Yes,Yes,Yes,LC,6.2,7.2,4.4,3.8,93.7,Sea Freight,2.11,7.5
SUP_39DA7F09,Netherlands Black Tea Exports Ltd.,Netherlands,09023097,Black Tea,Agriculture,1856078.19,190707.0,3.45,Canada,5.72,Low,5.11,0.0241,165272.0,0.74,2.56,2024,Large,42,3360,26,147813,No,Yes,No,TT,3.7,4.0,4.4,2.73,99.1,Multi-modal,1.45,8.7
SUP_F54F74B6,Brazil Power Banks Exports Ltd.,Brazil,85076037,Power Banks,Electronics,2356945.23,777308.0,20.54,Germany,2.41,None,125.29,0.0275,145083.0,0.89,3.27,2024,Small,50,9992,36,194091,Yes,Yes,Yes,TT,7.4,6.4,4.0,0.73,94.8,Sea Freight,1.78,5.3
SUP_189DF1D8,Brazil Handwoven Baskets Exports Ltd.,Brazil,46021172,Handwoven Baskets,Handicrafts,2527906.9,746281.0,14.78,France,8.76,None,54.99,0.0385,274556.0,0.75,2.25,2024,Medium,47,8145,24,144237,Yes,Yes,No,Advance,5.7,7.9,4.2,0.63,94.6,Sea Freight,4.29,9.3
SUP_E11B4AE4,Egypt Ceramic Mugs Exports Ltd.,Egypt,69120035,Ceramic Mugs,Handicrafts,1684555.93,757057.0,-2.71,USA,13.38,Low,94.93,0.0831,353510.0,0.82,3.36,2024,Small,37,5269,41,191473,Yes,Yes,Yes,TT,8.3,6.9,4.8,0.76,92.5,Sea Freight,2.29,7.5
SUP_16CD10CA,Vietnam Phone Cases Exports Ltd.,Vietnam,39269088,Phone Cases,Electronics,3578727.46,893988.0,10.42,Canada,2.39,None,85.09,0.0885,126650.0,0.91,2.93,2024,Large,4,4585,38,110751,Yes,Yes,Yes,TT,6.1,8.0,4.1,4.6,98.1,Sea Freight,4.91,6.6
SUP_A1F2EC8F,Egypt USB Cables Exports Ltd.,Egypt,85444291,USB Cables,Electronics,4233412.2,975427.0,17.26,UAE,8.17,None,98.22,0.0429,392536.0,0.96,1.31,2024,Large,26,4651,40,156389,Yes,No,Yes,Advance,8.3,4.0,4.8,2.26,88.4,Multi-modal,1.45,5.9
SUP_E49302CD,Egypt Black Pepper Exports Ltd.,Egypt,09041125,Black Pepper,Spices,3474993.39,534753.0,19.34,France,1.7,None,72.11,0.0632,389350.0,0.94,1.09,2024,Small,10,3639,15,184386,Yes,Yes,Yes,Net 30,8.5,6.6,4.1,4.85,94.5,Multi-modal,4.76,6.1
SUP_118123B0,Mexico Leather Handbags Exports Ltd.,Mexico,42022171,Leather Handbags,Leather,1267550.53,970699.0,7.32,Germany,11.92,Low,27.69,0.0694,188685.0,0.75,3.74,2024,Enterprise,40,2127,21,149145,Yes,Yes,Yes,Advance,8.0,7.0,3.8,4.52,93.9,Sea Freight,0.92,8.3
SUP_E8C43CA0,Egypt Leather Handbags Exports Ltd.,Egypt,42022110,Leather Handbags,Leather,4536360.29,912510.0,15.36,Canada,7.83,None,6.99,0.0577,170316.0,0.97,2.93,2024,Enterprise,24,2600,34,85096,Yes,Yes,No,LC,4.7,8.4,4.1,1.03,95.6,Sea Freight,3.1,5.6
SUP_445E00F4,Mexico Cotton Shirts Exports Ltd.,Mexico,62052093,Cotton Shirts,Textiles,1424384.13,943356.0,4.48,UK,1.6,None,88.01,0.0335,331073.0,0.82,2.46,2024,Large,45,7511,20,158325,Yes,Yes,Yes,Advance,4.5,5.5,4.0,3.56,96.0,Sea Freight,3.87,7.2
SUP_7FE637CA,Vietnam USB Cables Exports Ltd.,Vietnam,85444222,USB Cables,Electronics,1465061.64,520018.0,18.58,Japan,8.26,None,106.17,0.0245,383382.0,0.7,1.36,2024,Medium,32,8133,12,66798,Yes,Yes,No,Advance,8.6,6.0,4.5,1.5,99.4,Sea Freight,4.76,9.1
SUP_B7C59F87,Mexico Leather Belts Exports Ltd.,Mexico,42033066,Leather Belts,Leather,548196.79,991884.0,14.71,Japan,7.77,None,117.7,0.0559,416188.0,0.77,1.68,2024,Small,25,4919,7,91273,Yes,Yes,Yes,Advance,5.4,5.0,3.5,3.55,98.7,Multi-modal,3.77,7.8
SUP_A5C99942,Brazil Leather Shoes Exports Ltd.,Brazil,64035154,Leather Shoes,Leather,4834794.49,389939.0,1.79,Germany,6.82,None,1.2,0.0258,315414.0,0.73,1.29,2024,Large,23,2917,39,117552,No,No,No,Advance,8.8,6.8,4.7,3.81,99.3,Land,3.57,9.5
SUP_C29ED47E,Mexico Cotton Shirts Exports Ltd.,Mexico,62052024,Cotton Shirts,Textiles,1660188.94,501261.0,14.01,Germany,10.15,None,47.7,0.096,320796.0,0.86,3.8,2024,Large,17,5706,12,154577,Yes,No,Yes,TT,5.9,5.8,4.8,1.42,99.1,Air Freight,2.75,6.0
SUP_868E54C8,Vietnam Power Banks Exports Ltd.,Vietnam,85076043,Power Banks,Electronics,1430503.85,312616.0,20.05,Japan,9.28,None,16.45,0.0928,404320.0,0.98,2.97,2024,Small,50,9871,9,176429,Yes,Yes,No,Net 30,5.9,8.9,4.9,1.47,88.3,Air Freight,0.74,9.0
SUP_00EBB89A,Egypt Dried Mangoes Exports Ltd.,Egypt,08045014,Dried Mangoes,Processed Foods,2761138.45,512842.0,20.81,Japan,2.62,High,104.89,0.0514,411344.0,0.7,3.7,2024,Enterprise,39,2650,27,144791,Yes,Yes,No,TT,4.6,8.8,4.0,1.0,91.3,Land,3.65,6.9
SUP_826B31D9,Brazil Cinnamon Exports Ltd.,Brazil,09061167,Cinnamon,Spices,1309501.53,237509.0,24.38,France,3.43,None,40.86,0.0312,276607.0,0.95,1.78,2024,Medium,32,1159,18,160499,Yes,No,No,Net 30,7.7,5.5,4.3,2.88,90.9,Air Freight,0.77,9.1
SUP_328C1942,Netherlands Dried Mangoes Exports Ltd.,Netherlands,08045090,Dried Mangoes,Processed Foods,933358.49,880762.0,5.04,UK,5.4,None,121.6,0.041,265881.0,0.74,4.47,2024,Medium,38,9821,18,124608,Yes,Yes,Yes,Advance,8.3,5.9,3.9,3.2,87.2,Air Freight,3.38,9.6
SUP_D25E9802,Spain Cardamom Exports Ltd.,Spain,09083188,Cardamom,Spices,3072369.08,990136.0,22.21,USA,2.43,None,47.87,0.0362,190232.0,0.88,2.58,2024,Enterprise,25,9535,35,158524,Yes,No,Yes,TT,7.0,8.7,4.6,0.49,87.5,Sea Freight,0.93,9.7
SUP_1B2C68F5,Egypt Dried Mangoes Exports Ltd.,Egypt,08045016,Dried Mangoes,Processed Foods,618642.11,516297.0,10.72,USA,1.56,None,13.1,0.0938,254391.0,0.79,1.99,2024,Large,30,3071,15,188082,No,Yes,No,Net 30,8.2,6.3,4.8,4.68,93.2,Air Freight,4.86,8.5
SUP_FC1A2544,Egypt Wooden Furniture Exports Ltd.,Egypt,94036086,Wooden Furniture,Handicrafts,2554445.39,885290.0,14.08,UAE,6.52,None,80.3,0.0918,302524.0,0.86,4.22,2024,Enterprise,21,6992,33,118106,Yes,Yes,No,TT,5.1,6.3,3.5,4.62,99.1,Land,1.85,8.8
SUP_C93E9804,Egypt Black Tea Exports Ltd.,Egypt,09023039,Black Tea,Agriculture,4085453.23,674842.0,6.21,Canada,13.23,None,37.86,0.0743,388685.0,0.81,2.51,2024,Large,7,7917,22,185426,No,No,No,Net 30,4.7,7.7,4.7,2.12,97.7,Air Freight,1.11,5.6
SUP_0FDF41AE,Egypt Natural Honey Exports Ltd.,Egypt,04090067,Natural Honey,Processed Foods,1724603.59,753004.0,9.76,UK,0.29,None,80.48,0.0267,103620.0,0.78,1.5,2024,Enterprise,48,1134,21,73644,Yes,Yes,Yes,Net 30,7.7,6.5,4.1,3.51,85.5,Sea Freight,4.3,9.8
SUP_CBB6C8FA,Brazil Denim Jeans Exports Ltd.,Brazil,62034260,Denim Jeans,Textiles,821231.13,592984.0,0.45,Japan,3.75,None,2.39,0.0977,424699.0,0.77,4.08,2024,Enterprise,17,1549,19,170805,No,Yes,No,TT,5.8,7.4,4.0,1.68,94.4,Sea Freight,3.85,7.7
SUP_B8645360,Brazil Wool Sweaters Exports Ltd.,Brazil,61101171,Wool Sweaters,Textiles,3373340.05,308376.0,5.81,USA,12.95,None,17.38,0.067,220138.0,0.7,4.18,2024,Small,27,4982,7,61008,Yes,Yes,No,TT,5.2,4.4,3.7,0.55,94.2,Sea Freight,0.77,8.2
SUP_FC8D0172,Egypt USB Cables Exports Ltd.,Egypt,85444223,USB Cables,Electronics,1066223.56,343977.0,4.5,UAE,11.83,None,120.93,0.0495,151169.0,0.71,2.51,2024,Medium,18,1646,38,164688,Yes,Yes,Yes,TT,6.3,5.6,4.2,4.35,93.9,Air Freight,0.81,5.8
SUP_9892C084,Netherlands Black Tea Exports Ltd.,Netherlands,09023043,Black Tea,Agriculture,2937226.78,576136.0,-4.98,France,7.59,None,132.5,0.0658,240880.0,0.93,1.96,2024,Small,44,9830,31,99773,Yes,Yes,No,Net 30,4.9,7.2,3.7,2.66,86.0,Air Freight,1.3,5.2
SUP_3A9726A4,Mexico Wool Sweaters Exports Ltd.,Mexico,61101134,Wool Sweaters,Textiles,944391.14,698749.0,14.25,Canada,9.87,None,105.35,0.033,242075.0,0.76,3.87,2024,Small,15,9051,12,172698,No,Yes,No,Advance,7.9,8.0,3.6,3.12,92.9,Sea Freight,4.26,5.4
SUP_E0467938,Egypt Handwoven Baskets Exports Ltd.,Egypt,46021122,Handwoven Baskets,Handicrafts,955513.04,342239.0,10.95,Germany,2.9,None,85.72,0.0953,342774.0,0.92,2.66,2024,Small,42,6864,36,161955,No,Yes,Yes,Advance,6.0,7.3,4.3,3.04,98.9,Multi-modal,2.98,10.0
SUP_131AC081,Mexico Black Pepper Exports Ltd.,Mexico,09041191,Black Pepper,Spices,2437646.33,861127.0,4.7,Germany,8.45,None,114.97,0.0934,183215.0,0.8,2.81,2024,Enterprise,2,1567,25,54273,Yes,No,Yes,Net 30,8.9,5.1,4.0,3.88,99.1,Multi-modal,4.64,7.6
SUP_F5765586,Egypt Leather Shoes Exports Ltd.,Egypt,64035129,Leather Shoes,Leather,924292.07,582732.0,5.67,Germany,3.97,Low,37.85,0.0331,207444.0,0.73,2.6,2024,Medium,48,2264,27,176493,Yes,No,No,LC,6.6,5.5,4.6,2.92,86.2,Sea Freight,4.65,6.7
SUP_61798CC8,Mexico Cardamom Exports Ltd.,Mexico,09083125,Cardamom,Spices,4414039.31,337730.0,17.43,Japan,9.03,None,116.72,0.0444,209794.0,0.85,2.28,2024,Medium,22,9231,21,90159,Yes,Yes,Yes,Advance,7.5,6.9,3.6,2.22,96.7,Air Freight,1.09,5.4
SUP_ED06C68A,Spain Leather Shoes Exports Ltd.,Spain,64035116,Leather Shoes,Leather,2966685.82,375311.0,-2.45,UAE,6.52,None,114.42,0.0533,153865.0,0.84,3.61,2024,Medium,37,9589,22,113521,Yes,Yes,Yes,LC,3.7,6.1,4.0,1.03,90.1,Sea Freight,3.96,5.8
SUP_D2B6E386,Egypt Black Pepper Exports Ltd.,Egypt,09041166,Black Pepper,Spices,3304319.7,561859.0,-3.65,Japan,3.5,None,23.82,0.0756,94991.0,0.73,1.22,2024,Medium,20,1225,28,79170,Yes,Yes,Yes,TT,4.2,6.6,3.9,2.47,95.9,Air Freight,3.63,8.3
SUP_76FBFC38,Egypt Cinnamon Exports Ltd.,Egypt,09061194,Cinnamon,Spices,2870595.91,367865.0,0.11,UK,3.01,None,41.06,0.0518,54369.0,0.72,3.64,2024,Large,8,1312,25,151324,Yes,Yes,No,LC,8.4,6.4,4.4,0.53,88.0,Land,3.02,8.6
SUP_EAAF93A3,Vietnam Denim Jeans Exports Ltd.,Vietnam,62034277,Denim Jeans,Textiles,1872173.85,613731.0,6.8,Germany,0.28,None,53.63,0.0372,312800.0,0.78,1.25,2024,Large,26,1482,42,123451,Yes,Yes,Yes,TT,3.5,5.9,4.9,3.1,94.3,Air Freight,2.38,7.9
SUP_211B0E7F,Brazil Cardamom Exports Ltd.,Brazil,09083187,Cardamom,Spices,1981781.32,668573.0,-1.05,France,2.08,None,120.12,0.0876,212004.0,0.9,4.59,2024,Medium,29,3378,43,91431,Yes,Yes,No,LC,4.1,8.2,3.7,0.24,89.7,Land,4.83,6.5
SUP_6C9DA94D,Netherlands Power Banks Exports Ltd.,Netherlands,85076091,Power Banks,Electronics,4699625.14,387096.0,-0.44,Germany,1.6,None,114.49,0.0651,189912.0,0.88,3.45,2024,Medium,16,1427,29,70834,Yes,Yes,No,Advance,7.3,5.9,4.8,2.51,87.0,Air Freight,1.52,7.0
SUP_1B270AB9,Brazil Cotton Shirts Exports Ltd.,Brazil,62052062,Cotton Shirts,Textiles,1501493.96,803950.0,24.65,Japan,3.07,None,143.23,0.0495,373516.0,0.84,2.3,2024,Enterprise,17,8005,32,60964,Yes,No,No,Advance,6.7,7.7,4.4,2.67,98.0,Sea Freight,2.84,7.3
SUP_CA1D6CA1,Vietnam Denim Jeans Exports Ltd.,Vietnam,62034276,Denim Jeans,Textiles,2920411.15,870881.0,-3.82,Canada,7.74,None,7.87,0.0362,258687.0,0.96,4.09,2024,Large,31,3727,34,127180,Yes,Yes,No,TT,5.8,7.2,3.6,2.55,87.7,Air Freight,2.27,6.6
SUP_20AB29BD,Vietnam Cotton Shirts Exports Ltd.,Vietnam,62052068,Cotton Shirts,Textiles,3156419.64,847251.0,21.87,Canada,1.35,None,97.46,0.074,135980.0,0.91,1.49,2024,Small,47,8362,30,72362,Yes,Yes,No,TT,5.3,5.9,4.7,4.57,93.4,Air Freight,1.23,5.7
SUP_CCA5E30B,India USB Cables Exports Ltd.,India,85444263,USB Cables,Electronics,1886279.92,865630.0,18.06,Canada,4.33,None,134.83,0.0964,51852.0,0.88,2.01,2024,Enterprise,33,9169,41,51507,Yes,Yes,Yes,Advance,5.7,6.2,4.4,0.13,98.1,Multi-modal,3.29,7.8
SUP_813C80FA,India Handwoven Baskets Exports Ltd.,India,46021133,Handwoven Baskets,Handicrafts,1167152.76,785010.0,5.47,Germany,12.81,None,125.78,0.0369,95981.0,0.71,2.67,2024,Medium,12,5659,45,197371,Yes,Yes,No,LC,3.6,5.5,4.1,1.96,86.0,Land,4.29,5.3
SUP_2C87382B,Vietnam Dried Mangoes Exports Ltd.,Vietnam,08045025,Dried Mangoes,Processed Foods,3625787.47,387748.0,4.88,Canada,7.87,None,92.0,0.0198,432587.0,0.98,3.12,2024,Small,32,5705,34,132965,Yes,Yes,No,TT,6.7,6.5,4.6,2.54,97.0,Air Freight,3.69,9.9
SUP_330C12D7,India Cotton Shirts Exports Ltd.,India,62052013,Cotton Shirts,Textiles,2591985.35,935434.0,-1.46,Japan,3.11,None,62.49,0.0141,233317.0,0.86,3.55,2024,Small,42,4296,25,116694,No,Yes,No,Net 30,7.6,4.6,4.0,2.04,93.5,Sea Freight,4.24,6.0
SUP_F915D92F,Spain Turmeric Powder Exports Ltd.,Spain,09103071,Turmeric Powder,Spices,4622733.74,935981.0,-3.93,Germany,7.22,None,133.86,0.0583,225693.0,0.83,4.26,2024,Small,35,5904,43,132707,Yes,Yes,No,Net 30,7.8,8.4,4.0,4.85,89.2,Sea Freight,2.03,6.9
SUP_18874147,Netherlands Fruit Jam Exports Ltd.,Netherlands,20079931,Fruit Jam,Processed Foods,3069417.39,508489.0,0.62,USA,12.97,None,105.94,0.0383,66582.0,0.78,1.35,2024,Medium,25,8404,26,106659,Yes,Yes,Yes,LC,7.7,8.6,4.2,0.22,92.2,Air Freight,1.36,9.6
SUP_F0028AF9,Netherlands Power Banks Exports Ltd.,Netherlands,85076077,Power Banks,Electronics,1896614.19,443238.0,-0.7,Japan,1.47,High,77.66,0.0993,157577.0,0.91,2.84,2024,Small,2,6095,9,72826,Yes,No,Yes,Net 30,3.1,7.8,4.5,1.13,88.0,Multi-modal,1.74,6.6
SUP_13532676,Spain Natural Honey Exports Ltd.,Spain,04090025,Natural Honey,Processed Foods,1726943.93,265146.0,3.21,USA,14.37,None,15.81,0.0588,338025.0,0.79,1.57,2024,Large,38,5011,17,68675,Yes,No,No,LC,3.8,6.4,4.5,0.62,85.8,Land,2.26,8.5
SUP_212661EB,Spain Leather Shoes Exports Ltd.,Spain,64035198,Leather Shoes,Leather,3647144.75,746253.0,5.67,UK,12.26,None,100.8,0.058,446226.0,0.92,3.27,2024,Small,46,8672,13,169428,Yes,Yes,No,Advance,4.4,5.1,4.8,3.12,98.6,Land,1.33,9.6
SUP_451DBE0A,Netherlands Turmeric Powder Exports Ltd.,Netherlands,09103051,Turmeric Powder,Spices,2539773.8,131734.0,-3.04,USA,5.27,None,26.03,0.0791,366900.0,0.87,3.03,2024,Enterprise,47,2752,27,195791,Yes,Yes,No,Advance,6.5,5.2,3.9,0.88,92.2,Sea Freight,2.03,9.1
SUP_5157EACC,Mexico Leather Shoes Exports Ltd.,Mexico,64035165,Leather Shoes,Leather,3052450.37,458823.0,11.34,Germany,2.6,None,111.04,0.0741,488697.0,0.84,3.37,2024,Enterprise,22,2599,35,96182,Yes,Yes,No,Advance,5.0,7.2,3.6,1.17,87.1,Sea Freight,3.91,8.3
SUP_DB4F98DE,Egypt Natural Honey Exports Ltd.,Egypt,04090047,Natural Honey,Processed Foods,2254921.97,706005.0,8.41,Germany,10.22,None,85.76,0.0922,209671.0,0.97,4.75,2024,Large,7,1133,39,155957,No,No,Yes,LC,3.0,6.8,5.0,0.64,89.2,Sea Freight,1.56,8.5
SUP_E85F6672,Spain Cinnamon Exports Ltd.,Spain,09061150,Cinnamon,Spices,3702981.43,525756.0,6.45,UAE,3.17,None,21.29,0.06,492146.0,0.97,4.36,2024,Medium,20,3056,15,53041,Yes,Yes,No,Advance,6.9,8.9,3.7,0.77,97.0,Land,4.52,8.5
SUP_D7DF91B4,Egypt Cardamom Exports Ltd.,Egypt,09083133,Cardamom,Spices,2544774.62,544726.0,11.56,Canada,5.77,None,64.0,0.0107,311177.0,0.95,1.95,2024,Large,28,9948,43,146198,Yes,Yes,Yes,Net 30,3.7,6.4,4.5,0.8,95.9,Multi-modal,2.59,5.4
SUP_833F5EB2,India Leather Handbags Exports Ltd.,India,42022141,Leather Handbags,Leather,2626032.08,877714.0,14.91,France,1.17,None,119.82,0.0381,77668.0,0.96,3.14,2024,Small,32,8438,39,173006,Yes,Yes,Yes,Net 30,4.7,4.2,4.9,3.77,95.8,Multi-modal,0.78,7.4
SUP_5DC545F2,Egypt Wooden Furniture Exports Ltd.,Egypt,94036016,Wooden Furniture,Handicrafts,3453439.49,405925.0,19.27,UAE,0.41,None,19.46,0.0169,460917.0,0.78,1.53,2024,Large,19,5209,7,79242,Yes,No,No,Advance,5.2,4.9,4.7,1.26,87.7,Sea Freight,2.04,5.4
SUP_D0864BF3,Egypt Ceramic Mugs Exports Ltd.,Egypt,69120029,Ceramic Mugs,Handicrafts,4269263.99,889327.0,24.81,Japan,5.75,None,109.04,0.0251,352911.0,0.91,2.38,2024,Large,50,2900,10,93935,Yes,Yes,Yes,TT,5.3,7.5,4.2,0.81,98.0,Sea Freight,1.8,9.0
SUP_0640943F,Spain Cinnamon Exports Ltd.,Spain,09061150,Cinnamon,Spices,4827932.25,816047.0,23.68,USA,13.77,None,143.45,0.0489,391870.0,0.95,2.34,2024,Large,8,5183,44,152538,Yes,Yes,Yes,TT,6.1,7.4,5.0,1.64,85.2,Sea Freight,4.24,5.1
SUP_D31DC117,Egypt Wool Sweaters Exports Ltd.,Egypt,61101123,Wool Sweaters,Textiles,3584747.99,468591.0,1.58,UK,3.78,None,93.1,0.0151,361499.0,0.89,4.34,2024,Small,47,2965,12,84054,Yes,Yes,No,TT,8.4,7.5,3.9,2.39,98.9,Land,4.65,6.4
SUP_0212B9D7,Spain Cardamom Exports Ltd.,Spain,09083195,Cardamom,Spices,3964462.29,439113.0,2.72,Japan,1.11,None,57.73,0.0399,81488.0,0.77,4.25,2024,Medium,30,2137,38,102604,Yes,Yes,Yes,TT,6.2,6.2,4.4,0.62,91.6,Multi-modal,0.96,5.4
SUP_F668269E,Spain Leather Shoes Exports Ltd.,Spain,64035142,Leather Shoes,Leather,3997567.24,119676.0,21.9,Germany,9.79,None,6.16,0.0451,129485.0,0.9,4.62,2024,Small,34,9039,37,164309,Yes,Yes,No,LC,6.2,4.0,4.9,4.11,92.2,Multi-modal,2.0,6.5
SUP_186E7800,Spain Denim Jeans Exports Ltd.,Spain,62034292,Denim Jeans,Textiles,908001.39,660596.0,20.6,UK,1.21,None,115.09,0.0683,142598.0,0.86,4.87,2024,Medium,21,7391,13,144178,Yes,No,Yes,TT,3.8,5.0,4.6,3.01,92.3,Sea Freight,4.07,8.2
SUP_4A9084A9,Egypt Dried Mangoes Exports Ltd.,Egypt,08045067,Dried Mangoes,Processed Foods,4849583.63,117215.0,-3.89,USA,5.07,None,61.12,0.0291,392805.0,0.89,2.83,2024,Medium,49,4817,11,59667,No,Yes,Yes,LC,4.5,7.2,3.5,3.2,98.5,Sea Freight,2.55,5.9
SUP_094468DE,India Leather Shoes Exports Ltd.,India,64035123,Leather Shoes,Leather,1013808.57,723879.0,18.98,Germany,0.95,None,50.93,0.0852,436887.0,0.9,2.3,2024,Medium,22,4493,9,95468,Yes,Yes,Yes,Advance,4.0,5.8,3.7,1.29,93.7,Air Freight,0.95,9.2
SUP_E9696F92,Mexico Leather Handbags Exports Ltd.,Mexico,42022130,Leather Handbags,Leather,570336.47,610622.0,-2.58,USA,2.69,None,97.94,0.0898,268220.0,0.9,4.17,2024,Enterprise,46,3079,20,87509,Yes,Yes,Yes,TT,6.7,4.2,3.8,2.55,99.2,Multi-modal,2.07,5.0
SUP_B318BF33,Vietnam Decorative Candles Exports Ltd.,Vietnam,34060025,Decorative Candles,Handicrafts,4939715.86,200331.0,13.57,Japan,11.42,None,33.28,0.0793,395677.0,0.76,1.21,2024,Small,11,8772,38,96222,Yes,No,Yes,Net 30,4.7,6.2,4.0,4.05,96.3,Sea Freight,0.97,5.3
SUP_2F873DC7,Vietnam Fruit Jam Exports Ltd.,Vietnam,20079930,Fruit Jam,Processed Foods,4034714.08,608623.0,10.45,USA,13.43,None,89.11,0.0393,154202.0,0.92,4.59,2024,Medium,9,6343,21,75706,Yes,Yes,Yes,TT,3.4,6.9,3.6,2.24,88.2,Land,1.3,6.9
SUP_5A45A19F,Spain Natural Honey Exports Ltd.,Spain,04090034,Natural Honey,Processed Foods,3344095.03,382795.0,1.07,Germany,0.48,None,42.45,0.02,294074.0,0.83,1.68,2024,Large,16,5835,45,91101,No,Yes,No,TT,6.5,6.8,3.8,2.12,92.8,Air Freight,3.16,9.2
SUP_3DFFF4CC,India Coffee Beans Exports Ltd.,India,09011164,Coffee Beans,Agriculture,3812804.87,358635.0,2.43,Canada,8.69,Low,88.97,0.0234,350784.0,0.96,2.67,2024,Small,4,8711,39,58813,Yes,Yes,No,LC,5.7,5.2,4.3,0.16,95.9,Air Freight,1.1,6.5
SUP_52ED51A9,India Leather Belts Exports Ltd.,India,42033012,Leather Belts,Leather,2659023.28,419644.0,-0.15,Canada,12.87,None,4.15,0.0509,454663.0,0.74,3.81,2024,Medium,25,8607,7,68533,Yes,Yes,No,Net 30,5.6,5.3,4.9,2.76,96.8,Sea Freight,3.29,6.7
SUP_6BA05FD0,Egypt Denim Jeans Exports Ltd.,Egypt,62034296,Denim Jeans,Textiles,2137957.35,154067.0,-1.67,UK,6.98,None,55.28,0.0683,419556.0,0.72,3.84,2024,Medium,10,6487,22,191461,Yes,Yes,No,TT,7.5,7.8,4.0,4.5,92.5,Land,1.75,5.3
SUP_5E9EBC4D,Mexico Black Pepper Exports Ltd.,Mexico,09041172,Black Pepper,Spices,2756525.43,969856.0,-1.32,France,7.98,Low,134.97,0.0507,243014.0,0.93,4.78,2024,Small,14,8501,12,71016,Yes,Yes,No,LC,3.7,5.4,4.5,2.53,98.0,Sea Freight,1.82,9.8
SUP_D371E1E6,Vietnam Fruit Jam Exports Ltd.,Vietnam,20079970,Fruit Jam,Processed Foods,2060151.11,565420.0,17.13,USA,4.37,None,130.83,0.0309,322430.0,0.89,2.65,2024,Large,43,6346,38,188979,No,Yes,Yes,TT,8.4,5.5,4.7,1.21,90.5,Multi-modal,3.96,5.2
SUP_75200B49,Brazil Black Pepper Exports Ltd.,Brazil,09041168,Black Pepper,Spices,4802962.35,748680.0,22.72,France,8.03,None,26.72,0.0737,399362.0,0.93,1.65,2024,Small,4,6187,43,83154,Yes,Yes,Yes,LC,7.0,8.9,3.7,2.3,99.5,Multi-modal,1.05,5.1
SUP_EC56775E,Netherlands Dried Mangoes Exports Ltd.,Netherlands,08045028,Dried Mangoes,Processed Foods,4765050.74,435772.0,-0.32,France,8.19,None,97.26,0.0366,201952.0,0.98,4.02,2024,Medium,38,8243,28,79442,No,No,Yes,LC,4.8,6.0,4.8,2.29,86.4,Sea Freight,3.24,6.0
SUP_0846FFC1,Vietnam Cashew Nuts Exports Ltd.,Vietnam,08013245,Cashew Nuts,Processed Foods,1380720.53,187649.0,11.15,Canada,10.16,High,146.39,0.0455,307145.0,0.79,3.42,2024,Small,44,6915,32,88783,No,Yes,Yes,LC,4.7,5.8,5.0,4.38,86.3,Land,3.84,7.1
SUP_9DFAFCE4,Brazil Natural Honey Exports Ltd.,Brazil,04090030,Natural Honey,Processed Foods,4125527.53,544420.0,16.86,Canada,2.09,None,13.37,0.0287,298833.0,0.99,3.1,2024,Large,6,7156,12,51735,Yes,No,Yes,Advance,7.3,7.8,3.7,1.01,90.7,Land,0.69,9.1
SUP_A07C0CCC,Brazil Leather Shoes Exports Ltd.,Brazil,64035173,Leather Shoes,Leather,3016764.76,585964.0,1.74,Japan,0.04,None,143.43,0.0851,297747.0,0.74,3.66,2024,Large,28,3938,38,114159,Yes,Yes,Yes,LC,6.6,5.8,4.2,2.24,88.8,Land,4.88,9.1
SUP_CCE63367,Egypt Black Pepper Exports Ltd.,Egypt,09041183,Black Pepper,Spices,578952.86,372144.0,-0.11,USA,2.19,None,104.15,0.0422,77728.0,0.78,2.68,2024,Large,5,5749,25,188834,Yes,Yes,Yes,TT,7.6,7.0,3.8,1.68,89.7,Multi-modal,1.72,8.5
SUP_185005B9,India Black Pepper Exports Ltd.,India,09041178,Black Pepper,Spices,3110209.89,963308.0,-0.69,Germany,7.77,None,72.99,0.0406,135474.0,0.73,1.62,2024,Medium,14,9612,41,194470,No,No,Yes,LC,3.7,4.7,3.5,1.81,95.3,Air Freight,4.18,9.4
SUP_BDC6BC91,Egypt Leather Handbags Exports Ltd.,Egypt,42022153,Leather Handbags,Leather,1274932.22,419484.0,-4.14,Japan,1.78,None,104.29,0.0719,211180.0,0.74,1.52,2024,Small,29,2830,11,54929,No,Yes,Yes,LC,3.2,7.3,4.4,2.4,98.5,Sea Freight,0.8,8.3
SUP_15497E3A,Netherlands Wool Sweaters Exports Ltd.,Netherlands,61101125,Wool Sweaters,Textiles,4640441.32,315378.0,12.63,Germany,2.77,None,14.07,0.0861,195424.0,0.98,2.39,2024,Medium,34,4962,39,199483,Yes,No,No,TT,7.3,8.8,3.8,3.79,85.1,Sea Freight,4.66,9.6
SUP_AA5C8545,Mexico USB Cables Exports Ltd.,Mexico,85444256,USB Cables,Electronics,3641598.08,294118.0,8.19,USA,2.71,None,57.25,0.0293,169303.0,0.82,4.05,2024,Large,9,8633,14,186243,Yes,Yes,No,LC,3.5,6.5,4.1,2.34,96.0,Land,1.52,7.0
SUP_4D8D67C9,Vietnam Cardamom Exports Ltd.,Vietnam,09083118,Cardamom,Spices,4526395.91,941415.0,9.27,France,5.51,None,101.29,0.0705,257811.0,0.83,3.63,2024,Small,9,3348,32,155021,Yes,No,No,TT,3.4,8.9,4.0,3.02,99.8,Sea Freight,1.55,7.1
SUP_253C9643,Brazil Dried Mangoes Exports Ltd.,Brazil,08045084,Dried Mangoes,Processed Foods,3171424.87,893041.0,18.68,France,14.15,None,100.17,0.0955,304034.0,0.85,1.59,2024,Enterprise,8,3001,23,178277,Yes,Yes,Yes,LC,7.4,8.2,4.2,0.23,87.7,Multi-modal,1.19,8.1
SUP_06268C7C,Netherlands Wool Sweaters Exports Ltd.,Netherlands,61101119,Wool Sweaters,Textiles,3474862.72,645205.0,18.03,Japan,6.99,None,74.94,0.0554,334393.0,0.8,4.44,2024,Small,50,1517,34,81230,Yes,Yes,Yes,Advance,3.2,4.9,4.5,3.92,98.2,Air Freight,2.71,5.7
SUP_6EC753A7,Mexico USB Cables Exports Ltd.,Mexico,85444272,USB Cables,Electronics,3938050.12,696487.0,15.25,France,8.31,None,70.74,0.0606,131951.0,0.85,2.57,2024,Enterprise,39,7189,29,124563,Yes,Yes,Yes,Net 30,5.1,7.7,3.5,4.47,90.1,Sea Freight,2.43,10.0
SUP_334A611E,Brazil Cardamom Exports Ltd.,Brazil,09083117,Cardamom,Spices,3475580.03,359642.0,2.04,UK,8.89,Low,10.29,0.0374,226996.0,0.75,3.15,2024,Small,31,7921,43,184941,No,Yes,No,LC,8.9,5.9,4.1,2.91,97.0,Sea Freight,3.61,6.0
SUP_DCF48868,Egypt Dried Mangoes Exports Ltd.,Egypt,08045095,Dried Mangoes,Processed Foods,2027927.41,744693.0,3.99,Canada,3.03,None,146.13,0.0168,495820.0,0.86,2.15,2024,Small,21,7586,21,74106,No,Yes,No,Net 30,3.4,8.0,4.2,1.13,96.9,Multi-modal,2.77,6.5
SUP_31299CB0,Egypt Phone Cases Exports Ltd.,Egypt,39269050,Phone Cases,Electronics,1400346.43,521843.0,2.54,UAE,6.8,None,27.5,0.0117,418748.0,0.85,1.75,2024,Enterprise,15,8656,24,189649,No,No,No,LC,6.1,5.8,3.7,0.84,95.2,Multi-modal,4.3,7.1
SUP_33545674,Spain Silk Scarves Exports Ltd.,Spain,62141036,Silk Scarves,Textiles,4306851.42,379901.0,19.71,France,2.41,None,35.8,0.0315,128623.0,0.76,1.98,2024,Large,31,8952,42,164329,Yes,No,Yes,Net 30,3.8,5.3,4.7,3.33,87.6,Sea Freight,4.84,7.4
SUP_F0DF6519,India Cotton Shirts Exports Ltd.,India,62052020,Cotton Shirts,Textiles,1912571.48,412453.0,21.02,Canada,13.45,None,132.92,0.0457,490302.0,0.91,1.56,2024,Small,38,9196,14,186828,Yes,Yes,No,Net 30,6.0,4.5,4.4,3.89,89.7,Land,4.13,8.7
SUP_EC6FD368,Vietnam Cardamom Exports Ltd.,Vietnam,09083128,Cardamom,Spices,980663.06,324509.0,24.1,Canada,6.13,Low,8.86,0.058,416801.0,0.98,2.27,2024,Enterprise,32,5036,24,87987,Yes,Yes,No,LC,6.9,8.5,3.6,3.72,96.9,Sea Freight,3.61,8.9
SUP_6B3F4FA7,Brazil Decorative Candles Exports Ltd.,Brazil,34060080,Decorative Candles,Handicrafts,2231105.96,769986.0,23.75,UK,13.55,None,80.47,0.0313,281946.0,0.81,4.64,2024,Enterprise,18,5929,12,111724,Yes,No,Yes,Advance,6.8,8.4,4.7,2.09,85.5,Sea Freight,4.2,9.7
SUP_166633BD,Spain Dried Mangoes Exports Ltd.,Spain,08045062,Dried Mangoes,Processed Foods,4669237.49,448884.0,16.52,Japan,1.51,None,39.52,0.016,270657.0,0.87,4.25,2024,Large,31,1448,10,98166,Yes,Yes,Yes,Advance,4.2,5.5,4.4,0.64,88.7,Air Freight,4.31,8.4
SUP_5D2700AD,Mexico Turmeric Powder Exports Ltd.,Mexico,09103071,Turmeric Powder,Spices,4430776.3,239995.0,2.82,France,8.9,None,42.63,0.0176,242728.0,0.75,4.51,2024,Medium,3,1376,42,109954,No,No,Yes,TT,3.3,7.1,4.4,0.83,99.3,Air Freight,4.76,5.6
SUP_789F55B4,Egypt USB Cables Exports Ltd.,Egypt,85444265,USB Cables,Electronics,3980116.94,575747.0,19.82,Canada,1.78,None,28.99,0.0876,460057.0,0.78,3.99,2024,Enterprise,10,8066,20,106509,No,Yes,No,Advance,4.1,8.0,3.5,4.88,88.5,Land,4.58,6.8
SUP_F31C17EB,Spain Phone Cases Exports Ltd.,Spain,39269068,Phone Cases,Electronics,885824.03,591658.0,-1.0,UK,14.62,None,32.23,0.0445,271926.0,0.91,2.02,2024,Small,37,1962,10,137257,No,Yes,Yes,LC,3.0,6.5,4.1,4.89,95.0,Air Freight,4.86,7.8
SUP_6C41E1A4,Vietnam Leather Shoes Exports Ltd.,Vietnam,64035143,Leather Shoes,Leather,1264399.24,616780.0,22.91,Canada,1.98,None,79.8,0.0228,111258.0,0.79,4.91,2024,Enterprise,19,6907,34,124167,No,Yes,No,Net 30,6.1,6.2,3.7,3.71,92.3,Air Freight,3.0,9.6
SUP_A438EE6A,Netherlands Leather Belts Exports Ltd.,Netherlands,42033066,Leather Belts,Leather,739499.85,255840.0,-3.36,Germany,0.54,None,106.04,0.0493,309475.0,0.71,2.43,2024,Enterprise,31,9077,14,88811,Yes,Yes,No,TT,8.0,7.7,4.7,2.86,94.9,Air Freight,3.13,9.9
SUP_7D8FCF4A,Netherlands Cashew Nuts Exports Ltd.,Netherlands,08013283,Cashew Nuts,Processed Foods,1312559.81,180567.0,2.38,Canada,10.15,Low,4.38,0.0713,406851.0,0.74,2.49,2024,Small,22,3519,8,71250,Yes,Yes,Yes,Net 30,6.6,4.0,5.0,3.32,99.2,Multi-modal,4.76,10.0
SUP_082D8BF6,Vietnam Leather Shoes Exports Ltd.,Vietnam,64035137,Leather Shoes,Leather,4384754.8,940494.0,14.31,UK,11.97,None,82.3,0.0642,98523.0,0.82,1.71,2024,Enterprise,7,1336,20,92713,Yes,Yes,No,TT,3.7,6.5,4.1,4.05,89.6,Air Freight,2.12,5.5
SUP_508D2829,Egypt Black Pepper Exports Ltd.,Egypt,09041135,Black Pepper,Spices,2703303.66,506941.0,9.29,UAE,9.01,None,63.67,0.0431,147704.0,0.83,2.7,2024,Small,34,6599,36,108780,Yes,Yes,No,LC,4.7,6.2,4.9,2.44,87.2,Air Freight,3.58,6.5
SUP_4F9011E5,Egypt Decorative Candles Exports Ltd.,Egypt,34060064,Decorative Candles,Handicrafts,1829667.35,150046.0,11.53,USA,7.7,None,62.25,0.0518,427649.0,0.86,2.01,2024,Large,39,2339,39,54264,Yes,Yes,Yes,TT,8.1,4.2,4.1,3.55,89.7,Land,3.91,7.2
SUP_0B9C70CE,Brazil Coffee Beans Exports Ltd.,Brazil,09011133,Coffee Beans,Agriculture,1449807.67,182020.0,17.41,UAE,3.89,None,65.35,0.0116,257059.0,0.73,1.69,2024,Enterprise,31,7637,45,177591,Yes,No,No,Advance,7.8,4.4,3.7,1.03,97.2,Air Freight,4.37,6.0
SUP_690BD394,Vietnam Leather Belts Exports Ltd.,Vietnam,42033093,Leather Belts,Leather,1588010.98,982995.0,13.78,Japan,8.08,None,115.57,0.0233,271186.0,0.71,1.66,2024,Medium,49,8295,38,173598,Yes,Yes,Yes,Net 30,6.4,8.2,3.6,0.14,94.4,Land,4.91,9.2
SUP_F4339374,Egypt Power Banks Exports Ltd.,Egypt,85076086,Power Banks,Electronics,3789853.46,404899.0,-3.89,Canada,7.29,None,91.92,0.0711,478180.0,0.95,1.93,2024,Small,35,1311,34,132798,Yes,Yes,No,Advance,3.7,7.1,4.5,2.3,91.5,Air Freight,1.8,6.0
SUP_02B211F7,Mexico Black Pepper Exports Ltd.,Mexico,09041139,Black Pepper,Spices,2784361.75,716204.0,22.27,UK,13.83,Low,107.42,0.0522,203822.0,0.91,2.56,2024,Enterprise,45,6902,37,92474,Yes,Yes,No,Advance,3.8,5.0,4.4,0.59,91.2,Land,1.87,6.0
SUP_4E50456B,India Denim Jeans Exports Ltd.,India,62034255,Denim Jeans,Textiles,4464077.48,474387.0,15.31,Germany,12.42,Low,5.28,0.0157,275769.0,0.73,1.91,2024,Medium,33,5224,28,143124,No,Yes,No,TT,8.1,8.4,4.4,0.61,85.8,Land,4.1,9.8
SUP_CAE9F9D5,India Wool Sweaters Exports Ltd.,India,61101188,Wool Sweaters,Textiles,3243451.32,206816.0,19.71,USA,7.61,None,18.15,0.0285,239602.0,0.75,2.17,2024,Enterprise,50,9288,38,76029,Yes,Yes,No,LC,8.1,6.2,4.1,3.87,88.7,Land,2.04,7.5
SUP_F9616D31,Brazil Silk Scarves Exports Ltd.,Brazil,62141057,Silk Scarves,Textiles,3718398.85,535168.0,5.82,France,3.68,None,79.68,0.0808,122348.0,0.93,2.65,2024,Enterprise,31,9456,30,57802,Yes,Yes,No,LC,3.5,5.6,5.0,0.91,85.9,Sea Freight,3.47,8.2
SUP_DCD83CA7,India Leather Shoes Exports Ltd.,India,64035190,Leather Shoes,Leather,4910211.84,937886.0,14.81,UAE,14.59,None,132.92,0.0731,209552.0,0.91,2.25,2024,Large,2,5583,40,88498,No,Yes,Yes,Advance,7.2,8.4,4.7,2.08,87.9,Multi-modal,0.88,7.7
SUP_D2E60F29,Spain Cinnamon Exports Ltd.,Spain,09061126,Cinnamon,Spices,2842113.66,667059.0,3.52,USA,7.68,None,51.44,0.0672,62279.0,0.71,4.19,2024,Large,17,5979,34,182454,Yes,Yes,Yes,Net 30,3.7,7.8,4.9,2.3,93.5,Sea Freight,2.54,9.9
SUP_B2F67D2C,Egypt Power Banks Exports Ltd.,Egypt,85076082,Power Banks,Electronics,3715912.04,758237.0,14.97,Japan,8.93,None,43.04,0.0806,424789.0,0.87,1.56,2024,Enterprise,35,5057,13,135943,Yes,Yes,No,Advance,3.6,7.6,4.7,0.5,85.9,Air Freight,2.64,7.2
SUP_EAF0541B,Spain Black Pepper Exports Ltd.,Spain,09041177,Black Pepper,Spices,2312391.68,686120.0,10.57,Canada,13.08,None,95.65,0.0997,411243.0,0.97,2.96,2024,Enterprise,12,3364,39,83324,Yes,Yes,No,LC,7.2,6.3,3.5,0.87,93.3,Sea Freight,3.21,7.0
SUP_6E2C6369,Brazil Wool Sweaters Exports Ltd.,Brazil,61101183,Wool Sweaters,Textiles,1803157.59,648171.0,-0.4,UK,4.57,None,44.45,0.0125,124904.0,0.74,3.36,2024,Small,21,5644,20,97992,No,Yes,Yes,Net 30,3.4,4.2,4.2,1.62,91.7,Multi-modal,4.02,7.4
SUP_F2253A11,Netherlands Power Banks Exports Ltd.,Netherlands,85076087,Power Banks,Electronics,1097643.23,245251.0,10.14,Canada,11.43,None,22.77,0.0755,96826.0,0.93,3.66,2024,Enterprise,26,4814,32,138866,Yes,No,No,Net 30,6.9,8.3,4.6,2.9,96.9,Multi-modal,3.02,5.6
SUP_0858188B,India Fruit Jam Exports Ltd.,India,20079934,Fruit Jam,Processed Foods,4798257.47,668154.0,12.31,USA,14.36,None,112.71,0.0552,59785.0,0.73,4.74,2024,Medium,3,5504,20,114300,No,No,No,LC,7.8,7.0,4.1,0.32,97.8,Sea Freight,2.03,5.9
SUP_4142A9AE,Netherlands Cotton Shirts Exports Ltd.,Netherlands,62052077,Cotton Shirts,Textiles,1928220.96,369670.0,-2.27,USA,8.13,None,27.81,0.0791,130859.0,0.79,2.63,2024,Medium,5,6329,18,57122,No,Yes,Yes,TT,5.5,5.6,4.1,4.16,86.8,Air Freight,1.58,8.0
SUP_77C0683B,Mexico Decorative Candles Exports Ltd.,Mexico,34060075,Decorative Candles,Handicrafts,3885754.9,503752.0,23.48,UK,0.91,None,61.36,0.0536,263644.0,0.88,4.65,2024,Small,19,2663,22,195413,Yes,Yes,No,Advance,3.5,7.2,3.8,4.84,90.6,Air Freight,4.02,7.7
SUP_767DDEC2,Egypt Cardamom Exports Ltd.,Egypt,09083167,Cardamom,Spices,688064.36,952118.0,8.94,Japan,9.31,None,25.52,0.0154,302804.0,0.78,2.0,2024,Enterprise,24,4485,44,183779,Yes,Yes,No,LC,4.8,6.0,3.7,0.78,93.3,Multi-modal,4.45,6.1
SUP_1A8B7500,Netherlands Cashew Nuts Exports Ltd.,Netherlands,08013250,Cashew Nuts,Processed Foods,4477692.25,459279.0,14.06,Japan,10.62,None,99.51,0.0389,160427.0,0.83,3.4,2024,Small,46,3190,7,174919,Yes,Yes,Yes,Advance,7.6,6.7,4.7,3.28,86.2,Sea Freight,4.52,9.1
SUP_E20F9DCF,Spain Natural Honey Exports Ltd.,Spain,04090025,Natural Honey,Processed Foods,2088476.3,952262.0,6.29,UAE,5.37,None,115.31,0.0727,54420.0,0.74,2.48,2024,Medium,30,1153,21,55185,No,Yes,No,TT,3.5,7.1,4.0,3.62,88.5,Land,4.85,5.2
SUP_20E1841B,Spain Dried Mangoes Exports Ltd.,Spain,08045087,Dried Mangoes,Processed Foods,1440888.45,305611.0,24.53,France,5.94,Low,85.58,0.0545,339294.0,0.76,3.96,2024,Medium,6,3101,11,83405,Yes,Yes,Yes,Net 30,4.2,7.4,5.0,3.5,92.9,Multi-modal,3.56,9.4
SUP_288F5C7C,Mexico Cotton Shirts Exports Ltd.,Mexico,62052092,Cotton Shirts,Textiles,3528949.04,781605.0,-3.44,UK,6.49,High,41.47,0.0712,294625.0,0.84,3.07,2024,Small,48,4678,10,122858,No,Yes,Yes,Advance,4.2,4.4,4.4,0.22,96.0,Land,4.81,9.6
SUP_EC5BA713,Vietnam Handwoven Baskets Exports Ltd.,Vietnam,46021152,Handwoven Baskets,Handicrafts,1898626.36,756403.0,13.76,USA,7.2,Low,89.08,0.0664,225270.0,0.94,1.99,2024,Enterprise,17,6583,10,137448,Yes,Yes,Yes,Advance,7.6,7.1,4.4,0.52,85.9,Sea Freight,2.2,9.5
SUP_3F714BB1,India USB Cables Exports Ltd.,India,85444226,USB Cables,Electronics,779010.05,941363.0,8.26,UK,9.16,None,15.72,0.015,77369.0,0.79,2.53,2024,Small,41,7735,21,52780,Yes,Yes,Yes,LC,5.0,8.7,4.7,2.32,89.9,Air Freight,0.99,5.1
SUP_850E5F15,India USB Cables Exports Ltd.,India,85444285,USB Cables,Electronics,4052373.91,303019.0,22.13,Germany,9.56,None,63.44,0.0752,283111.0,0.75,1.55,2024,Small,5,3091,26,164254,Yes,Yes,Yes,TT,3.9,5.5,4.0,1.91,85.1,Air Freight,0.76,7.5
SUP_3686A89F,Netherlands Fruit Jam Exports Ltd.,Netherlands,20079916,Fruit Jam,Processed Foods,2399275.13,304899.0,24.3,France,13.63,None,51.56,0.0701,414265.0,0.9,2.87,2024,Large,39,6499,26,159758,Yes,Yes,No,LC,6.0,8.6,4.5,3.5,92.0,Air Freight,1.58,8.7
SUP_9DBC11AF,Netherlands Turmeric Powder Exports Ltd.,Netherlands,09103058,Turmeric Powder,Spices,1423923.62,293194.0,19.78,USA,5.44,None,4.99,0.0204,202345.0,0.83,3.53,2024,Large,4,1486,19,101858,Yes,Yes,Yes,TT,5.0,6.8,3.8,0.21,97.6,Sea Freight,0.59,8.4
SUP_E9A53779,Spain Cinnamon Exports Ltd.,Spain,09061124,Cinnamon,Spices,2022724.76,320449.0,4.15,Germany,5.54,None,26.12,0.0574,468918.0,0.99,4.53,2024,Small,9,3366,15,99713,Yes,Yes,Yes,Advance,8.9,5.2,3.6,3.12,87.8,Multi-modal,4.05,6.6
SUP_99C15642,Spain Denim Jeans Exports Ltd.,Spain,62034245,Denim Jeans,Textiles,4427831.71,992865.0,10.25,UAE,13.29,None,12.67,0.0524,397866.0,0.88,1.67,2024,Enterprise,50,9342,30,180701,Yes,Yes,No,Advance,7.3,6.5,3.9,2.06,98.7,Sea Freight,1.43,9.5
SUP_D61463BD,Netherlands Natural Honey Exports Ltd.,Netherlands,04090040,Natural Honey,Processed Foods,2281549.89,420863.0,7.75,Canada,8.57,Low,56.43,0.0595,120427.0,0.92,2.18,2024,Large,16,1674,36,184286,Yes,Yes,Yes,Advance,5.2,6.5,3.9,0.22,91.6,Multi-modal,3.4,6.8
SUP_D3D79A2A,Brazil Silk Scarves Exports Ltd.,Brazil,62141074,Silk Scarves,Textiles,2807559.45,774920.0,-2.66,UK,13.9,None,11.17,0.0134,155018.0,0.8,3.7,2024,Large,21,5496,19,86140,No,Yes,No,Net 30,3.1,5.5,4.7,3.94,91.0,Land,4.2,8.8
SUP_1B7D173F,Mexico Cotton Shirts Exports Ltd.,Mexico,62052093,Cotton Shirts,Textiles,2806911.38,898134.0,23.54,Japan,5.96,None,112.5,0.0527,320441.0,0.87,3.21,2024,Enterprise,48,8559,28,72511,Yes,Yes,No,Advance,4.3,6.2,4.3,1.94,93.6,Air Freight,1.88,8.7
SUP_EDB0A3CE,Netherlands Dried Mangoes Exports Ltd.,Netherlands,08045094,Dried Mangoes,Processed Foods,4254344.97,456329.0,1.76,Canada,10.29,None,116.91,0.0584,220959.0,0.87,3.27,2024,Small,10,3518,28,198947,Yes,Yes,No,Advance,8.9,5.0,4.1,2.72,87.8,Sea Freight,1.98,9.8
SUP_3A89A551,Brazil Leather Belts Exports Ltd.,Brazil,42033021,Leather Belts,Leather,1271406.47,807668.0,11.59,USA,12.4,None,4.51,0.0279,252319.0,0.78,1.93,2024,Small,31,1941,30,185929,Yes,Yes,No,Advance,3.9,4.6,4.3,2.44,86.0,Air Freight,1.08,6.0
SUP_C915D99B,Netherlands Cardamom Exports Ltd.,Netherlands,09083195,Cardamom,Spices,2636510.11,733035.0,12.25,UK,8.81,None,102.88,0.0348,53902.0,0.99,2.78,2024,Enterprise,40,5044,40,136216,No,No,Yes,LC,7.4,5.4,4.8,2.34,95.4,Multi-modal,2.26,9.1
SUP_9EFA6EA4,Mexico Wooden Furniture Exports Ltd.,Mexico,94036041,Wooden Furniture,Handicrafts,1308101.49,747743.0,17.0,Canada,5.77,None,104.93,0.0186,416291.0,0.97,1.96,2024,Medium,19,9810,25,67496,Yes,Yes,Yes,Advance,5.5,7.8,3.7,1.91,96.3,Multi-modal,2.35,5.8
SUP_0EE85600,Egypt Handwoven Baskets Exports Ltd.,Egypt,46021115,Handwoven Baskets,Handicrafts,2579753.69,176751.0,14.17,France,11.25,None,112.02,0.087,257971.0,0.71,2.0,2024,Medium,22,8606,38,170941,Yes,Yes,Yes,Advance,3.8,8.1,4.8,0.94,85.3,Sea Freight,1.3,5.6
SUP_B889C372,Mexico Power Banks Exports Ltd.,Mexico,85076031,Power Banks,Electronics,849133.85,900681.0,-4.66,UK,2.3,None,32.89,0.0131,403917.0,0.85,2.77,2024,Small,42,9566,13,152398,Yes,Yes,No,LC,7.6,7.8,4.9,1.94,88.6,Sea Freight,0.57,5.1
SUP_EFC7D0E6,Brazil Cotton Shirts Exports Ltd.,Brazil,62052034,Cotton Shirts,Textiles,3559817.87,166240.0,1.62,USA,11.95,Low,25.6,0.025,267936.0,0.85,4.26,2024,Large,37,4105,20,192004,Yes,Yes,Yes,LC,5.1,4.9,4.1,1.65,90.8,Land,1.49,8.3
SUP_EEB34C2F,Spain Coffee Beans Exports Ltd.,Spain,09011189,Coffee Beans,Agriculture,2160409.82,170601.0,21.56,Canada,4.52,None,147.47,0.0192,331113.0,0.93,4.69,2024,Medium,18,2552,45,135027,No,Yes,No,TT,5.0,7.2,4.8,1.66,97.7,Land,0.8,5.1
SUP_9B117114,Mexico Leather Shoes Exports Ltd.,Mexico,64035158,Leather Shoes,Leather,2799617.64,877848.0,1.97,UAE,10.57,None,3.67,0.0783,115041.0,0.79,3.95,2024,Medium,41,2300,10,86059,Yes,Yes,Yes,TT,6.9,5.2,4.6,4.94,91.6,Multi-modal,1.1,6.6
SUP_540CA972,Egypt Denim Jeans Exports Ltd.,Egypt,62034263,Denim Jeans,Textiles,3416208.91,402467.0,17.52,Germany,12.7,None,36.72,0.0585,398654.0,0.99,4.21,2024,Medium,40,7250,40,134315,Yes,Yes,Yes,Advance,3.4,5.0,4.5,0.79,88.0,Sea Freight,1.28,7.7
SUP_4E4B0893,Vietnam Handwoven Baskets Exports Ltd.,Vietnam,46021174,Handwoven Baskets,Handicrafts,851740.31,860206.0,9.01,Germany,10.83,None,26.88,0.0324,199607.0,0.87,4.87,2024,Medium,19,8883,12,144262,Yes,Yes,Yes,Advance,7.6,8.1,4.7,0.2,90.7,Sea Freight,3.91,9.6
SUP_E16DB12F,Egypt Leather Handbags Exports Ltd.,Egypt,42022129,Leather Handbags,Leather,2987834.62,284234.0,2.72,Canada,4.59,None,84.54,0.0533,224710.0,0.74,2.88,2024,Medium,14,1068,7,181255,No,Yes,Yes,Advance,8.6,8.9,4.1,2.5,94.6,Sea Freight,2.34,5.2
SUP_343C417C,Mexico Wool Sweaters Exports Ltd.,Mexico,61101182,Wool Sweaters,Textiles,1230630.72,900011.0,8.09,UK,11.57,None,52.61,0.0738,382912.0,0.9,3.79,2024,Enterprise,29,5043,22,175232,Yes,No,No,LC,7.2,7.2,3.9,2.33,95.1,Multi-modal,1.61,7.9
SUP_079EDA20,Netherlands Phone Cases Exports Ltd.,Netherlands,39269030,Phone Cases,Electronics,555518.24,908422.0,-2.23,France,13.75,None,88.13,0.0911,321862.0,0.96,4.5,2024,Medium,29,5143,26,181241,No,Yes,Yes,Net 30,7.4,7.8,4.9,4.36,86.6,Multi-modal,4.16,6.3
SUP_B23C9CB3,Spain Handwoven Baskets Exports Ltd.,Spain,46021160,Handwoven Baskets,Handicrafts,3645540.48,106732.0,24.61,Japan,7.38,None,116.17,0.0476,268545.0,0.89,3.93,2024,Medium,13,7138,18,85214,Yes,Yes,No,Advance,6.4,5.1,3.8,3.77,97.1,Air Freight,1.67,9.5
SUP_FE9AE84F,Mexico Cardamom Exports Ltd.,Mexico,09083190,Cardamom,Spices,4608371.32,214499.0,21.05,Germany,1.2,None,19.14,0.0158,65553.0,0.87,2.91,2024,Small,2,2000,24,51894,Yes,Yes,Yes,TT,6.1,4.0,4.4,4.94,96.3,Land,2.63,6.7
SUP_5451C78C,Brazil Cardamom Exports Ltd.,Brazil,09083157,Cardamom,Spices,3568370.0,459742.0,24.98,Japan,3.59,None,60.07,0.065,236661.0,0.95,4.23,2024,Small,31,7583,15,56731,Yes,No,Yes,TT,5.2,7.1,4.5,2.43,91.2,Air Freight,0.51,8.2
SUP_7FAC49D3,India Turmeric Powder Exports Ltd.,India,09103091,Turmeric Powder,Spices,2120925.25,147976.0,24.09,France,4.88,None,91.21,0.046,371174.0,0.93,2.39,2024,Enterprise,44,2645,31,127034,Yes,Yes,No,LC,3.8,8.0,4.0,3.4,93.2,Land,1.26,7.2
SUP_D2A0191C,Mexico Wool Sweaters Exports Ltd.,Mexico,61101194,Wool Sweaters,Textiles,2933005.59,355177.0,1.35,Japan,14.16,None,16.27,0.0994,65320.0,0.75,4.72,2024,Enterprise,19,4610,23,174859,No,Yes,No,Advance,3.5,7.5,4.8,4.67,96.4,Sea Freight,3.4,6.9
SUP_57AE0325,Spain USB Cables Exports Ltd.,Spain,85444258,USB Cables,Electronics,3442638.42,923218.0,11.86,Japan,6.55,None,39.23,0.0362,108396.0,0.73,3.96,2024,Medium,49,2902,43,146400,Yes,Yes,Yes,LC,4.9,7.0,3.8,2.0,91.3,Multi-modal,4.09,9.7
SUP_13274792,Egypt Ceramic Mugs Exports Ltd.,Egypt,69120094,Ceramic Mugs,Handicrafts,3207279.37,332932.0,-1.8,USA,8.07,None,22.13,0.0949,488942.0,0.76,3.72,2024,Medium,40,5643,16,59003,Yes,Yes,No,LC,4.6,8.2,4.4,3.19,88.2,Multi-modal,3.67,6.9
SUP_D17A2EE7,Vietnam Turmeric Powder Exports Ltd.,Vietnam,09103036,Turmeric Powder,Spices,4316314.77,949785.0,1.75,France,0.79,Low,27.26,0.0539,255420.0,0.79,4.26,2024,Medium,3,9977,32,138450,Yes,Yes,Yes,Advance,5.3,6.6,3.9,3.51,87.9,Land,0.94,6.6
SUP_367A358A,Netherlands Leather Shoes Exports Ltd.,Netherlands,64035116,Leather Shoes,Leather,4324143.74,844056.0,4.12,France,2.46,None,104.55,0.0362,125928.0,0.76,4.22,2024,Medium,49,1149,30,76725,Yes,No,Yes,Advance,7.1,4.8,3.6,1.84,92.1,Sea Freight,1.03,7.6
SUP_F2360752,Egypt Turmeric Powder Exports Ltd.,Egypt,09103065,Turmeric Powder,Spices,4863771.38,757428.0,16.68,Germany,0.51,None,73.55,0.0719,140432.0,0.89,2.5,2024,Small,31,7260,24,166685,Yes,Yes,Yes,Advance,6.8,8.5,3.8,2.98,99.7,Land,1.73,8.7
SUP_8D3F56CB,Vietnam Leather Shoes Exports Ltd.,Vietnam,64035159,Leather Shoes,Leather,2678861.65,775908.0,16.08,UK,8.57,None,9.99,0.0918,466926.0,0.86,2.62,2024,Small,27,9788,40,178073,Yes,No,No,LC,7.5,5.0,4.5,0.67,97.8,Air Freight,0.52,7.2
SUP_96DCDDA4,India Turmeric Powder Exports Ltd.,India,09103015,Turmeric Powder,Spices,1079671.96,316247.0,14.58,USA,8.44,Low,5.73,0.0982,315367.0,0.79,4.87,2024,Medium,29,1001,22,128800,Yes,No,No,Net 30,7.0,6.2,4.4,3.51,92.8,Multi-modal,3.23,7.6
SUP_71EA5A36,India USB Cables Exports Ltd.,India,85444294,USB Cables,Electronics,4188934.83,348617.0,-3.9,Germany,4.5,Low,143.63,0.0642,163267.0,0.87,2.11,2024,Enterprise,6,5177,23,150081,Yes,Yes,Yes,Net 30,7.1,8.7,3.7,1.1,94.4,Multi-modal,4.98,8.5
SUP_3D45DEC0,Spain Handwoven Baskets Exports Ltd.,Spain,46021157,Handwoven Baskets,Handicrafts,3036389.7,779237.0,19.62,UAE,2.46,Low,47.8,0.0809,248674.0,0.71,3.41,2024,Small,19,3041,41,78833,Yes,Yes,Yes,LC,5.2,5.7,3.9,4.36,88.4,Sea Freight,0.94,9.9
SUP_21AAB2A2,Mexico Decorative Candles Exports Ltd.,Mexico,34060023,Decorative Candles,Handicrafts,4022301.28,229502.0,0.27,France,13.13,None,121.12,0.0186,232924.0,0.9,4.46,2024,Large,40,2623,10,94760,Yes,Yes,Yes,Advance,5.9,4.6,3.5,2.62,87.3,Air Freight,1.14,7.8
SUP_64CDDE67,India Coffee Beans Exports Ltd.,India,09011191,Coffee Beans,Agriculture,4885249.31,841870.0,18.33,France,9.13,None,27.87,0.0988,468627.0,0.84,2.15,2024,Enterprise,35,4748,26,72791,No,Yes,Yes,LC,6.8,4.4,3.9,0.56,93.6,Sea Freight,3.85,7.8
SUP_84262268,Netherlands Dried Mangoes Exports Ltd.,Netherlands,08045011,Dried Mangoes,Processed Foods,4829748.49,544579.0,15.31,France,2.05,None,102.93,0.0709,329135.0,0.9,2.62,2024,Medium,49,1119,34,190070,No,Yes,No,LC,6.6,8.8,4.5,4.42,92.8,Air Freight,1.29,6.8
SUP_C1F79F23,Egypt Ceramic Mugs Exports Ltd.,Egypt,69120055,Ceramic Mugs,Handicrafts,4786176.21,543256.0,9.87,Germany,5.6,None,137.15,0.0325,332653.0,0.95,4.43,2024,Large,21,8915,25,119402,Yes,Yes,No,TT,8.5,8.6,4.9,2.63,98.3,Land,4.52,9.2
SUP_D3C343D5,Brazil Denim Jeans Exports Ltd.,Brazil,62034210,Denim Jeans,Textiles,3269886.12,444511.0,3.95,USA,0.08,Low,28.33,0.0419,103130.0,0.82,1.79,2024,Medium,28,3029,38,51811,Yes,Yes,Yes,Advance,5.2,5.8,4.8,2.73,89.0,Land,3.45,7.2
SUP_E7A83AF9,Brazil Ceramic Mugs Exports Ltd.,Brazil,69120065,Ceramic Mugs,Handicrafts,526145.98,843670.0,0.95,Germany,4.27,None,63.45,0.0398,66570.0,0.75,1.8,2024,Enterprise,44,5354,14,160387,Yes,Yes,No,TT,4.9,7.8,4.8,2.56,98.8,Land,1.09,9.8
SUP_C0B705EE,Vietnam Cotton Shirts Exports Ltd.,Vietnam,62052029,Cotton Shirts,Textiles,2048542.48,114311.0,18.02,Germany,0.78,Low,64.73,0.0637,54209.0,0.83,2.16,2024,Enterprise,7,8027,22,89975,No,Yes,Yes,LC,8.2,9.0,3.9,4.12,88.0,Sea Freight,3.66,7.5
SUP_7DDFF107,Vietnam Wooden Furniture Exports Ltd.,Vietnam,94036085,Wooden Furniture,Handicrafts,3330085.59,255950.0,1.88,Germany,6.02,None,29.23,0.0232,59259.0,0.88,1.36,2024,Small,26,7673,40,130332,No,No,Yes,Advance,5.9,6.5,4.5,1.59,89.0,Multi-modal,4.74,8.6
SUP_ACB94ADC,Brazil Decorative Candles Exports Ltd.,Brazil,34060016,Decorative Candles,Handicrafts,1317882.31,100561.0,-3.44,France,4.82,None,42.38,0.0646,275919.0,0.75,4.79,2024,Large,23,5986,14,75398,Yes,Yes,No,TT,5.0,7.7,4.0,3.92,92.9,Multi-modal,1.57,6.4
SUP_041F8C1A,Mexico Leather Shoes Exports Ltd.,Mexico,64035121,Leather Shoes,Leather,4492372.1,236823.0,13.89,UAE,1.81,None,136.87,0.0689,149842.0,0.76,2.78,2024,Small,6,9955,28,129030,No,No,Yes,TT,3.3,5.0,4.3,1.34,98.1,Multi-modal,4.53,7.2
SUP_8C0979F5,India USB Cables Exports Ltd.,India,85444265,USB Cables,Electronics,804688.23,539357.0,10.71,UAE,11.86,None,41.49,0.0971,201863.0,0.71,3.26,2024,Medium,49,7512,38,189583,No,No,Yes,Advance,6.4,6.0,4.4,1.11,85.1,Air Freight,3.16,5.0
SUP_ECE6C6F7,Mexico Cashew Nuts Exports Ltd.,Mexico,08013274,Cashew Nuts,Processed Foods,3684893.1,650579.0,2.77,Japan,3.31,None,83.05,0.0254,73914.0,0.85,2.17,2024,Medium,19,3178,24,63505,Yes,Yes,No,LC,3.0,5.7,4.4,1.91,86.2,Multi-modal,3.75,7.0
SUP_147414F0,Brazil Leather Handbags Exports Ltd.,Brazil,42022151,Leather Handbags,Leather,4933675.78,756361.0,19.48,Japan,5.33,None,42.31,0.033,58199.0,0.86,4.92,2024,Small,48,7258,23,194409,Yes,Yes,Yes,TT,6.5,8.0,4.6,0.86,88.5,Land,2.16,9.5
SUP_CCABF555,Mexico Silk Scarves Exports Ltd.,Mexico,62141033,Silk Scarves,Textiles,2567255.51,955216.0,20.87,Germany,8.54,Low,27.47,0.0354,212613.0,0.75,1.71,2024,Enterprise,45,4077,11,87623,Yes,Yes,No,Advance,3.6,6.6,4.6,4.06,94.0,Land,2.23,5.6
SUP_88209A24,Netherlands Cotton Shirts Exports Ltd.,Netherlands,62052092,Cotton Shirts,Textiles,4706049.81,238599.0,2.45,USA,4.01,Low,90.15,0.0813,54926.0,0.98,1.43,2024,Large,47,2392,19,86498,Yes,Yes,Yes,TT,4.8,6.4,3.9,2.76,89.0,Sea Freight,0.6,5.2
SUP_BF64DD16,Brazil Fruit Jam Exports Ltd.,Brazil,20079923,Fruit Jam,Processed Foods,2801940.87,977116.0,7.46,USA,13.68,None,64.36,0.0233,393599.0,0.78,4.69,2024,Enterprise,45,2841,38,94448,No,Yes,No,Net 30,5.1,7.1,3.7,4.62,98.7,Sea Freight,3.22,5.9
SUP_79627414,Brazil Cashew Nuts Exports Ltd.,Brazil,08013286,Cashew Nuts,Processed Foods,1316144.69,545901.0,-0.49,France,10.31,None,43.41,0.0888,192130.0,0.97,3.65,2024,Large,47,2251,7,88965,No,Yes,Yes,Advance,7.3,7.9,4.2,0.43,93.6,Multi-modal,1.15,6.6
SUP_41EB7890,Vietnam Ceramic Mugs Exports Ltd.,Vietnam,69120059,Ceramic Mugs,Handicrafts,2086739.41,618213.0,7.71,France,14.59,None,95.67,0.0224,392860.0,0.97,2.53,2024,Enterprise,36,9745,38,189584,Yes,Yes,Yes,Advance,6.2,7.9,4.7,1.17,86.3,Multi-modal,0.51,10.0
SUP_3BC94488,Brazil Cotton Shirts Exports Ltd.,Brazil,62052081,Cotton Shirts,Textiles,2632668.58,240082.0,22.63,USA,13.67,None,127.47,0.0801,123059.0,0.79,1.58,2024,Enterprise,17,4452,21,64644,No,Yes,No,TT,5.3,4.1,4.9,1.92,95.5,Sea Freight,2.65,8.0
SUP_38666ABE,India Wooden Furniture Exports Ltd.,India,94036028,Wooden Furniture,Handicrafts,2143598.98,182830.0,2.35,USA,8.54,Low,22.88,0.0264,439838.0,0.74,3.11,2024,Large,32,7742,28,166385,No,Yes,Yes,TT,3.4,7.2,4.4,0.95,87.4,Land,4.25,8.4
SUP_E62B656A,Egypt Natural Honey Exports Ltd.,Egypt,04090043,Natural Honey,Processed Foods,4636176.04,626251.0,4.18,Germany,6.36,None,145.98,0.0569,115605.0,0.92,2.6,2024,Small,16,7427,18,196615,Yes,Yes,No,Advance,4.9,7.2,4.7,0.91,97.0,Land,1.38,5.5
SUP_7ABB61DE,Brazil Silk Scarves Exports Ltd.,Brazil,62141087,Silk Scarves,Textiles,4004587.67,451767.0,-4.16,UK,2.44,None,32.18,0.011,212067.0,0.75,1.81,2024,Small,17,5410,12,199454,Yes,Yes,No,LC,3.3,4.5,4.0,4.9,96.2,Land,2.75,6.6
SUP_4985BA03,Spain Cinnamon Exports Ltd.,Spain,09061155,Cinnamon,Spices,4882328.34,836789.0,15.24,UK,6.11,None,15.6,0.0827,128741.0,0.71,4.18,2024,Enterprise,39,1612,25,92263,Yes,Yes,No,LC,8.7,5.2,3.8,3.44,87.1,Air Freight,4.97,7.5
SUP_4114E762,Egypt Power Banks Exports Ltd.,Egypt,85076093,Power Banks,Electronics,2854791.89,905973.0,5.24,Japan,1.97,None,93.71,0.0946,70978.0,0.96,4.1,2024,Enterprise,17,4421,45,69660,No,Yes,No,LC,7.8,4.7,4.8,2.78,99.4,Sea Freight,2.75,7.3
SUP_AB34089D,Brazil Wooden Furniture Exports Ltd.,Brazil,94036030,Wooden Furniture,Handicrafts,806728.28,704516.0,5.9,USA,1.07,None,69.38,0.0988,184231.0,0.92,2.77,2024,Medium,9,8999,9,145282,No,Yes,No,TT,5.6,6.6,4.4,1.64,86.2,Land,2.78,6.3
SUP_26F6959F,India Phone Cases Exports Ltd.,India,39269089,Phone Cases,Electronics,4898442.37,159830.0,17.23,Germany,10.5,None,23.61,0.0195,247038.0,0.75,2.6,2024,Small,16,7360,36,74511,Yes,Yes,No,Advance,3.7,4.9,3.7,4.8,90.9,Land,1.4,6.6
SUP_825216F8,Brazil Turmeric Powder Exports Ltd.,Brazil,09103087,Turmeric Powder,Spices,2688327.57,836405.0,17.24,USA,4.18,None,23.78,0.0523,385657.0,0.76,3.27,2024,Enterprise,5,6922,34,174101,Yes,Yes,Yes,Advance,4.6,7.2,3.6,0.44,91.0,Multi-modal,4.43,7.3
SUP_B163F3B0,Egypt Cardamom Exports Ltd.,Egypt,09083137,Cardamom,Spices,3513399.8,372050.0,0.52,USA,1.39,Low,51.63,0.0778,136262.0,0.76,4.77,2024,Enterprise,32,9773,17,164500,Yes,Yes,Yes,LC,6.4,8.5,3.8,3.64,93.6,Air Freight,1.96,9.9
SUP_EC199146,Spain Power Banks Exports Ltd.,Spain,85076050,Power Banks,Electronics,563840.5,580938.0,23.01,Canada,12.96,None,145.51,0.0466,322992.0,0.91,4.95,2024,Medium,42,8361,44,75544,Yes,Yes,Yes,TT,6.6,5.1,3.8,1.04,95.1,Sea Freight,2.17,6.8
SUP_45836BB5,Brazil Black Tea Exports Ltd.,Brazil,09023074,Black Tea,Agriculture,4185731.83,230804.0,15.98,France,14.99,None,53.08,0.0845,273267.0,0.85,4.06,2024,Small,13,8517,34,147811,Yes,Yes,No,Advance,4.7,7.3,4.5,3.21,95.5,Sea Freight,4.98,9.0
SUP_807890A0,India Wool Sweaters Exports Ltd.,India,61101193,Wool Sweaters,Textiles,573919.22,531257.0,-1.89,France,11.28,Low,15.41,0.05,354733.0,0.93,3.67,2024,Enterprise,15,4651,36,194595,Yes,Yes,Yes,LC,5.1,8.0,4.2,4.55,94.6,Land,0.53,6.9
SUP_A9E422FE,Egypt Decorative Candles Exports Ltd.,Egypt,34060046,Decorative Candles,Handicrafts,1704241.13,790677.0,2.93,Japan,13.54,Low,101.16,0.0104,267347.0,0.71,1.1,2024,Large,35,6201,28,94672,No,No,Yes,Advance,4.2,7.2,4.7,4.03,93.6,Air Freight,4.73,7.0
SUP_CBDFAF9F,Vietnam Power Banks Exports Ltd.,Vietnam,85076061,Power Banks,Electronics,4568771.18,642404.0,-0.25,Germany,1.49,Low,75.89,0.0668,461189.0,0.81,4.05,2024,Large,37,3605,27,103415,Yes,Yes,Yes,TT,3.2,7.5,4.9,0.49,90.7,Air Freight,4.93,8.2
SUP_56241155,Vietnam Black Pepper Exports Ltd.,Vietnam,09041140,Black Pepper,Spices,3436352.24,332527.0,3.91,UAE,12.61,None,121.16,0.044,186566.0,0.89,2.1,2024,Medium,42,1379,44,77110,Yes,No,Yes,TT,4.7,8.5,3.6,2.52,90.4,Air Freight,2.26,7.5
SUP_1EEF043D,Mexico Cotton Shirts Exports Ltd.,Mexico,62052019,Cotton Shirts,Textiles,2689327.83,756075.0,-2.71,France,6.3,Low,95.22,0.0506,134464.0,0.75,1.04,2024,Medium,44,1515,14,139865,No,Yes,No,LC,4.0,7.7,4.9,1.04,85.4,Sea Freight,2.83,8.8
SUP_BE36C2CD,Netherlands Handwoven Baskets Exports Ltd.,Netherlands,46021156,Handwoven Baskets,Handicrafts,1016548.06,327496.0,-4.12,Germany,3.3,None,141.01,0.0341,302483.0,0.76,1.37,2024,Large,31,9123,34,184389,No,No,Yes,TT,7.1,8.4,3.9,2.02,93.7,Multi-modal,1.25,6.0
SUP_64BE808B,Mexico Power Banks Exports Ltd.,Mexico,85076065,Power Banks,Electronics,4472858.0,544320.0,12.89,UK,12.24,None,91.29,0.0486,347345.0,0.8,4.59,2024,Small,30,3740,9,184049,Yes,Yes,No,Net 30,5.4,4.6,4.7,2.2,87.8,Air Freight,0.83,8.3
SUP_EB20A864,Vietnam Black Pepper Exports Ltd.,Vietnam,09041150,Black Pepper,Spices,1050366.22,434064.0,15.65,France,4.93,None,119.39,0.0909,344461.0,0.72,2.13,2024,Medium,35,4562,13,197051,Yes,Yes,No,LC,6.4,7.2,4.5,2.23,97.1,Air Freight,1.39,9.0
SUP_3CDF61DE,India Dried Mangoes Exports Ltd.,India,08045045,Dried Mangoes,Processed Foods,2395567.61,230120.0,8.58,UAE,4.9,None,86.67,0.0357,387466.0,0.93,3.3,2024,Small,31,5659,15,155594,Yes,Yes,No,Net 30,6.9,4.3,3.6,4.03,95.8,Multi-modal,1.93,6.7
SUP_B08AB4C2,Egypt Silk Scarves Exports Ltd.,Egypt,62141050,Silk Scarves,Textiles,2722183.7,149359.0,6.8,France,14.76,None,96.34,0.0919,492014.0,0.81,3.47,2024,Small,16,1783,7,86368,Yes,Yes,No,Advance,4.4,4.4,4.6,4.08,97.2,Sea Freight,4.7,9.3
SUP_57E6A6E4,Netherlands Coffee Beans Exports Ltd.,Netherlands,09011115,Coffee Beans,Agriculture,998616.19,419071.0,-2.75,UK,10.32,None,57.24,0.0729,122227.0,0.87,1.48,2024,Large,11,7771,35,82079,Yes,Yes,Yes,Advance,8.9,5.6,4.6,1.21,88.9,Multi-modal,3.7,6.8
SUP_17835434,Spain Decorative Candles Exports Ltd.,Spain,34060092,Decorative Candles,Handicrafts,3808707.25,315892.0,15.85,USA,14.58,None,2.46,0.0295,479135.0,0.81,2.95,2024,Large,15,9644,39,132145,No,Yes,Yes,TT,8.1,4.5,3.7,4.59,90.7,Land,4.41,7.6
SUP_65404A57,Vietnam Cinnamon Exports Ltd.,Vietnam,09061118,Cinnamon,Spices,1750272.96,272172.0,15.59,Japan,8.66,None,69.41,0.0196,107776.0,0.77,4.58,2024,Medium,19,1468,37,189168,Yes,Yes,No,LC,5.1,5.1,4.1,2.21,90.0,Land,1.73,5.5
SUP_8BA335C3,Mexico Leather Belts Exports Ltd.,Mexico,42033064,Leather Belts,Leather,1372692.32,298652.0,7.08,UAE,4.14,None,78.03,0.0198,76147.0,0.89,4.84,2024,Medium,9,1870,9,119777,Yes,Yes,Yes,Advance,5.4,4.5,4.6,4.41,89.0,Air Freight,1.27,6.0
SUP_50DA8D67,Brazil Leather Belts Exports Ltd.,Brazil,42033086,Leather Belts,Leather,1795903.85,103257.0,-2.17,UAE,13.62,None,110.99,0.0867,410676.0,0.77,2.26,2024,Small,12,4069,28,169332,Yes,Yes,Yes,Net 30,3.1,8.9,4.8,0.94,96.3,Sea Freight,3.17,9.8
SUP_17AB217E,India Leather Shoes Exports Ltd.,India,64035172,Leather Shoes,Leather,4429483.42,595523.0,-1.72,Japan,0.26,None,43.95,0.0305,313793.0,0.75,1.59,2024,Small,8,5990,28,168650,Yes,Yes,No,Advance,4.5,6.3,4.7,1.58,90.0,Land,1.01,8.4
SUP_A75C8899,Spain Power Banks Exports Ltd.,Spain,85076012,Power Banks,Electronics,1165551.74,530250.0,20.69,France,14.91,None,5.12,0.062,414802.0,0.98,2.44,2024,Small,14,7189,13,121807,No,Yes,No,Advance,8.9,8.4,3.8,4.56,90.2,Multi-modal,2.26,7.1
SUP_2490B2D4,Brazil Coffee Beans Exports Ltd.,Brazil,09011134,Coffee Beans,Agriculture,684949.9,645341.0,16.06,Japan,9.19,None,68.53,0.0971,465414.0,0.8,1.44,2024,Small,33,3410,36,89381,Yes,Yes,No,TT,4.8,5.4,4.7,0.18,85.6,Multi-modal,4.21,5.6
SUP_EA10C885,Brazil Dried Mangoes Exports Ltd.,Brazil,08045010,Dried Mangoes,Processed Foods,2436452.73,792325.0,20.02,USA,3.77,None,42.85,0.0873,398822.0,0.98,3.24,2024,Small,47,5434,16,101570,Yes,No,Yes,LC,5.8,5.8,4.7,3.22,91.3,Sea Freight,4.52,9.6
SUP_7A474AD8,Brazil Leather Handbags Exports Ltd.,Brazil,42022132,Leather Handbags,Leather,3037584.25,811902.0,21.28,Japan,8.67,None,30.33,0.0222,340604.0,0.76,2.22,2024,Large,38,8555,41,98069,Yes,No,Yes,TT,6.2,7.5,4.3,3.46,90.3,Multi-modal,2.42,7.1
SUP_A36639C2,Mexico Cardamom Exports Ltd.,Mexico,09083113,Cardamom,Spices,4606512.31,127705.0,23.72,Canada,1.33,None,136.07,0.0808,354256.0,0.85,1.51,2024,Large,5,7433,15,155628,Yes,Yes,No,Advance,8.0,4.4,3.9,4.93,86.6,Sea Freight,4.2,7.8
SUP_82DEE21B,Brazil USB Cables Exports Ltd.,Brazil,85444217,USB Cables,Electronics,1046492.06,713015.0,15.23,France,10.75,None,77.68,0.0606,309682.0,0.74,4.58,2024,Medium,21,6093,7,177128,Yes,Yes,Yes,TT,6.6,4.6,3.6,1.1,92.1,Land,2.26,9.6
SUP_ADFF349A,Mexico Black Tea Exports Ltd.,Mexico,09023071,Black Tea,Agriculture,4922133.2,960116.0,2.05,Japan,8.2,Low,102.36,0.0873,373568.0,0.74,1.58,2024,Small,13,3321,22,94767,Yes,Yes,Yes,Advance,4.7,7.3,4.9,2.52,94.9,Land,2.24,9.0
SUP_B78EBFF8,Mexico Natural Honey Exports Ltd.,Mexico,04090064,Natural Honey,Processed Foods,1166749.39,397189.0,8.71,UAE,5.84,None,5.6,0.0685,394557.0,0.88,1.17,2024,Large,10,8666,36,122588,Yes,Yes,No,TT,5.1,7.5,4.1,0.41,94.8,Multi-modal,3.45,7.8
SUP_1BAA8A31,Spain Natural Honey Exports Ltd.,Spain,04090027,Natural Honey,Processed Foods,1752530.65,899652.0,14.75,Canada,1.02,Low,72.82,0.0966,367635.0,0.89,3.3,2024,Large,10,6309,44,141251,Yes,No,Yes,LC,8.1,4.8,3.6,0.62,98.9,Land,1.96,6.2
SUP_C32C7528,Netherlands Power Banks Exports Ltd.,Netherlands,85076040,Power Banks,Electronics,974443.14,282450.0,16.84,Canada,11.34,None,10.12,0.0651,110017.0,0.71,4.0,2024,Enterprise,50,7132,45,57722,No,Yes,No,Advance,3.8,7.2,4.3,1.06,92.3,Multi-modal,1.51,8.7
SUP_8A2D54A7,Netherlands Cardamom Exports Ltd.,Netherlands,09083177,Cardamom,Spices,4139024.98,301636.0,-2.42,USA,9.44,None,30.93,0.0829,52745.0,0.8,2.63,2024,Small,23,4036,40,180069,Yes,Yes,No,Net 30,5.1,8.5,4.8,4.03,91.5,Land,4.43,7.8
SUP_B85064F3,Netherlands Ceramic Mugs Exports Ltd.,Netherlands,69120076,Ceramic Mugs,Handicrafts,1842021.42,223655.0,9.96,USA,9.02,None,33.99,0.0947,484188.0,0.77,3.81,2024,Small,12,5719,11,190095,Yes,No,No,Net 30,5.4,4.3,4.5,0.64,92.0,Multi-modal,3.44,5.2
SUP_62AE46A5,Brazil Cardamom Exports Ltd.,Brazil,09083135,Cardamom,Spices,2005435.6,901883.0,-3.22,Germany,8.21,None,138.66,0.0697,82678.0,0.77,1.29,2024,Small,24,2159,33,71127,No,Yes,Yes,LC,3.6,6.5,3.8,1.82,92.1,Air Freight,0.6,5.3
SUP_E1218B87,Egypt Handwoven Baskets Exports Ltd.,Egypt,46021187,Handwoven Baskets,Handicrafts,4371325.12,815067.0,15.51,USA,8.29,None,114.97,0.0726,275296.0,0.9,3.2,2024,Small,30,2933,30,142219,Yes,Yes,Yes,TT,3.6,4.1,4.1,3.79,97.0,Sea Freight,4.96,5.1
SUP_0DB31DE4,Vietnam Power Banks Exports Ltd.,Vietnam,85076017,Power Banks,Electronics,844752.54,232871.0,8.16,UK,0.66,None,98.45,0.032,203308.0,0.74,2.59,2024,Small,44,2258,11,115588,No,Yes,No,Net 30,8.4,8.3,4.2,1.58,90.5,Multi-modal,4.41,6.2
SUP_C5C69167,Brazil Coffee Beans Exports Ltd.,Brazil,09011199,Coffee Beans,Agriculture,2936386.29,209448.0,-3.38,Canada,10.58,None,42.33,0.0283,121896.0,0.94,3.08,2024,Large,49,4453,14,147619,No,Yes,Yes,TT,7.2,7.2,4.2,0.66,92.4,Sea Freight,1.72,7.9
SUP_6B96EC82,Netherlands Black Tea Exports Ltd.,Netherlands,09023020,Black Tea,Agriculture,768740.19,996086.0,13.29,Canada,0.28,None,66.88,0.0302,248876.0,0.75,2.72,2024,Small,44,5999,9,191963,No,No,No,Net 30,8.5,8.5,4.7,3.0,96.3,Multi-modal,3.77,8.1
SUP_090A8B91,Netherlands Cardamom Exports Ltd.,Netherlands,09083117,Cardamom,Spices,4133285.13,680170.0,6.64,France,13.99,None,148.64,0.0581,272211.0,0.87,3.27,2024,Large,12,7247,36,112449,Yes,Yes,No,Net 30,3.5,5.2,4.3,1.75,90.9,Multi-modal,2.13,8.3
SUP_E051A61C,Netherlands Leather Belts Exports Ltd.,Netherlands,42033087,Leather Belts,Leather,555526.02,421802.0,12.05,UK,12.54,Low,66.85,0.0116,54650.0,0.84,4.86,2024,Enterprise,42,4569,33,65357,Yes,Yes,No,Net 30,8.7,6.2,3.9,3.96,88.9,Land,1.07,8.2
SUP_E4DAB266,Netherlands Ceramic Mugs Exports Ltd.,Netherlands,69120089,Ceramic Mugs,Handicrafts,3451901.68,343974.0,-1.57,USA,2.76,None,66.33,0.0386,340145.0,0.91,1.24,2024,Large,18,1264,29,191673,No,Yes,Yes,LC,6.0,4.6,3.6,1.1,93.5,Land,0.82,7.1
SUP_7A4D587E,Vietnam Black Tea Exports Ltd.,Vietnam,09023013,Black Tea,Agriculture,1969432.44,926450.0,5.81,Canada,13.46,None,141.4,0.0365,66335.0,0.75,1.18,2024,Medium,39,1418,13,105438,No,Yes,No,Net 30,8.6,5.9,4.4,3.32,87.2,Sea Freight,4.8,9.8
SUP_5CCCC894,Egypt Decorative Candles Exports Ltd.,Egypt,34060074,Decorative Candles,Handicrafts,4990158.36,760943.0,11.45,Canada,8.08,None,131.83,0.0818,368296.0,0.84,3.1,2024,Enterprise,22,5410,19,126825,No,Yes,No,Net 30,4.4,5.6,5.0,3.5,91.6,Land,2.13,6.8
SUP_CB061805,India Cashew Nuts Exports Ltd.,India,08013256,Cashew Nuts,Processed Foods,3439984.67,734617.0,1.91,Japan,6.28,None,124.1,0.0213,331865.0,0.77,4.64,2024,Medium,40,5264,25,139540,Yes,Yes,Yes,TT,6.5,7.2,4.7,4.51,98.1,Sea Freight,1.25,7.1
SUP_2EE52CFB,Spain Fruit Jam Exports Ltd.,Spain,20079970,Fruit Jam,Processed Foods,3842842.97,232537.0,21.08,Japan,6.47,None,148.5,0.0219,327510.0,0.97,4.62,2024,Large,10,7591,42,113290,No,Yes,No,Net 30,6.5,7.1,5.0,0.32,96.0,Multi-modal,4.77,9.6
SUP_B71D030F,Mexico Leather Belts Exports Ltd.,Mexico,42033065,Leather Belts,Leather,1801810.14,600281.0,16.0,France,2.75,None,137.49,0.0943,93929.0,0.74,1.03,2024,Large,45,8430,31,134000,Yes,Yes,No,LC,4.4,6.5,3.6,2.64,92.8,Land,1.78,6.9
SUP_6E73FD2C,Vietnam Wooden Furniture Exports Ltd.,Vietnam,94036015,Wooden Furniture,Handicrafts,4162942.31,870310.0,21.47,France,3.16,None,86.48,0.0654,102149.0,0.8,1.66,2024,Large,19,8973,35,108624,No,Yes,No,LC,8.5,7.3,3.7,1.11,97.5,Air Freight,0.62,9.5
SUP_512F9CC5,Egypt Fruit Jam Exports Ltd.,Egypt,20079934,Fruit Jam,Processed Foods,529992.98,972944.0,19.67,UK,3.05,Low,85.89,0.0759,323098.0,0.74,2.82,2024,Small,47,2965,35,163315,Yes,Yes,Yes,Net 30,7.4,4.6,4.0,0.49,96.8,Sea Freight,1.97,7.5
SUP_E63B3817,Mexico Coffee Beans Exports Ltd.,Mexico,09011190,Coffee Beans,Agriculture,3809847.85,804728.0,18.31,France,10.32,Low,6.23,0.019,419677.0,0.93,2.27,2024,Small,42,1130,22,85880,Yes,No,Yes,TT,4.6,4.8,4.7,3.69,89.2,Air Freight,3.36,5.4
SUP_C415A8B3,Netherlands Cashew Nuts Exports Ltd.,Netherlands,08013237,Cashew Nuts,Processed Foods,514389.7,170528.0,9.72,UAE,3.13,None,63.01,0.0337,249381.0,0.88,1.94,2024,Large,32,9691,18,128669,No,No,No,Advance,7.8,6.0,4.0,2.46,86.4,Sea Freight,4.83,9.5
SUP_B3BCF45E,Mexico Black Tea Exports Ltd.,Mexico,09023067,Black Tea,Agriculture,1964286.71,794595.0,7.75,Germany,6.97,None,17.47,0.0727,419528.0,0.74,4.53,2024,Enterprise,40,7750,22,57592,Yes,Yes,No,Advance,3.4,7.9,3.9,1.66,90.8,Land,2.41,6.3
SUP_14F3FA45,Brazil Denim Jeans Exports Ltd.,Brazil,62034272,Denim Jeans,Textiles,3776840.81,456349.0,14.09,USA,4.63,None,86.09,0.025,158108.0,0.93,1.44,2024,Large,10,9843,8,55535,No,Yes,No,Net 30,7.6,6.8,4.5,2.64,90.4,Air Freight,4.93,9.2
SUP_8292B3E6,Netherlands Cinnamon Exports Ltd.,Netherlands,09061139,Cinnamon,Spices,1805843.68,269244.0,22.32,UK,6.2,None,37.68,0.0112,493276.0,0.71,4.76,2024,Small,34,7519,38,61084,Yes,Yes,Yes,TT,3.2,7.7,4.7,1.95,91.0,Multi-modal,4.38,5.4
SUP_FBC3A906,Spain Cashew Nuts Exports Ltd.,Spain,08013263,Cashew Nuts,Processed Foods,590693.8,878727.0,19.91,UAE,13.78,None,88.44,0.0452,485930.0,0.88,2.25,2024,Large,29,9394,8,129207,Yes,Yes,Yes,Advance,5.3,6.1,3.8,2.09,89.2,Multi-modal,4.58,7.7
SUP_2274DFB2,Mexico Decorative Candles Exports Ltd.,Mexico,34060012,Decorative Candles,Handicrafts,4969192.8,862899.0,6.81,UK,11.44,None,68.11,0.062,63050.0,0.82,1.93,2024,Large,32,2785,26,137145,Yes,Yes,Yes,TT,4.2,8.7,4.4,0.51,91.0,Land,2.86,9.2
SUP_D29B8D70,India Decorative Candles Exports Ltd.,India,34060073,Decorative Candles,Handicrafts,1634107.32,426584.0,17.22,Japan,2.26,None,85.01,0.0466,52921.0,0.78,1.84,2024,Enterprise,36,9188,27,111797,Yes,Yes,No,LC,8.5,6.1,3.6,0.72,85.2,Sea Freight,1.25,7.2
SUP_0AC702D4,India Wool Sweaters Exports Ltd.,India,61101164,Wool Sweaters,Textiles,2728330.37,756581.0,19.09,Canada,2.1,Low,63.01,0.0108,111647.0,0.83,2.18,2024,Large,35,6281,30,197799,Yes,Yes,No,TT,7.8,8.8,4.1,3.06,92.0,Air Freight,4.71,9.6
SUP_FBBD81B9,Netherlands Power Banks Exports Ltd.,Netherlands,85076027,Power Banks,Electronics,1239071.95,849817.0,19.88,USA,4.77,None,70.84,0.0994,52937.0,0.79,1.75,2024,Small,36,8513,28,74828,Yes,Yes,Yes,Net 30,6.8,8.4,4.0,0.17,87.9,Multi-modal,4.19,9.3
SUP_3CC84EAE,Spain Leather Shoes Exports Ltd.,Spain,64035149,Leather Shoes,Leather,2152736.61,904246.0,7.1,UK,8.42,None,30.79,0.0633,103989.0,0.91,2.12,2024,Large,38,2676,15,186922,Yes,Yes,Yes,Net 30,8.8,7.7,4.4,4.56,88.1,Sea Freight,4.03,9.9
SUP_ABE04D2D,Netherlands Silk Scarves Exports Ltd.,Netherlands,62141088,Silk Scarves,Textiles,1159212.45,272824.0,9.26,USA,4.85,Low,8.3,0.0561,280523.0,0.82,2.89,2024,Large,34,2921,22,196838,Yes,Yes,No,Net 30,4.9,6.6,4.3,4.43,97.5,Air Freight,4.75,9.2
SUP_C624DF8A,Vietnam USB Cables Exports Ltd.,Vietnam,85444265,USB Cables,Electronics,3022186.39,613900.0,15.85,UK,10.28,None,65.59,0.0413,63262.0,0.95,4.42,2024,Large,48,7948,20,196746,No,No,Yes,Net 30,4.1,7.7,3.5,2.27,92.8,Sea Freight,3.14,6.6
SUP_F2C94252,Brazil Black Pepper Exports Ltd.,Brazil,09041174,Black Pepper,Spices,4647037.79,736249.0,3.19,France,4.12,None,7.07,0.0726,182664.0,0.78,1.23,2024,Small,47,8713,45,169139,Yes,Yes,No,LC,3.2,4.1,4.8,0.85,96.0,Air Freight,0.87,9.2
SUP_D50F15B7,India Wool Sweaters Exports Ltd.,India,61101166,Wool Sweaters,Textiles,3368651.7,165352.0,4.43,Japan,8.16,High,29.53,0.0653,58742.0,0.8,3.69,2024,Large,47,3772,44,146011,Yes,No,Yes,LC,3.4,8.1,4.3,3.67,86.3,Land,0.7,8.0
SUP_6479F022,Egypt USB Cables Exports Ltd.,Egypt,85444262,USB Cables,Electronics,1278356.96,883106.0,20.26,USA,4.67,None,18.1,0.052,488360.0,0.9,3.26,2024,Enterprise,7,2904,12,97841,No,Yes,No,LC,7.6,7.9,3.8,1.94,86.2,Air Freight,1.89,8.4
SUP_ACFCA04E,Spain Handwoven Baskets Exports Ltd.,Spain,46021126,Handwoven Baskets,Handicrafts,1897191.78,497735.0,16.18,Germany,4.18,None,62.39,0.0852,193025.0,0.96,1.71,2024,Large,18,8202,23,74225,Yes,Yes,Yes,Advance,8.0,7.4,3.8,4.75,93.7,Air Freight,2.92,6.1
SUP_3941BAD4,Mexico USB Cables Exports Ltd.,Mexico,85444254,USB Cables,Electronics,3407035.93,815147.0,18.89,Germany,5.13,High,82.97,0.0769,191007.0,0.73,4.09,2024,Large,15,8662,23,58243,No,Yes,No,Advance,3.8,6.9,4.1,1.95,93.8,Sea Freight,1.95,5.5
SUP_A049435A,Netherlands Black Pepper Exports Ltd.,Netherlands,09041111,Black Pepper,Spices,1214377.25,598593.0,5.04,France,13.54,None,54.02,0.0246,336669.0,0.75,1.09,2024,Enterprise,39,8126,32,174144,No,Yes,Yes,Net 30,5.9,6.0,3.6,4.65,88.5,Sea Freight,2.39,8.9
SUP_04AF4975,Mexico Leather Shoes Exports Ltd.,Mexico,64035185,Leather Shoes,Leather,628498.27,637085.0,-0.01,UK,13.3,High,141.46,0.0279,347789.0,0.92,1.52,2024,Large,5,2481,26,87083,No,Yes,Yes,LC,7.0,5.0,3.8,1.61,87.8,Air Freight,2.46,8.6
SUP_6648B14F,Spain Ceramic Mugs Exports Ltd.,Spain,69120081,Ceramic Mugs,Handicrafts,4305507.78,492437.0,-4.85,Germany,5.17,None,103.17,0.0729,297624.0,0.89,4.33,2024,Medium,50,2569,31,83686,Yes,No,Yes,Net 30,8.4,8.1,4.6,2.18,90.9,Sea Freight,2.06,8.3
SUP_38626BC4,India Leather Shoes Exports Ltd.,India,64035138,Leather Shoes,Leather,4485146.58,286814.0,18.04,UK,5.43,None,0.74,0.0639,258761.0,0.97,3.58,2024,Medium,33,4079,9,105373,Yes,Yes,Yes,TT,5.6,5.4,4.1,4.12,85.5,Land,1.31,7.0
SUP_A5C13C08,Netherlands Cashew Nuts Exports Ltd.,Netherlands,08013223,Cashew Nuts,Processed Foods,2592152.16,186654.0,5.39,France,1.52,Low,120.63,0.0111,217261.0,0.74,3.03,2024,Enterprise,2,8964,32,160744,No,Yes,Yes,LC,6.6,8.0,4.2,1.93,92.1,Multi-modal,4.3,9.9
SUP_8EC6D3F6,Netherlands Wool Sweaters Exports Ltd.,Netherlands,61101132,Wool Sweaters,Textiles,4913305.29,657540.0,17.79,Japan,10.12,None,50.9,0.0941,359410.0,0.77,3.06,2024,Enterprise,29,1795,36,123849,Yes,No,Yes,LC,8.3,7.4,3.9,1.75,89.4,Sea Freight,2.94,5.9
SUP_CFF66754,Mexico Black Pepper Exports Ltd.,Mexico,09041112,Black Pepper,Spices,2510465.67,412143.0,14.08,UAE,1.68,None,79.92,0.0457,141872.0,0.72,1.38,2024,Medium,42,9084,34,122009,Yes,Yes,No,Advance,3.2,5.6,3.6,3.09,95.8,Sea Freight,2.22,9.9
SUP_B438FFDD,Brazil Silk Scarves Exports Ltd.,Brazil,62141091,Silk Scarves,Textiles,3871701.5,543054.0,7.02,Germany,14.26,None,98.11,0.0895,488752.0,0.96,4.86,2024,Medium,38,5275,26,184752,Yes,Yes,No,LC,5.2,6.4,4.6,2.24,96.1,Air Freight,1.75,8.4
SUP_561B054D,Mexico Leather Handbags Exports Ltd.,Mexico,42022133,Leather Handbags,Leather,3551937.12,385925.0,-4.85,Germany,0.28,None,19.9,0.034,364090.0,0.93,3.54,2024,Small,16,4683,8,135094,Yes,Yes,No,Advance,6.5,7.2,4.0,2.01,98.9,Sea Freight,2.04,6.6
SUP_0FB8A2DE,Vietnam Natural Honey Exports Ltd.,Vietnam,04090069,Natural Honey,Processed Foods,4344601.95,623212.0,1.32,France,2.55,None,60.74,0.0695,349532.0,0.98,3.53,2024,Large,7,4400,40,146781,Yes,Yes,Yes,Advance,3.2,7.1,3.8,1.82,91.4,Sea Freight,3.88,6.4
SUP_EAEA26B8,Mexico Power Banks Exports Ltd.,Mexico,85076040,Power Banks,Electronics,2188779.51,663706.0,-1.05,UAE,14.23,None,59.66,0.029,108003.0,0.87,1.71,2024,Medium,49,7571,42,157090,Yes,Yes,No,Net 30,4.9,5.8,3.7,4.44,99.3,Multi-modal,2.76,7.7
SUP_7C714479,Netherlands Decorative Candles Exports Ltd.,Netherlands,34060061,Decorative Candles,Handicrafts,2726749.46,586449.0,3.59,Canada,2.35,Low,60.31,0.0103,485088.0,0.8,2.86,2024,Medium,45,2610,31,159602,No,Yes,No,TT,3.8,7.1,5.0,3.04,95.9,Sea Freight,1.96,6.2
SUP_92505B91,Spain Leather Shoes Exports Ltd.,Spain,64035170,Leather Shoes,Leather,3579633.77,488283.0,-4.32,UAE,13.25,None,83.03,0.0877,495806.0,0.96,2.83,2024,Medium,13,8736,19,134600,Yes,Yes,Yes,Advance,5.8,7.4,4.2,1.29,87.6,Land,2.75,5.6
SUP_4AE12EF9,Netherlands Leather Handbags Exports Ltd.,Netherlands,42022152,Leather Handbags,Leather,4424384.57,267003.0,2.35,France,14.44,None,5.33,0.0709,322507.0,0.99,4.45,2024,Small,28,5260,41,81714,No,Yes,No,LC,5.6,8.1,3.6,4.08,97.3,Sea Freight,2.14,8.6
SUP_889C6DB3,Spain Cashew Nuts Exports Ltd.,Spain,08013293,Cashew Nuts,Processed Foods,2480206.13,925673.0,-1.28,Germany,12.71,None,87.18,0.0812,428532.0,0.75,2.65,2024,Large,11,4982,37,105072,Yes,Yes,No,Advance,8.4,6.5,3.9,1.37,89.4,Land,1.99,7.3
SUP_80F2672F,Egypt Coffee Beans Exports Ltd.,Egypt,09011145,Coffee Beans,Agriculture,3174926.58,898304.0,-0.8,UAE,4.33,None,55.94,0.0426,202682.0,0.79,3.86,2024,Large,32,8206,25,90485,No,Yes,Yes,Net 30,8.2,5.3,3.8,4.27,93.7,Air Freight,3.13,6.3
SUP_2A497BA7,Egypt Power Banks Exports Ltd.,Egypt,85076076,Power Banks,Electronics,2326300.85,748502.0,22.0,UK,9.66,None,75.41,0.0571,248169.0,0.95,2.94,2024,Medium,35,8897,18,176877,No,Yes,No,Net 30,4.3,5.0,3.7,3.08,95.9,Sea Freight,3.42,6.8
SUP_2AF94F8C,Egypt Natural Honey Exports Ltd.,Egypt,04090091,Natural Honey,Processed Foods,4578359.12,980779.0,17.39,Japan,11.75,None,34.64,0.0282,398255.0,0.71,3.51,2024,Large,34,2100,24,195040,No,No,No,LC,8.8,4.3,4.4,1.32,88.8,Air Freight,3.6,8.3
SUP_60C572D3,Vietnam Decorative Candles Exports Ltd.,Vietnam,34060098,Decorative Candles,Handicrafts,3728211.47,286049.0,-3.79,UAE,3.99,None,111.6,0.076,83380.0,0.96,1.53,2024,Large,5,4403,21,113947,Yes,Yes,Yes,LC,4.9,7.2,3.8,0.67,86.2,Air Freight,0.95,7.9
SUP_84580C31,Mexico Leather Handbags Exports Ltd.,Mexico,42022148,Leather Handbags,Leather,3061981.71,709970.0,7.89,USA,10.8,None,96.57,0.063,382887.0,0.88,2.83,2024,Small,18,7671,45,120973,Yes,Yes,No,Net 30,8.7,5.5,4.8,1.32,89.1,Multi-modal,3.32,5.6
SUP_86B63ACF,Mexico Wooden Furniture Exports Ltd.,Mexico,94036010,Wooden Furniture,Handicrafts,1936433.97,634299.0,9.12,Germany,2.68,None,101.11,0.0185,282363.0,0.8,3.75,2024,Medium,14,2781,21,105893,Yes,Yes,No,Advance,3.6,5.5,4.4,2.9,87.3,Air Freight,1.36,7.0
SUP_CD0A79B3,Netherlands Wooden Furniture Exports Ltd.,Netherlands,94036030,Wooden Furniture,Handicrafts,3245554.53,264765.0,4.77,UAE,14.72,None,118.42,0.0802,191234.0,0.77,2.05,2024,Large,25,3375,26,137483,No,No,Yes,Net 30,5.6,6.0,4.1,3.83,91.0,Land,2.09,9.0
SUP_331ABC69,Netherlands Natural Honey Exports Ltd.,Netherlands,04090045,Natural Honey,Processed Foods,587658.31,838552.0,1.07,France,10.75,None,56.33,0.039,464669.0,0.81,3.23,2024,Medium,15,9240,35,121817,Yes,Yes,Yes,Advance,8.6,7.0,4.9,4.74,96.6,Land,3.6,9.5
SUP_33034827,Vietnam Dried Mangoes Exports Ltd.,Vietnam,08045045,Dried Mangoes,Processed Foods,4941181.39,714585.0,6.25,USA,0.84,None,80.92,0.0494,199021.0,0.73,1.54,2024,Small,22,7779,16,89431,Yes,Yes,No,Advance,4.5,6.9,4.6,1.38,92.9,Multi-modal,3.6,5.7
SUP_BF1A2C5F,Netherlands Silk Scarves Exports Ltd.,Netherlands,62141099,Silk Scarves,Textiles,3701312.1,429212.0,23.72,UK,13.58,None,132.75,0.0266,295537.0,0.77,2.45,2024,Medium,45,5243,23,56065,Yes,Yes,Yes,Advance,7.8,8.2,3.6,4.95,90.6,Land,4.98,9.8
SUP_2237C3ED,Netherlands Turmeric Powder Exports Ltd.,Netherlands,09103078,Turmeric Powder,Spices,2714042.62,702737.0,5.01,USA,11.02,None,146.15,0.0803,328796.0,0.75,3.05,2024,Small,38,8675,19,69158,No,Yes,Yes,Advance,8.3,9.0,3.7,1.72,87.7,Multi-modal,2.54,8.9
SUP_8A4FB844,Netherlands Power Banks Exports Ltd.,Netherlands,85076065,Power Banks,Electronics,4502286.41,520967.0,12.24,USA,9.36,None,1.78,0.039,128902.0,0.78,1.89,2024,Large,36,8499,19,142968,No,Yes,No,TT,7.6,5.0,3.8,0.23,94.0,Sea Freight,4.01,7.7
SUP_1E24996E,Brazil Silk Scarves Exports Ltd.,Brazil,62141050,Silk Scarves,Textiles,4678094.76,790138.0,1.26,UK,2.45,High,35.33,0.0928,454931.0,0.8,1.55,2024,Enterprise,9,7145,8,166379,No,No,Yes,LC,5.7,6.0,3.8,1.96,97.1,Sea Freight,4.86,7.5
SUP_FE47C879,Spain Leather Shoes Exports Ltd.,Spain,64035176,Leather Shoes,Leather,1047666.89,893359.0,1.29,Canada,11.11,None,149.31,0.0474,160272.0,0.99,4.2,2024,Large,32,5182,39,79358,No,Yes,Yes,Advance,5.4,8.3,4.0,4.73,97.5,Land,4.76,8.3
SUP_A8849850,Spain Decorative Candles Exports Ltd.,Spain,34060020,Decorative Candles,Handicrafts,3426946.9,949524.0,6.69,Canada,0.24,High,109.58,0.0908,73786.0,0.74,2.0,2024,Small,10,9497,16,86757,Yes,Yes,Yes,TT,8.2,7.3,4.1,2.13,87.3,Air Freight,1.29,7.6
SUP_C8DD7AC9,Spain Ceramic Mugs Exports Ltd.,Spain,69120095,Ceramic Mugs,Handicrafts,1317266.12,214705.0,18.6,USA,7.46,None,93.98,0.0918,189031.0,0.88,1.11,2024,Small,23,1466,37,58971,No,Yes,Yes,Advance,7.6,7.6,3.8,0.59,90.2,Air Freight,0.91,9.9
SUP_0D3104C5,Mexico Wool Sweaters Exports Ltd.,Mexico,61101169,Wool Sweaters,Textiles,4925159.54,997728.0,21.94,Canada,2.02,None,95.71,0.038,296146.0,0.96,2.03,2024,Large,44,9847,30,75270,Yes,Yes,No,TT,3.8,6.6,4.7,0.8,94.8,Sea Freight,3.73,6.4
SUP_3150BCF1,India Leather Handbags Exports Ltd.,India,42022141,Leather Handbags,Leather,1518005.32,293595.0,16.9,UK,4.93,High,100.42,0.0568,352601.0,0.99,2.07,2024,Medium,22,7914,30,88068,Yes,No,Yes,Advance,6.8,8.0,5.0,0.17,94.5,Air Freight,1.23,6.6
SUP_E38F9542,Mexico Leather Shoes Exports Ltd.,Mexico,64035171,Leather Shoes,Leather,4359562.02,296868.0,13.86,Japan,14.56,None,148.91,0.0508,187785.0,0.86,1.47,2024,Large,43,9429,28,138409,No,Yes,Yes,Advance,7.6,6.3,3.6,4.3,96.4,Multi-modal,0.78,6.8
SUP_92BEC3BB,India Leather Belts Exports Ltd.,India,42033079,Leather Belts,Leather,1068026.76,338157.0,24.25,Japan,1.67,None,44.71,0.0886,210972.0,0.83,3.21,2024,Small,34,3991,32,183930,Yes,No,Yes,LC,4.2,7.7,4.3,3.92,93.4,Sea Freight,4.1,6.8
SUP_9476CFF0,Spain Decorative Candles Exports Ltd.,Spain,34060077,Decorative Candles,Handicrafts,1250390.6,266461.0,-2.0,Germany,9.52,Low,34.33,0.0938,425435.0,0.74,4.77,2024,Enterprise,14,5561,10,155086,Yes,No,No,Advance,5.8,4.7,4.9,0.1,88.7,Multi-modal,1.44,8.7
SUP_7A9C0840,India Leather Handbags Exports Ltd.,India,42022117,Leather Handbags,Leather,3898263.05,247118.0,-0.69,Japan,2.4,High,146.48,0.0981,255121.0,0.93,3.58,2024,Enterprise,39,4168,22,141857,Yes,No,Yes,Advance,3.7,7.7,4.9,0.84,91.6,Multi-modal,3.92,5.1
SUP_A0439977,Egypt Wool Sweaters Exports Ltd.,Egypt,61101149,Wool Sweaters,Textiles,2859084.3,909142.0,13.86,Canada,3.48,None,123.42,0.0587,369834.0,0.83,1.28,2024,Large,19,1671,31,116965,Yes,Yes,No,Advance,7.6,5.1,3.7,4.99,94.0,Multi-modal,1.59,9.2
SUP_45ED41DC,Netherlands Dried Mangoes Exports Ltd.,Netherlands,08045099,Dried Mangoes,Processed Foods,4834599.89,542157.0,-3.3,USA,12.98,None,108.75,0.0348,181947.0,0.89,2.32,2024,Large,24,2361,7,76510,No,Yes,No,TT,6.5,7.3,3.7,3.93,95.6,Land,3.23,9.4
SUP_FBD29CC7,Mexico Phone Cases Exports Ltd.,Mexico,39269015,Phone Cases,Electronics,3207480.39,719019.0,20.15,France,14.31,None,18.06,0.0788,239111.0,0.87,3.84,2024,Enterprise,27,1653,29,165407,No,Yes,No,Advance,7.9,7.1,4.7,3.38,85.4,Air Freight,0.61,9.7
SUP_4534232E,Brazil Wool Sweaters Exports Ltd.,Brazil,61101162,Wool Sweaters,Textiles,4108528.61,864472.0,8.7,UK,5.38,None,53.18,0.0969,195035.0,0.83,1.19,2024,Enterprise,46,5311,17,104887,Yes,No,No,Advance,7.5,7.9,3.8,2.55,86.3,Multi-modal,3.27,8.7
SUP_CA3417C2,Brazil Decorative Candles Exports Ltd.,Brazil,34060049,Decorative Candles,Handicrafts,955841.75,857009.0,-2.29,Canada,4.69,None,28.34,0.0444,188768.0,0.95,2.94,2024,Large,30,6922,17,94182,Yes,Yes,No,Net 30,7.5,6.7,4.1,3.51,88.0,Sea Freight,3.7,9.6
SUP_0F63E444,Mexico Phone Cases Exports Ltd.,Mexico,39269043,Phone Cases,Electronics,1155944.5,456687.0,10.98,Canada,2.0,None,126.83,0.0763,468637.0,0.79,3.28,2024,Small,22,4683,35,60688,Yes,Yes,No,LC,6.0,8.2,5.0,1.3,88.4,Air Freight,1.15,6.5
SUP_DCB6CEB0,Netherlands Cotton Shirts Exports Ltd.,Netherlands,62052088,Cotton Shirts,Textiles,2674729.8,560272.0,7.44,UAE,14.98,None,28.32,0.0567,259514.0,0.88,4.55,2024,Enterprise,49,5284,30,119089,Yes,Yes,No,TT,4.9,5.8,4.9,0.76,97.8,Air Freight,4.08,7.9
SUP_889BC4A1,Netherlands Wool Sweaters Exports Ltd.,Netherlands,61101174,Wool Sweaters,Textiles,3687592.63,661365.0,4.4,Japan,12.39,None,52.58,0.0732,340493.0,0.94,1.9,2024,Large,38,1871,36,164785,Yes,Yes,No,TT,3.1,6.2,4.5,4.49,92.1,Air Freight,0.79,6.8
SUP_92F43430,Brazil Power Banks Exports Ltd.,Brazil,85076082,Power Banks,Electronics,1634054.33,863112.0,-4.17,UAE,7.36,None,141.44,0.0988,162828.0,0.89,2.24,2024,Large,23,4810,43,183157,No,Yes,No,Net 30,8.2,8.9,3.6,3.8,93.8,Sea Freight,3.26,7.6
SUP_FEBE6798,Vietnam Power Banks Exports Ltd.,Vietnam,85076034,Power Banks,Electronics,1619597.9,730745.0,18.21,Germany,12.54,None,139.36,0.0756,223953.0,0.73,4.78,2024,Enterprise,28,7247,37,86309,No,Yes,Yes,TT,7.2,8.4,4.2,1.0,91.0,Air Freight,2.08,8.2
SUP_9F7C52A8,Brazil Silk Scarves Exports Ltd.,Brazil,62141067,Silk Scarves,Textiles,3883169.24,649314.0,2.73,UAE,0.91,None,102.57,0.0186,50906.0,0.98,3.12,2024,Small,22,7303,26,57249,No,Yes,Yes,LC,8.7,4.9,4.4,0.99,88.3,Multi-modal,0.94,8.4
SUP_66F7E521,Egypt Ceramic Mugs Exports Ltd.,Egypt,69120057,Ceramic Mugs,Handicrafts,3082932.55,562104.0,16.19,Japan,2.66,None,122.94,0.0127,70328.0,0.97,4.55,2024,Small,21,5774,13,141502,Yes,Yes,Yes,LC,6.0,7.0,5.0,4.61,99.0,Land,4.03,9.7
SUP_75CE7EA3,Egypt Phone Cases Exports Ltd.,Egypt,39269018,Phone Cases,Electronics,2022547.74,483457.0,-0.76,Japan,7.36,None,6.72,0.0153,301880.0,0.94,4.64,2024,Small,35,2490,27,188238,Yes,Yes,No,TT,4.7,4.7,4.6,1.54,94.3,Land,2.46,5.4
SUP_D7674CE7,Mexico Cotton Shirts Exports Ltd.,Mexico,62052023,Cotton Shirts,Textiles,1946815.25,607620.0,13.29,UK,7.46,None,43.44,0.0716,78896.0,0.85,1.17,2024,Small,21,9893,18,132222,No,Yes,Yes,Net 30,5.3,5.8,4.3,4.14,95.2,Land,3.82,7.6
SUP_EC0843BC,Egypt Wooden Furniture Exports Ltd.,Egypt,94036057,Wooden Furniture,Handicrafts,3565100.24,146893.0,22.32,USA,6.86,None,33.62,0.0388,424359.0,0.76,1.83,2024,Small,4,7250,20,80495,No,Yes,Yes,Net 30,8.9,8.9,4.7,1.92,97.5,Sea Freight,1.2,8.0
SUP_AE6721A6,Spain Leather Handbags Exports Ltd.,Spain,42022143,Leather Handbags,Leather,4468751.55,543380.0,15.41,France,12.96,None,31.13,0.0891,436208.0,0.96,2.64,2024,Small,28,7777,31,122898,No,Yes,No,Net 30,6.6,7.1,4.1,3.51,91.7,Air Freight,0.82,5.6
SUP_7E04EF80,Netherlands Wooden Furniture Exports Ltd.,Netherlands,94036072,Wooden Furniture,Handicrafts,799251.42,663022.0,4.82,France,3.85,None,139.63,0.0458,331154.0,0.78,4.42,2024,Large,8,2956,32,102986,No,Yes,Yes,TT,6.1,4.2,4.2,0.65,85.6,Land,1.33,8.8
SUP_CC67069F,Vietnam Silk Scarves Exports Ltd.,Vietnam,62141065,Silk Scarves,Textiles,3268943.72,559390.0,17.15,Canada,8.96,None,140.08,0.079,149074.0,0.92,3.9,2024,Small,38,1232,16,139482,No,Yes,Yes,Advance,4.2,7.2,4.1,0.85,89.3,Sea Freight,1.51,8.1
SUP_211F0D72,Spain Turmeric Powder Exports Ltd.,Spain,09103066,Turmeric Powder,Spices,613893.53,561929.0,-2.92,Germany,9.02,None,24.58,0.0592,216489.0,0.72,3.74,2024,Enterprise,35,9753,8,94542,No,Yes,Yes,LC,7.1,4.0,3.5,0.39,90.8,Sea Freight,4.36,8.8
SUP_645ABA56,Egypt Denim Jeans Exports Ltd.,Egypt,62034279,Denim Jeans,Textiles,832658.06,780381.0,19.72,Canada,14.06,None,42.73,0.0654,285757.0,0.96,1.95,2024,Enterprise,41,5096,29,169271,Yes,No,Yes,Net 30,4.3,5.4,4.6,4.82,90.8,Multi-modal,4.47,6.8
SUP_F6ADFAE0,Mexico Cotton Shirts Exports Ltd.,Mexico,62052048,Cotton Shirts,Textiles,1147926.98,582273.0,7.31,UAE,12.78,High,19.19,0.0664,159104.0,0.97,2.68,2024,Enterprise,31,8410,35,151827,Yes,Yes,No,TT,7.3,5.0,3.8,1.04,87.9,Multi-modal,4.55,7.7
SUP_7C59C4CC,Brazil Cardamom Exports Ltd.,Brazil,09083192,Cardamom,Spices,1881045.42,511911.0,-0.76,USA,8.14,None,135.75,0.096,376943.0,0.82,1.8,2024,Large,37,3567,31,185659,Yes,No,Yes,TT,5.3,7.3,3.9,3.76,93.4,Air Freight,3.39,7.9
SUP_03038254,Vietnam Handwoven Baskets Exports Ltd.,Vietnam,46021162,Handwoven Baskets,Handicrafts,1924208.11,357633.0,21.04,Germany,11.44,None,91.75,0.0787,328180.0,0.91,4.5,2024,Small,6,2404,8,52272,No,No,Yes,LC,4.9,8.5,3.8,0.84,88.2,Sea Freight,2.13,9.5
SUP_793BB0E4,Netherlands Leather Shoes Exports Ltd.,Netherlands,64035167,Leather Shoes,Leather,2637893.0,837781.0,0.26,UK,1.52,None,135.17,0.0237,267676.0,0.73,4.64,2024,Enterprise,12,8693,24,115376,No,Yes,Yes,Advance,3.6,4.2,4.8,2.42,92.1,Sea Freight,3.14,9.9
SUP_80821C2F,Mexico Black Pepper Exports Ltd.,Mexico,09041184,Black Pepper,Spices,3073596.12,569063.0,21.82,Canada,14.2,None,132.9,0.0989,243969.0,0.72,1.54,2024,Large,45,7449,16,79090,No,Yes,No,Net 30,4.8,8.0,4.7,1.84,99.7,Land,0.57,9.5
SUP_C4DE07C8,Vietnam Cardamom Exports Ltd.,Vietnam,09083156,Cardamom,Spices,4330637.72,301350.0,10.4,UAE,13.56,None,48.13,0.025,390475.0,0.77,2.23,2024,Enterprise,29,6529,9,121522,No,Yes,Yes,LC,5.0,4.2,4.8,4.64,85.2,Sea Freight,1.86,6.0
SUP_B5F4A05E,Mexico Dried Mangoes Exports Ltd.,Mexico,08045059,Dried Mangoes,Processed Foods,661924.21,804542.0,3.11,Canada,5.03,Low,128.12,0.0806,263487.0,0.91,1.53,2024,Large,48,5285,42,100568,Yes,Yes,No,LC,7.8,8.6,4.8,4.49,85.3,Air Freight,4.13,5.5
SUP_582699EA,Vietnam Silk Scarves Exports Ltd.,Vietnam,62141057,Silk Scarves,Textiles,792316.26,699689.0,19.04,Japan,1.31,None,108.6,0.0763,228852.0,0.95,3.47,2024,Medium,39,8549,28,77743,Yes,Yes,Yes,LC,4.1,7.6,3.6,2.22,95.2,Air Freight,0.72,5.4
SUP_163F28F9,Spain Turmeric Powder Exports Ltd.,Spain,09103077,Turmeric Powder,Spices,1366873.64,957264.0,0.92,Canada,9.08,None,43.57,0.0709,82121.0,0.83,3.03,2024,Small,13,4239,23,87720,No,Yes,Yes,LC,7.2,4.4,3.8,1.67,99.8,Air Freight,2.28,9.2
SUP_9DF66C87,Egypt Black Tea Exports Ltd.,Egypt,09023062,Black Tea,Agriculture,2779945.04,399266.0,1.55,UK,12.37,None,79.82,0.0689,408367.0,0.77,4.02,2024,Small,5,2028,38,140236,No,Yes,No,Advance,3.5,7.8,4.6,0.16,96.1,Sea Freight,1.93,8.9
SUP_181AD768,Spain Black Pepper Exports Ltd.,Spain,09041197,Black Pepper,Spices,3224780.86,169078.0,12.08,France,12.6,None,111.46,0.0532,311984.0,0.79,2.96,2024,Medium,16,3794,9,142509,Yes,No,Yes,Advance,5.8,8.5,4.2,0.8,96.2,Land,4.77,9.4
SUP_01B280BD,Mexico Turmeric Powder Exports Ltd.,Mexico,09103090,Turmeric Powder,Spices,1172227.68,483474.0,-4.58,Japan,12.26,Low,23.08,0.0951,163767.0,0.73,2.57,2024,Medium,19,6526,19,55683,Yes,Yes,No,Net 30,4.4,6.4,4.6,2.22,99.1,Air Freight,2.69,8.3
SUP_FAEC7B3B,India Black Pepper Exports Ltd.,India,09041118,Black Pepper,Spices,4788276.42,840319.0,9.3,UK,2.12,None,74.39,0.0295,307166.0,0.7,2.23,2024,Medium,23,6089,34,81941,Yes,Yes,Yes,Net 30,7.8,8.3,4.1,4.86,85.9,Land,2.17,6.2
SUP_8516B05D,Spain Turmeric Powder Exports Ltd.,Spain,09103039,Turmeric Powder,Spices,4595657.56,427718.0,14.02,Canada,11.8,None,86.79,0.0398,151909.0,0.96,4.86,2024,Medium,47,4883,22,178080,Yes,No,Yes,LC,5.3,4.7,4.0,2.69,91.9,Multi-modal,0.8,6.9
SUP_5AF4ACB9,Netherlands Handwoven Baskets Exports Ltd.,Netherlands,46021145,Handwoven Baskets,Handicrafts,3703584.28,481453.0,20.43,USA,7.11,None,0.96,0.0421,375400.0,0.84,1.58,2024,Large,22,8941,27,190590,Yes,No,Yes,LC,4.8,4.3,4.8,2.67,92.5,Air Freight,4.06,7.1
SUP_3746148D,Brazil Cotton Shirts Exports Ltd.,Brazil,62052043,Cotton Shirts,Textiles,1419080.11,410486.0,-4.24,France,9.66,None,55.61,0.0798,127392.0,0.83,2.53,2024,Medium,40,8276,27,78244,No,Yes,Yes,Advance,4.7,6.9,4.0,0.18,85.8,Multi-modal,2.99,6.8
SUP_C858D2A3,Netherlands Turmeric Powder Exports Ltd.,Netherlands,09103058,Turmeric Powder,Spices,2975572.04,759439.0,8.03,UK,5.93,None,125.49,0.0131,198325.0,0.79,4.03,2024,Small,34,1915,15,180200,Yes,Yes,Yes,TT,8.6,5.2,4.6,4.86,90.0,Land,2.05,5.3
SUP_AF586B1E,Egypt Cinnamon Exports Ltd.,Egypt,09061117,Cinnamon,Spices,2861057.05,772995.0,18.69,France,2.32,Low,122.25,0.0504,110423.0,0.92,4.47,2024,Medium,17,1925,42,56350,Yes,No,Yes,LC,3.3,7.8,4.9,4.78,87.1,Multi-modal,1.95,8.8
SUP_BEFCCE52,Mexico Phone Cases Exports Ltd.,Mexico,39269012,Phone Cases,Electronics,2796111.26,403708.0,9.77,France,10.72,None,10.66,0.028,68877.0,0.76,3.33,2024,Small,24,2320,44,146499,Yes,No,Yes,TT,6.2,8.6,4.6,1.48,93.3,Land,1.22,6.0
SUP_550F0CB5,Brazil Leather Handbags Exports Ltd.,Brazil,42022152,Leather Handbags,Leather,1380975.95,372988.0,6.78,France,4.28,None,90.7,0.0686,318333.0,0.92,1.82,2024,Small,4,7348,13,103892,Yes,Yes,No,TT,8.3,8.1,4.0,0.37,94.3,Multi-modal,1.48,5.1
SUP_7D52B1BE,Vietnam Cotton Shirts Exports Ltd.,Vietnam,62052033,Cotton Shirts,Textiles,4371611.04,316376.0,9.99,France,5.83,None,147.64,0.0642,136642.0,0.97,2.92,2024,Large,44,5071,11,78117,No,No,No,LC,8.7,8.7,4.0,1.97,93.5,Air Freight,0.94,6.8
SUP_C8FA5ED4,Vietnam Leather Belts Exports Ltd.,Vietnam,42033064,Leather Belts,Leather,3838309.19,490931.0,-2.72,Canada,9.8,None,5.73,0.0208,124364.0,0.78,4.72,2024,Medium,9,1497,37,95765,Yes,Yes,Yes,Net 30,4.6,7.5,4.2,3.68,87.3,Sea Freight,2.29,6.9
SUP_1AB92768,Mexico Denim Jeans Exports Ltd.,Mexico,62034265,Denim Jeans,Textiles,4237030.47,532458.0,0.25,USA,8.65,None,9.92,0.0793,197232.0,0.91,3.88,2024,Medium,19,1399,24,99301,Yes,Yes,Yes,LC,8.2,8.2,4.2,4.77,92.3,Air Freight,3.72,8.7
SUP_5AEE9722,Brazil Black Tea Exports Ltd.,Brazil,09023021,Black Tea,Agriculture,3191220.85,578420.0,19.62,UAE,2.46,None,56.01,0.0596,126386.0,0.79,3.56,2024,Enterprise,13,7582,30,172548,No,Yes,Yes,Advance,7.1,6.0,4.9,0.52,88.8,Air Freight,2.0,6.8
SUP_D9847EE6,Mexico Natural Honey Exports Ltd.,Mexico,04090079,Natural Honey,Processed Foods,4378099.82,272256.0,21.69,UK,7.6,Low,93.95,0.0639,333226.0,0.88,3.98,2024,Medium,15,7493,12,159832,No,No,No,LC,6.5,5.3,4.3,4.72,96.0,Multi-modal,2.7,6.6
SUP_1EFE89EF,Egypt Black Pepper Exports Ltd.,Egypt,09041160,Black Pepper,Spices,2854044.62,959162.0,6.78,UAE,5.27,None,112.86,0.0196,385790.0,0.89,1.62,2024,Medium,47,1009,39,78259,Yes,No,No,Net 30,4.5,6.0,4.7,2.76,86.4,Air Freight,0.61,5.2
SUP_511D040C,Vietnam Wool Sweaters Exports Ltd.,Vietnam,61101133,Wool Sweaters,Textiles,4224454.71,813536.0,-2.86,UK,6.79,None,141.76,0.0695,55540.0,0.9,2.2,2024,Enterprise,25,4415,26,162334,Yes,No,No,LC,7.1,8.9,4.2,1.82,88.8,Land,4.38,6.9
SUP_EDF657CC,Netherlands Fruit Jam Exports Ltd.,Netherlands,20079922,Fruit Jam,Processed Foods,2402157.51,715644.0,13.61,UK,14.24,None,149.2,0.0442,305563.0,0.92,1.35,2024,Large,36,2508,12,114327,No,Yes,No,Advance,5.3,5.7,4.4,2.4,89.8,Land,1.47,7.1
SUP_2F279D10,Spain Cotton Shirts Exports Ltd.,Spain,62052026,Cotton Shirts,Textiles,3170430.79,808043.0,18.43,UAE,6.67,None,69.75,0.0727,253517.0,0.93,3.14,2024,Small,18,2927,40,178738,Yes,Yes,No,LC,4.7,5.7,3.7,0.86,97.5,Air Freight,2.67,6.2
SUP_B5D3E036,Netherlands Cinnamon Exports Ltd.,Netherlands,09061193,Cinnamon,Spices,4574344.83,909985.0,6.3,UK,2.74,None,102.61,0.0861,169921.0,0.91,4.23,2024,Small,8,3694,15,84602,No,No,No,Advance,6.0,8.0,4.1,3.57,98.4,Multi-modal,3.36,5.5
SUP_675F59C8,India Dried Mangoes Exports Ltd.,India,08045045,Dried Mangoes,Processed Foods,2463310.06,836150.0,7.67,USA,1.31,Low,99.87,0.0527,315873.0,0.97,4.63,2024,Medium,9,1395,17,72643,Yes,Yes,Yes,Net 30,6.3,6.4,5.0,3.32,93.7,Sea Freight,3.02,6.2
SUP_37A0632E,Brazil Ceramic Mugs Exports Ltd.,Brazil,69120027,Ceramic Mugs,Handicrafts,3859889.66,509688.0,-4.66,USA,7.65,None,78.92,0.0339,328144.0,0.7,4.52,2024,Medium,22,4992,37,105983,Yes,Yes,Yes,LC,4.0,6.8,4.4,4.31,86.1,Air Freight,4.36,5.7
SUP_8B23B417,Mexico Silk Scarves Exports Ltd.,Mexico,62141075,Silk Scarves,Textiles,4954401.17,176116.0,11.98,Germany,9.4,None,94.03,0.0944,484097.0,0.78,1.24,2024,Enterprise,4,6250,32,57252,Yes,Yes,Yes,Advance,6.6,8.3,4.6,0.72,94.2,Land,3.41,8.8
SUP_3E366428,Vietnam Wooden Furniture Exports Ltd.,Vietnam,94036086,Wooden Furniture,Handicrafts,2845663.21,621282.0,18.19,Canada,9.0,None,84.47,0.0734,457396.0,0.74,3.57,2024,Large,19,7443,24,171767,Yes,No,Yes,Net 30,8.5,8.3,4.2,2.49,96.3,Air Freight,2.61,5.5
SUP_68B058C4,Brazil Dried Mangoes Exports Ltd.,Brazil,08045078,Dried Mangoes,Processed Foods,2826489.11,762035.0,-3.11,France,4.02,None,43.7,0.0562,214129.0,0.97,2.3,2024,Medium,38,4133,29,130307,Yes,Yes,No,Net 30,4.6,6.1,4.5,3.86,98.3,Air Freight,4.11,8.4
SUP_2B36C6E1,Spain Handwoven Baskets Exports Ltd.,Spain,46021197,Handwoven Baskets,Handicrafts,2126691.23,669141.0,11.59,Germany,11.97,None,26.43,0.0752,202809.0,0.89,1.82,2024,Large,13,9142,30,114391,Yes,Yes,No,Advance,6.2,4.7,4.4,1.34,99.4,Land,0.51,5.9
SUP_DD89F9C7,Mexico Coffee Beans Exports Ltd.,Mexico,09011168,Coffee Beans,Agriculture,4706379.58,677392.0,12.51,UK,7.67,None,40.22,0.0983,379311.0,0.98,3.38,2024,Enterprise,29,7338,27,81311,Yes,Yes,No,LC,3.2,4.4,3.7,2.72,86.9,Sea Freight,4.67,8.4
SUP_68ABA992,India Handwoven Baskets Exports Ltd.,India,46021194,Handwoven Baskets,Handicrafts,3049553.03,110334.0,-1.66,UAE,10.79,None,36.48,0.0298,366492.0,0.87,2.07,2024,Large,17,3485,8,195151,Yes,Yes,Yes,Advance,4.2,7.1,4.9,0.55,96.0,Multi-modal,4.14,5.6
SUP_27880DA2,Netherlands Decorative Candles Exports Ltd.,Netherlands,34060062,Decorative Candles,Handicrafts,1494380.69,581827.0,13.29,Germany,13.76,None,0.97,0.0704,278166.0,0.87,3.4,2024,Enterprise,30,4496,21,76310,No,Yes,Yes,TT,7.4,5.9,4.4,1.96,93.1,Multi-modal,1.42,8.4
SUP_6C55AE81,Netherlands Cardamom Exports Ltd.,Netherlands,09083177,Cardamom,Spices,2040299.31,121722.0,9.97,UAE,5.82,None,31.22,0.023,90557.0,0.87,3.8,2024,Enterprise,12,7619,20,107128,Yes,Yes,Yes,Net 30,8.4,5.9,4.8,4.81,95.2,Air Freight,3.4,5.3
SUP_586671D9,Netherlands USB Cables Exports Ltd.,Netherlands,85444212,USB Cables,Electronics,2249914.45,461951.0,5.79,USA,7.36,None,136.42,0.0181,183654.0,0.8,2.08,2024,Large,32,3590,17,107445,No,Yes,No,TT,8.1,8.9,4.0,3.83,86.3,Air Freight,0.92,8.5
SUP_69F18A4B,Brazil Denim Jeans Exports Ltd.,Brazil,62034220,Denim Jeans,Textiles,2863642.41,367539.0,8.59,UK,2.12,None,130.72,0.0267,264677.0,0.79,3.08,2024,Medium,7,1854,43,96122,Yes,Yes,Yes,TT,4.4,8.0,3.8,3.59,86.0,Sea Freight,1.71,8.9
SUP_6C70C008,India Fruit Jam Exports Ltd.,India,20079969,Fruit Jam,Processed Foods,2990473.94,486851.0,16.7,Germany,8.0,None,118.14,0.0393,140069.0,0.92,3.05,2024,Small,34,9265,10,153233,Yes,Yes,Yes,TT,4.5,7.0,4.1,3.94,91.9,Land,1.29,5.5
SUP_A7FD567D,Vietnam Decorative Candles Exports Ltd.,Vietnam,34060091,Decorative Candles,Handicrafts,3227048.4,144327.0,-2.99,Canada,2.04,None,79.57,0.0541,445448.0,0.81,3.17,2024,Enterprise,35,8645,40,142782,No,Yes,No,Advance,7.5,6.6,4.1,2.57,92.4,Sea Freight,1.43,8.0
SUP_135F3E88,Netherlands Black Pepper Exports Ltd.,Netherlands,09041148,Black Pepper,Spices,1019912.88,532446.0,6.48,UK,5.6,None,30.21,0.0114,278347.0,0.92,4.0,2024,Enterprise,39,3291,26,153903,Yes,Yes,Yes,Advance,4.5,6.0,4.6,1.92,88.0,Air Freight,2.37,5.3
SUP_7A858833,Spain Ceramic Mugs Exports Ltd.,Spain,69120022,Ceramic Mugs,Handicrafts,1829381.39,155699.0,5.52,Canada,13.31,Low,12.18,0.0365,480489.0,0.85,2.91,2024,Enterprise,6,6775,28,100719,Yes,Yes,Yes,LC,3.9,7.6,3.9,0.22,88.3,Multi-modal,0.61,7.0
SUP_61FE184D,Mexico Leather Handbags Exports Ltd.,Mexico,42022154,Leather Handbags,Leather,3297977.02,398767.0,6.04,Japan,7.75,None,66.04,0.0539,450367.0,0.85,3.67,2024,Small,11,7191,28,165307,No,Yes,Yes,TT,3.6,5.9,4.1,0.31,89.5,Air Freight,1.38,7.8
SUP_AEBD6852,Netherlands Cardamom Exports Ltd.,Netherlands,09083129,Cardamom,Spices,2421101.72,695787.0,2.65,Germany,0.01,None,128.9,0.0339,303055.0,0.93,1.88,2024,Medium,45,9085,14,70963,Yes,No,Yes,Net 30,8.1,8.8,3.9,2.84,98.2,Multi-modal,3.34,6.6
SUP_6A9033AA,Spain Ceramic Mugs Exports Ltd.,Spain,69120097,Ceramic Mugs,Handicrafts,4259113.95,718428.0,10.6,UK,12.09,None,37.17,0.0833,277474.0,0.84,2.31,2024,Large,33,7630,10,128732,No,Yes,No,TT,8.1,5.1,4.9,2.38,87.3,Sea Freight,3.64,7.5
SUP_A02C7A83,Spain Cardamom Exports Ltd.,Spain,09083161,Cardamom,Spices,2386811.89,447302.0,3.97,Germany,2.44,None,139.3,0.016,214603.0,0.97,1.23,2024,Enterprise,29,3523,33,174039,No,Yes,Yes,Net 30,4.4,8.4,4.2,4.8,93.8,Land,2.44,6.2
SUP_0DDFB8A0,Egypt Decorative Candles Exports Ltd.,Egypt,34060031,Decorative Candles,Handicrafts,2012500.79,727029.0,4.81,Canada,12.8,None,12.81,0.0764,128667.0,0.86,2.97,2024,Small,46,3488,10,50547,Yes,Yes,Yes,Net 30,7.1,8.6,4.5,3.36,86.3,Air Freight,4.52,6.7
SUP_ABA8B024,Egypt Denim Jeans Exports Ltd.,Egypt,62034220,Denim Jeans,Textiles,4946831.01,744206.0,-4.99,Germany,11.84,Low,123.72,0.0541,190158.0,0.87,3.46,2024,Small,41,5660,15,67024,Yes,No,Yes,LC,6.0,5.1,3.9,2.03,90.0,Air Freight,3.63,9.1
SUP_205F9561,South Korea Semiconductors Solutions 711 Ltd.,South Korea,854110,Semiconductors,Electronics Components,14290767.5,395575.01,-4.96,UK,2.24,None,6.7308163044735405,0.0653,589293.9,0.88,3.66,2024,Large,8,1357,42,243297,Yes,No,No,LC,5.5,6.2,4.7,4.44,97.59,Sea Freight,483.21,6.0
SUP_22DDDCE7,China Copper Cathodes Solutions 454 Ltd.,China,740311,Copper Cathodes,Industrial Raw Materials,2962887.02,249908.04,1.0,USA,9.72,Medium,78.14693559611186,0.0396,102827.2,0.9,2.11,2024,SME,9,4040,28,248271,No,No,Yes,LC,8.0,8.3,4.0,4.1,90.6,Land,457.72,8.4
SUP_2D8CC33A,China Copper Cathodes Solutions 593 Ltd.,China,740311,Copper Cathodes,Industrial Raw Materials,1511680.82,332073.26,9.32,UK,9.2,None,85.12423118818192,0.0978,783599.3,0.9,4.19,2024,SME,40,2881,12,78870,No,Yes,No,Net 30,7.0,8.4,4.3,4.02,88.35,Sea Freight,158.09,5.0
SUP_A1CA2C8D,China Food Additives Solutions 327 Ltd.,China,210690,Food Additives,Agro & Food Processing,8804696.59,180925.34,2.47,UK,2.35,Medium,94.82695130041144,0.0602,806321.5,0.84,1.45,2024,Enterprise,22,1148,53,133305,Yes,Yes,No,Net 30,5.3,5.9,4.7,3.18,83.38,Sea Freight,131.26,7.6
SUP_81C0DF90,USA PVC Resins Solutions 641 Ltd.,USA,390410,PVC Resins,Industrial Raw Materials,11874609.16,326606.25,3.07,USA,3.49,None,47.94586024986963,0.0972,286427.9,0.97,3.69,2024,Enterprise,44,2815,19,318425,Yes,No,Yes,Net 30,6.3,4.6,4.2,4.31,82.02,Air Freight,142.62,8.7
SUP_5E572D04,Pakistan Denim Fabrics Solutions 114 Ltd.,Pakistan,520942,Denim Fabrics,Textile Inputs,4654710.65,183971.45,5.01,China,3.13,Low,53.63324440555089,0.0936,959511.9,0.84,4.15,2024,Large,7,678,32,75943,Yes,Yes,No,LC,4.9,8.2,4.9,2.93,96.34,Land,233.3,5.1
SUP_39C7084E,Germany Power Tools Solutions 485 Ltd.,Germany,846721,Power Tools,Hardware & Tools,1681065.89,232749.39,5.46,USA,7.09,None,8.70731306407274,0.0346,212582.3,0.93,1.27,2024,Enterprise,26,4126,46,388322,Yes,No,No,LC,6.3,7.5,4.4,4.38,97.35,Air Freight,487.73,8.0
SUP_694D65D4,Indonesia Polyester Yarn Solutions 129 Ltd.,Indonesia,540233,Polyester Yarn,Textile Inputs,2415109.45,206059.95,3.78,UK,9.88,Medium,23.184880423086707,0.0681,188270.5,0.94,4.58,2024,Large,9,170,20,231337,No,Yes,Yes,LC,8.3,7.9,3.5,4.47,80.15,Air Freight,154.99,6.1
SUP_839A8A18,Japan Semiconductors Solutions 823 Ltd.,Japan,854110,Semiconductors,Electronics Components,4392081.01,91997.7,0.52,Germany,14.02,Low,32.3502747537799,0.0944,918606.7,0.92,1.26,2024,SME,46,1167,56,70604,No,Yes,No,TT,5.8,5.9,4.2,2.55,87.79,Sea Freight,243.98,8.6
SUP_DBA33792,China Food Additives Solutions 635 Ltd.,China,210690,Food Additives,Agro & Food Processing,2086308.18,35384.33,13.57,UK,7.73,Low,93.23473004881141,0.0642,651963.0,0.82,3.86,2024,Enterprise,49,4714,30,92462,No,No,No,TT,7.5,5.1,4.7,3.02,80.34,Air Freight,463.64,8.0
SUP_34AF022C,Spain Dry Fruits (Almonds) Solutions 578 Ltd.,Spain,080211,Dry Fruits (Almonds),Agro & Food Processing,12285556.65,166940.36,13.1,USA,8.73,None,95.85998762364684,0.0133,494940.6,0.95,3.11,2024,SME,26,421,31,347850,Yes,No,No,LC,7.6,7.2,4.1,3.46,86.09,Land,71.74,7.1
SUP_C7A36CF7,Russia Aluminum Ingots Solutions 982 Ltd.,Russia,760110,Aluminum Ingots,Industrial Raw Materials,14954244.56,310452.69,3.83,Germany,8.03,Low,52.14041761128832,0.0795,255570.8,0.99,1.97,2024,Enterprise,40,4077,37,183041,Yes,Yes,Yes,LC,8.4,8.2,3.7,4.95,81.52,Sea Freight,25.06,8.7
SUP_AF6B0FF2,USA Dry Fruits (Almonds) Solutions 968 Ltd.,USA,080211,Dry Fruits (Almonds),Agro & Food Processing,11926474.95,149361.59,11.73,USA,13.44,Low,58.49777465673325,0.0315,628889.1,0.81,4.14,2024,Enterprise,8,4464,20,349106,No,No,No,TT,6.6,7.0,4.5,0.57,81.13,Land,173.73,9.8
SUP_42ADAFC1,Vietnam Polyester Yarn Solutions 692 Ltd.,Vietnam,540233,Polyester Yarn,Textile Inputs,5573100.97,344988.11,11.5,USA,4.37,Low,93.95654521629643,0.0424,112777.0,0.86,3.27,2024,SME,11,3304,18,63276,No,No,No,TT,6.3,6.9,4.7,2.51,96.13,Land,230.84,9.2
SUP_82C9EBBF,Indonesia Raw Cocoa Beans Solutions 978 Ltd.,Indonesia,180100,Raw Cocoa Beans,Agro & Food Processing,11347203.01,86984.95,-0.25,USA,14.02,Medium,40.855282918069996,0.0516,433793.3,0.98,4.91,2024,Enterprise,30,2624,24,326564,Yes,No,Yes,Net 30,4.0,7.6,3.6,1.54,93.1,Land,320.82,6.7
SUP_DD3E17B8,India Denim Fabrics Solutions 535 Ltd.,India,520942,Denim Fabrics,Textile Inputs,11198024.87,251989.07,9.28,USA,6.04,None,52.88956597959223,0.0416,237340.9,0.98,1.96,2024,Large,31,2517,30,260985,Yes,Yes,Yes,TT,4.7,7.5,3.9,2.48,87.08,Sea Freight,104.15,7.8
SUP_92FC598C,South Korea IoT Sensors Solutions 291 Ltd.,South Korea,902610,IoT Sensors,Electronics Components,14205409.2,350292.4,10.5,UK,4.22,Low,38.84061063916142,0.0911,350944.7,0.87,4.32,2024,Enterprise,32,2327,49,288489,No,Yes,Yes,LC,5.9,6.1,3.7,4.02,91.87,Land,176.43,6.6
SUP_C2D9AA50,India Denim Fabrics Solutions 680 Ltd.,India,520942,Denim Fabrics,Textile Inputs,11403716.97,30244.74,5.67,USA,3.16,Medium,30.59030959343058,0.0428,231601.1,0.83,2.32,2024,SME,33,4482,60,403311,No,Yes,No,Net 30,6.6,7.0,3.8,1.4,95.23,Sea Freight,306.08,5.7
SUP_84E7A3DE,China LED Drivers Solutions 508 Ltd.,China,850440,LED Drivers,Electronics Components,7726772.64,129115.76,4.7,China,7.11,Medium,2.6969974142169892,0.0424,322965.7,0.83,3.0,2024,Large,11,1806,47,329652,No,Yes,No,Advance,6.4,8.4,3.5,0.99,81.97,Air Freight,62.45,5.7
SUP_68163F6D,Taiwan PCB Boards Solutions 903 Ltd.,Taiwan,853400,PCB Boards,Electronics Components,9796366.43,144710.56,-0.46,Germany,10.66,Low,70.89509480753415,0.0864,898733.2,0.84,2.11,2024,Enterprise,17,118,39,248423,No,No,No,TT,7.1,4.7,3.9,1.02,80.51,Air Freight,228.5,9.1
SUP_9BCEA528,Japan IoT Sensors Solutions 833 Ltd.,Japan,902610,IoT Sensors,Electronics Components,8554560.39,156746.5,0.66,Germany,3.62,Medium,90.73940575113939,0.0211,884550.8,0.86,2.53,2024,Enterprise,42,4903,31,438066,No,No,Yes,Net 30,5.1,6.1,4.3,1.09,89.74,Sea Freight,441.68,7.4
SUP_F57CD3EB,India Silk Fabrics Solutions 540 Ltd.,India,500720,Silk Fabrics,Textile Inputs,11645147.56,118176.79,12.29,UK,6.84,Medium,67.4173626280941,0.0173,747536.4,0.95,4.13,2024,SME,43,1812,46,488855,Yes,Yes,No,TT,4.4,6.8,3.6,3.63,89.85,Land,296.0,7.1
SUP_69226DE1,Germany Active Pharma Ingredients (API) Solutions 123 Ltd.,Germany,293339,Active Pharma Ingredients (API),Pharma & Chemicals,7320347.3,371377.83,-0.49,China,4.58,None,8.03634561110251,0.0164,221341.3,0.87,2.24,2024,SME,21,4546,60,340067,Yes,No,No,TT,5.3,5.1,4.1,3.43,81.7,Sea Freight,460.87,5.8
SUP_DCE86487,Germany Power Tools Solutions 896 Ltd.,Germany,846721,Power Tools,Hardware & Tools,10200721.89,348822.74,1.87,India,12.88,Low,72.77178801174365,0.0235,251233.8,0.96,2.52,2024,Large,13,4400,53,37048,No,No,Yes,LC,7.0,4.9,4.1,4.92,86.28,Air Freight,52.64,9.5
SUP_626AE141,Germany Food Processing Equipment Solutions 393 Ltd.,Germany,843810,Food Processing Equipment,Machinery & Spares,2446485.15,110401.76,11.35,Germany,9.17,Low,36.216641588275955,0.0255,421253.4,0.91,1.73,2024,SME,14,1725,37,138670,No,No,No,TT,4.6,7.1,4.5,1.43,80.89,Sea Freight,326.19,7.0
SUP_89B413C2,South Korea Semiconductors Solutions 517 Ltd.,South Korea,854110,Semiconductors,Electronics Components,11549230.36,498459.96,6.97,Germany,11.92,None,59.49919236011968,0.0607,716087.6,0.84,3.27,2024,Enterprise,6,982,27,91172,No,No,Yes,Net 30,8.3,6.6,3.9,1.4,84.29,Air Freight,88.64,6.1
SUP_2C244C78,Germany Power Tools Solutions 512 Ltd.,Germany,846721,Power Tools,Hardware & Tools,8770573.4,425273.5,13.22,UK,3.59,Medium,3.752010229059138,0.0565,994240.6,0.81,1.64,2024,SME,16,2560,12,122858,Yes,Yes,Yes,Advance,8.7,4.8,4.4,3.12,95.61,Sea Freight,224.72,8.2
SUP_DFA44784,Vietnam PCB Boards Solutions 706 Ltd.,Vietnam,853400,PCB Boards,Electronics Components,2958254.27,254995.65,8.63,China,3.03,None,64.54753144387489,0.0367,230548.5,0.89,4.64,2024,Large,44,2614,27,343091,No,Yes,Yes,Advance,4.6,4.3,4.0,2.06,90.95,Air Freight,274.2,7.8
SUP_33685992,Taiwan PCB Boards Solutions 533 Ltd.,Taiwan,853400,PCB Boards,Electronics Components,11676223.58,190950.88,9.49,China,7.76,Low,89.79122774545561,0.0346,558556.5,0.98,3.01,2024,Large,36,644,56,300562,Yes,Yes,Yes,Net 30,7.1,7.3,4.5,2.55,85.31,Sea Freight,254.16,8.9
SUP_5BFB9935,Australia Dry Fruits (Almonds) Solutions 774 Ltd.,Australia,080211,Dry Fruits (Almonds),Agro & Food Processing,7196557.86,407402.9,2.61,India,11.52,Medium,50.314327207981165,0.0798,167997.9,0.86,3.5,2024,Large,6,2404,12,308431,Yes,No,No,Net 30,8.3,4.4,3.8,3.13,94.55,Sea Freight,126.62,9.1
SUP_1EEFBEB8,Canada Aluminum Ingots Solutions 668 Ltd.,Canada,760110,Aluminum Ingots,Industrial Raw Materials,1080220.4,419018.43,-3.21,India,3.16,Medium,34.997833362580714,0.0958,879213.3,0.86,3.05,2024,Enterprise,7,2441,48,54636,No,No,No,TT,8.8,4.2,3.7,1.57,87.18,Land,209.13,8.8
SUP_2B4F9FFA,China Polyester Yarn Solutions 958 Ltd.,China,540233,Polyester Yarn,Textile Inputs,11486128.8,325278.45,0.71,China,8.49,Low,64.13442000304721,0.0268,355950.1,0.84,1.38,2024,Enterprise,43,968,19,432405,Yes,Yes,No,Advance,6.7,8.4,4.9,3.59,80.73,Land,180.32,5.6
SUP_43496B77,India Industrial Fasteners Solutions 359 Ltd.,India,731815,Industrial Fasteners,Hardware & Tools,7197516.88,452212.0,2.05,USA,14.89,None,83.28890334095942,0.0168,336094.0,0.92,3.68,2024,Enterprise,34,2247,52,82694,Yes,Yes,Yes,LC,8.9,4.9,3.8,0.81,97.15,Sea Freight,125.57,9.4
SUP_5FE22238,Indonesia Polyester Yarn Solutions 293 Ltd.,Indonesia,540233,Polyester Yarn,Textile Inputs,13567908.83,370912.72,13.4,Germany,11.72,Medium,79.8880878767851,0.0813,147152.6,0.88,4.47,2024,SME,42,2375,36,90534,No,No,Yes,Advance,9.0,8.1,4.7,3.07,90.23,Air Freight,184.12,8.1
SUP_3B9E6392,USA Semiconductors Solutions 697 Ltd.,USA,854110,Semiconductors,Electronics Components,9989362.62,446366.04,4.48,India,9.6,Low,81.40372781181603,0.08,130700.1,0.81,4.69,2024,SME,23,3250,45,473570,Yes,Yes,Yes,LC,5.9,8.1,3.6,0.68,97.21,Air Freight,402.53,8.9
SUP_70D73AFF,Japan PVC Resins Solutions 639 Ltd.,Japan,390410,PVC Resins,Industrial Raw Materials,8703528.8,41964.41,-1.29,UK,8.92,Low,75.765152949188,0.0593,534852.2,0.83,2.39,2024,Large,21,437,49,155478,No,No,No,Net 30,8.4,4.2,4.6,1.62,86.35,Air Freight,132.64,5.1
SUP_5BCC73A7,Pakistan Denim Fabrics Solutions 243 Ltd.,Pakistan,520942,Denim Fabrics,Textile Inputs,8592262.37,433634.21,-4.18,China,10.41,None,21.480546198295496,0.0738,400024.6,0.94,2.03,2024,Large,45,3668,23,180353,Yes,No,No,Advance,7.3,5.1,4.2,4.42,91.73,Land,52.12,7.7
SUP_A2F38ABE,Vietnam PCB Boards Solutions 893 Ltd.,Vietnam,853400,PCB Boards,Electronics Components,1294544.36,273055.88,10.32,India,11.86,Low,50.09278809634057,0.0612,810346.8,0.87,1.05,2024,SME,17,3633,50,394157,No,Yes,No,TT,5.0,6.0,3.6,3.99,97.72,Air Freight,148.38,10.0
SUP_ED3AFBE4,South Korea Semiconductors Solutions 188 Ltd.,South Korea,854110,Semiconductors,Electronics Components,13624110.69,131031.4,1.06,China,3.92,None,15.270891797241035,0.0226,362124.0,0.97,2.3,2024,Enterprise,18,1482,21,310640,Yes,No,No,Advance,8.5,5.5,4.6,1.39,83.92,Sea Freight,233.99,7.2
SUP_FD77692A,Germany Power Tools Solutions 918 Ltd.,Germany,846721,Power Tools,Hardware & Tools,5809753.98,117047.45,12.78,Germany,11.32,Medium,89.67293724384466,0.0357,526263.7,0.86,3.36,2024,Enterprise,24,1159,14,435724,No,No,No,Advance,8.2,8.5,4.1,1.2,87.91,Air Freight,480.73,6.1
SUP_3BC7290F,China LED Drivers Solutions 243 Ltd.,China,850440,LED Drivers,Electronics Components,9080853.76,344985.6,-3.08,USA,9.43,None,43.53517787570627,0.0102,149920.9,0.93,3.27,2024,Large,10,4656,37,40510,Yes,No,No,TT,4.4,8.6,4.6,1.02,96.21,Air Freight,15.01,6.5
SUP_6C58BB84,China Packaging Machines Solutions 880 Ltd.,China,842230,Packaging Machines,Machinery & Spares,7616104.37,325331.79,4.96,UK,13.92,None,20.50455735809985,0.0813,458353.9,0.98,3.37,2024,SME,30,4761,29,169452,No,No,Yes,Advance,7.4,6.4,3.6,4.92,83.51,Air Freight,258.24,7.4
SUP_790FEEFC,Japan Power Tools Solutions 250 Ltd.,Japan,846721,Power Tools,Hardware & Tools,14649712.42,427894.45,-4.6,Germany,2.77,None,67.62304138773136,0.0244,440129.8,0.94,2.32,2024,Enterprise,16,4426,29,333553,Yes,No,Yes,TT,6.3,6.7,4.1,1.43,92.27,Sea Freight,296.96,5.7
SUP_188B75BC,China Copper Cathodes Solutions 665 Ltd.,China,740311,Copper Cathodes,Industrial Raw Materials,14592640.28,174280.26,-4.61,UK,13.58,Medium,90.46373424573063,0.0327,892157.8,0.82,4.77,2024,Large,46,3789,35,343375,No,Yes,Yes,LC,5.6,7.5,4.3,3.93,90.43,Air Freight,342.34,7.6
SUP_230F3D27,China CNC Machine Tools Solutions 310 Ltd.,China,845811,CNC Machine Tools,Machinery & Spares,1921533.7,9343.41,5.54,UK,10.03,None,63.667296942411994,0.0221,140295.5,0.96,4.8,2024,SME,12,1295,28,300871,Yes,Yes,No,LC,8.4,8.7,4.5,4.48,81.96,Sea Freight,292.14,7.9
SUP_64F7D946,Vietnam Polyester Yarn Solutions 339 Ltd.,Vietnam,540233,Polyester Yarn,Textile Inputs,6958018.09,346224.71,-3.52,India,3.2,None,1.187623627146932,0.0114,969988.4,0.8,2.26,2024,SME,17,713,41,129451,No,No,No,Advance,7.8,5.6,4.3,1.91,94.93,Sea Freight,379.7,6.4
SUP_6DAE1060,USA Dry Fruits (Almonds) Solutions 964 Ltd.,USA,080211,Dry Fruits (Almonds),Agro & Food Processing,12589228.85,336401.64,4.45,UK,14.16,None,37.61646810486804,0.0747,395063.0,0.82,1.41,2024,Large,39,3333,58,436036,No,No,Yes,Advance,4.6,6.0,3.5,3.6,81.56,Air Freight,112.65,9.2
SUP_BC25DF7E,Taiwan CNC Machine Tools Solutions 722 Ltd.,Taiwan,845811,CNC Machine Tools,Machinery & Spares,12486659.96,483206.77,1.19,UK,12.78,Low,93.68322111918074,0.0385,126416.3,0.91,4.38,2024,Large,19,1213,40,238702,No,No,No,Net 30,5.3,7.0,4.1,0.65,94.22,Sea Freight,382.96,8.7
SUP_97D17765,Chile Copper Cathodes Solutions 726 Ltd.,Chile,740311,Copper Cathodes,Industrial Raw Materials,10294582.02,335654.97,5.11,India,2.69,Low,93.87538339089076,0.0594,715537.3,0.95,4.82,2024,Enterprise,11,3389,23,18583,Yes,No,No,Advance,7.9,4.3,4.5,4.48,86.64,Air Freight,144.11,9.0
SUP_B1E7F11B,Germany Food Additives Solutions 406 Ltd.,Germany,210690,Food Additives,Agro & Food Processing,9417928.26,35028.73,14.66,UK,8.68,None,5.164580218398859,0.0735,211643.2,0.85,4.06,2024,Enterprise,16,3439,14,319434,No,Yes,No,Advance,8.1,7.2,5.0,3.83,86.63,Sea Freight,430.98,8.4
SUP_83C233EA,China Food Additives Solutions 593 Ltd.,China,210690,Food Additives,Agro & Food Processing,4188713.07,97319.31,2.28,UK,7.05,Medium,97.25568828948828,0.0101,546053.5,0.98,1.37,2024,Enterprise,15,595,16,485940,Yes,No,Yes,Advance,5.6,8.4,3.8,2.35,87.89,Sea Freight,245.02,8.2
SUP_BAF38D51,India Denim Fabrics Solutions 348 Ltd.,India,520942,Denim Fabrics,Textile Inputs,2743929.65,7467.64,2.1,India,10.3,Medium,91.66384494128681,0.0759,562611.0,0.87,1.14,2024,SME,36,3412,37,198294,No,No,No,LC,6.8,6.0,3.6,3.36,90.09,Land,436.82,9.8
SUP_ABB50C13,Russia Aluminum Ingots Solutions 373 Ltd.,Russia,760110,Aluminum Ingots,Industrial Raw Materials,12383615.63,136672.81,14.18,USA,14.25,Medium,95.15889057332782,0.0546,724710.7,0.86,2.29,2024,SME,16,1149,58,32319,Yes,Yes,Yes,TT,6.7,7.2,4.8,4.89,94.89,Air Freight,416.82,6.9
SUP_8F8D6D51,Japan Power Tools Solutions 524 Ltd.,Japan,846721,Power Tools,Hardware & Tools,1464238.66,195915.77,-2.2,UK,9.29,None,61.787436235687,0.072,710710.2,0.98,2.41,2024,SME,34,3942,58,97247,Yes,Yes,Yes,Advance,4.6,5.2,4.4,2.59,81.88,Air Freight,408.8,9.8
SUP_28F91E8F,Vietnam PCB Boards Solutions 621 Ltd.,Vietnam,853400,PCB Boards,Electronics Components,9317819.4,141908.36,-0.82,USA,8.42,Medium,73.53658800085165,0.0555,170337.0,0.93,2.89,2024,Enterprise,42,3132,53,430950,No,No,Yes,Advance,5.7,6.8,4.2,1.54,97.83,Sea Freight,195.72,6.7
SUP_512ABF0D,Chile Copper Cathodes Solutions 548 Ltd.,Chile,740311,Copper Cathodes,Industrial Raw Materials,2647088.82,441545.92,10.81,UK,12.66,Low,67.66124294716623,0.0465,256600.8,0.87,4.84,2024,Large,40,2155,15,179303,No,Yes,Yes,LC,6.5,4.1,4.8,1.61,91.16,Sea Freight,303.03,7.8
SUP_1E7CE653,USA Food Additives Solutions 359 Ltd.,USA,210690,Food Additives,Agro & Food Processing,3327845.85,257854.39,-4.38,USA,4.26,None,17.730505646626863,0.0959,313623.5,0.87,3.38,2024,Large,39,4061,46,411553,No,Yes,Yes,Net 30,5.6,8.5,4.9,4.9,97.17,Sea Freight,91.44,8.2
SUP_3780C23F,Germany LED Drivers Solutions 272 Ltd.,Germany,850440,LED Drivers,Electronics Components,11643616.1,356998.51,7.04,USA,7.37,Medium,98.99756600908403,0.0501,424004.8,0.81,3.51,2024,SME,32,174,58,453577,No,No,Yes,LC,7.9,6.9,3.7,4.36,92.12,Sea Freight,358.32,9.4
SUP_CF301D13,China Food Additives Solutions 447 Ltd.,China,210690,Food Additives,Agro & Food Processing,1195344.9,460249.02,8.94,Germany,7.54,None,70.69702690641053,0.0612,719594.5,0.99,3.24,2024,Enterprise,47,2186,28,209258,No,Yes,Yes,TT,6.5,6.5,4.4,1.66,98.21,Land,177.89,8.8
SUP_C95FA5BC,Germany Packaging Machines Solutions 785 Ltd.,Germany,842230,Packaging Machines,Machinery & Spares,6545596.19,138666.98,-4.58,Germany,8.37,Low,19.87999811987774,0.0661,588552.1,0.86,3.58,2024,Large,8,2284,25,431978,Yes,No,No,Advance,6.2,4.7,4.8,1.04,90.89,Land,84.25,5.9
SUP_B17915DA,Germany Food Additives Solutions 318 Ltd.,Germany,210690,Food Additives,Agro & Food Processing,1856918.81,480801.33,12.82,USA,14.89,Low,4.42067560141577,0.0554,986956.1,0.85,4.86,2024,Large,28,388,31,410857,No,Yes,Yes,TT,8.9,5.0,4.0,1.39,95.67,Air Freight,465.89,7.1
SUP_5DDBAE8D,Canada Aluminum Ingots Solutions 120 Ltd.,Canada,760110,Aluminum Ingots,Industrial Raw Materials,13982179.48,433007.15,3.7,USA,3.74,Medium,83.0013639587483,0.0345,695871.2,0.85,3.92,2024,Large,43,1959,23,114512,No,Yes,No,Advance,7.6,4.9,4.6,4.93,95.43,Land,475.31,7.6
SUP_1D0B4D52,India Aluminum Ingots Solutions 309 Ltd.,India,760110,Aluminum Ingots,Industrial Raw Materials,3574534.39,217388.05,1.49,UK,7.9,Low,24.37802906396028,0.0968,490299.7,0.88,3.76,2024,Large,26,520,45,215796,Yes,No,Yes,TT,5.9,8.4,4.6,2.73,90.92,Sea Freight,453.58,6.6
SUP_430F865C,USA Semiconductors Solutions 656 Ltd.,USA,854110,Semiconductors,Electronics Components,8900172.89,145103.2,7.19,Germany,6.01,None,70.19865058607313,0.0116,513456.0,0.91,3.67,2024,SME,37,1949,26,373111,Yes,Yes,No,Net 30,6.6,7.0,4.5,1.2,86.66,Air Freight,149.74,7.6
SUP_AC6E7F3E,Taiwan Semiconductors Solutions 587 Ltd.,Taiwan,854110,Semiconductors,Electronics Components,14708527.3,333796.62,11.47,USA,14.35,None,58.53130890903489,0.0979,703283.7,0.8,4.91,2024,Large,9,2068,53,18359,No,No,Yes,LC,8.0,7.3,4.2,0.96,98.24,Sea Freight,44.2,8.0
SUP_745B9DAA,USA Power Tools Solutions 454 Ltd.,USA,846721,Power Tools,Hardware & Tools,6530139.62,148505.95,-0.44,Germany,4.85,Medium,73.36096634019846,0.0672,210173.6,0.82,2.85,2024,Enterprise,22,2281,49,410928,Yes,Yes,Yes,Advance,6.8,5.6,3.7,1.88,92.76,Air Freight,130.41,7.8
SUP_1CCDFB6C,China Industrial Fasteners Solutions 895 Ltd.,China,731815,Industrial Fasteners,Hardware & Tools,14963989.98,483683.01,-4.51,India,9.27,Medium,43.46051775009689,0.061,544452.1,0.85,2.37,2024,SME,8,4663,29,266025,Yes,No,Yes,TT,6.5,7.6,4.1,0.86,92.15,Air Freight,150.09,5.0
SUP_824E4668,China Copper Cathodes Solutions 468 Ltd.,China,740311,Copper Cathodes,Industrial Raw Materials,9975543.16,430396.59,4.31,Germany,4.78,Medium,78.24056840381067,0.0731,299709.5,0.85,3.45,2024,Enterprise,47,1191,59,120911,Yes,No,Yes,TT,5.9,5.3,3.8,1.32,95.73,Land,2.92,7.4
SUP_72C850F5,USA PVC Resins Solutions 334 Ltd.,USA,390410,PVC Resins,Industrial Raw Materials,12424851.9,111920.02,14.41,Germany,6.34,Medium,11.932012400490466,0.0682,342752.2,0.89,3.16,2024,Enterprise,39,2018,31,409837,Yes,Yes,Yes,Advance,7.7,4.9,5.0,1.49,95.46,Land,288.13,5.5
SUP_CC34E5F2,Japan Specialty Chemicals Solutions 294 Ltd.,Japan,382499,Specialty Chemicals,Industrial Raw Materials,11140619.25,447439.43,5.59,India,14.75,Low,76.16301795202084,0.0321,786011.1,0.96,3.81,2024,Large,13,1631,18,454315,Yes,Yes,No,Advance,7.6,6.9,4.6,4.96,87.08,Sea Freight,396.53,8.1
SUP_E550814F,Italy Food Processing Equipment Solutions 190 Ltd.,Italy,843810,Food Processing Equipment,Machinery & Spares,2223859.99,385399.83,-2.0,China,10.47,None,74.25142217779955,0.0195,112219.8,0.84,4.69,2024,SME,49,1977,16,186609,No,Yes,No,Net 30,4.0,4.1,3.6,1.32,95.78,Land,80.39,8.3
SUP_0FEB1863,China PCB Boards Solutions 596 Ltd.,China,853400,PCB Boards,Electronics Components,9119471.2,63211.0,1.61,India,7.76,Low,23.318857956497204,0.0893,900139.0,0.99,2.23,2024,Large,30,2755,45,39265,No,No,No,Net 30,5.7,8.7,4.6,2.65,81.87,Land,410.81,7.1
SUP_F14C417B,India Denim Fabrics Solutions 869 Ltd.,India,520942,Denim Fabrics,Textile Inputs,1776762.44,216613.46,2.58,China,12.06,None,48.6711181730598,0.0819,611731.1,0.87,3.83,2024,Large,23,4821,32,314632,No,No,Yes,LC,6.5,7.3,4.7,1.07,87.07,Land,442.92,5.6
SUP_C50C5173,Italy Food Processing Equipment Solutions 803 Ltd.,Italy,843810,Food Processing Equipment,Machinery & Spares,8328659.54,435189.21,7.58,UK,11.77,None,3.9954691422073942,0.0981,214429.7,0.84,4.29,2024,SME,38,3310,56,387163,Yes,Yes,No,Advance,8.5,4.5,3.9,3.56,82.36,Air Freight,340.55,5.6
SUP_85A6EE04,USA PVC Resins Solutions 713 Ltd.,USA,390410,PVC Resins,Industrial Raw Materials,9987894.83,153231.54,11.4,India,12.73,None,92.76708363872064,0.0372,225485.0,0.86,2.14,2024,Large,37,3876,31,423035,No,No,No,LC,4.3,7.0,3.7,1.41,93.22,Sea Freight,106.26,7.0
SUP_332C4779,South Korea PCB Boards Solutions 744 Ltd.,South Korea,853400,PCB Boards,Electronics Components,1125194.56,188850.45,-4.79,UK,6.23,Low,24.327016237260775,0.0831,325109.7,0.98,4.81,2024,Large,39,808,33,62366,No,Yes,Yes,TT,6.7,5.2,4.7,1.83,98.45,Sea Freight,465.12,8.3
SUP_6F8E9DD9,USA Food Additives Solutions 928 Ltd.,USA,210690,Food Additives,Agro & Food Processing,10281914.91,243008.33,13.35,USA,3.87,Low,85.60361487117326,0.0436,765724.0,0.81,3.02,2024,Large,21,3128,56,166589,Yes,Yes,No,Net 30,5.2,8.1,3.6,4.02,80.66,Sea Freight,356.42,7.0
SUP_13A5B869,China Power Tools Solutions 158 Ltd.,China,846721,Power Tools,Hardware & Tools,12335876.46,126263.9,4.47,China,3.85,Medium,38.09221666839831,0.0461,677557.5,0.9,1.61,2024,SME,23,3511,16,335055,Yes,No,Yes,Net 30,7.9,7.7,4.4,3.21,90.77,Air Freight,35.01,7.7
SUP_D6A821DA,USA IoT Sensors Solutions 259 Ltd.,USA,902610,IoT Sensors,Electronics Components,14974224.88,237273.95,14.14,USA,6.29,Medium,65.04263621444628,0.0477,258351.8,0.87,4.6,2024,Large,5,2293,25,331826,Yes,Yes,No,LC,5.6,7.2,3.8,1.17,93.88,Sea Freight,292.31,7.0
SUP_1C3E9014,Chile Copper Cathodes Solutions 126 Ltd.,Chile,740311,Copper Cathodes,Industrial Raw Materials,3506904.04,496130.16,0.55,China,4.88,None,40.09482685668453,0.089,957624.4,0.98,1.32,2024,SME,39,740,28,334377,No,No,No,TT,8.1,5.3,4.3,2.56,93.3,Land,78.37,7.2
SUP_F3FB1172,Chile Copper Cathodes Solutions 601 Ltd.,Chile,740311,Copper Cathodes,Industrial Raw Materials,11542701.22,463890.79,-3.71,UK,6.76,None,82.64818985861686,0.068,470959.5,0.91,1.6,2024,Enterprise,6,4766,35,187711,No,No,No,Net 30,6.9,6.7,4.2,3.93,90.14,Air Freight,445.26,9.2
SUP_C99EF0D0,South Korea IoT Sensors Solutions 211 Ltd.,South Korea,902610,IoT Sensors,Electronics Components,14190145.08,144247.86,4.22,USA,4.65,None,48.92980480377627,0.0846,997146.0,0.88,4.71,2024,Enterprise,36,3722,11,273325,Yes,No,Yes,Advance,7.0,5.4,3.8,1.7,80.16,Air Freight,435.5,6.0
SUP_B9580244,Italy Silk Fabrics Solutions 930 Ltd.,Italy,500720,Silk Fabrics,Textile Inputs,14212782.92,349349.33,14.45,USA,7.64,None,40.25599752235743,0.0893,572892.9,0.92,4.57,2024,Large,35,2535,43,274069,No,No,No,TT,7.8,7.0,4.1,2.87,94.14,Air Freight,398.84,7.7
SUP_98BA4844,Iran Dry Fruits (Almonds) Solutions 611 Ltd.,Iran,080211,Dry Fruits (Almonds),Agro & Food Processing,12849370.22,359888.66,-3.08,Germany,8.45,Medium,23.19897145733461,0.0394,747877.5,0.99,3.59,2024,Large,23,136,60,472246,Yes,Yes,Yes,TT,7.3,6.1,3.7,3.37,93.45,Air Freight,499.63,6.9
SUP_C69AA756,Taiwan PCB Boards Solutions 616 Ltd.,Taiwan,853400,PCB Boards,Electronics Components,13040470.1,78033.64,-1.34,Germany,8.54,None,51.12909547435728,0.0884,351247.4,0.94,3.7,2024,SME,23,1023,58,470093,Yes,Yes,Yes,TT,6.3,5.7,4.2,1.98,88.87,Land,178.96,7.3
SUP_06F8A8A8,India Polyester Yarn Solutions 173 Ltd.,India,540233,Polyester Yarn,Textile Inputs,14549963.85,479954.86,14.83,UK,11.39,Low,49.080484516118894,0.0215,168611.5,0.94,3.06,2024,Enterprise,49,2245,44,367890,No,No,No,Advance,7.5,8.6,4.5,3.0,83.09,Air Freight,73.03,9.5
SUP_C6E97C80,Australia Dry Fruits (Almonds) Solutions 786 Ltd.,Australia,080211,Dry Fruits (Almonds),Agro & Food Processing,3755911.76,216665.86,14.42,Germany,5.08,Low,9.247794944443257,0.0315,622744.8,0.8,1.83,2024,Large,28,1441,46,44167,No,No,Yes,Advance,5.7,7.3,4.1,0.77,90.68,Sea Freight,94.56,7.9
SUP_38D1B0D4,Japan Semiconductors Solutions 352 Ltd.,Japan,854110,Semiconductors,Electronics Components,14389779.27,382410.68,-3.08,USA,9.73,Low,90.98494076784392,0.0826,148373.2,0.95,4.02,2024,Large,7,3433,40,351915,No,No,No,Net 30,4.6,6.8,5.0,3.8,91.05,Land,271.7,9.1
SUP_AE86259A,Pakistan Denim Fabrics Solutions 957 Ltd.,Pakistan,520942,Denim Fabrics,Textile Inputs,6763558.99,111558.38,-4.14,China,9.91,Medium,45.040246115185546,0.0932,338943.1,0.86,3.32,2024,SME,13,772,48,484385,No,No,Yes,Advance,8.2,4.5,4.9,1.17,83.74,Air Freight,445.52,7.5
SUP_FB8701DF,USA Specialty Chemicals Solutions 165 Ltd.,USA,382499,Specialty Chemicals,Industrial Raw Materials,7751332.16,376210.99,-2.2,China,14.39,Low,72.56019172421459,0.0432,371640.3,0.94,3.88,2024,Enterprise,14,1317,55,82447,No,Yes,Yes,Net 30,4.2,6.9,4.3,4.02,98.7,Land,296.53,5.6
SUP_EDC72CCA,USA Active Pharma Ingredients (API) Solutions 374 Ltd.,USA,293339,Active Pharma Ingredients (API),Pharma & Chemicals,14341589.02,313772.49,14.36,UK,3.6,None,20.976282944025787,0.0725,987575.2,0.87,1.79,2024,Large,34,4165,28,391763,Yes,No,No,Advance,6.1,5.3,3.6,3.02,85.69,Air Freight,67.58,8.8
SUP_13765F74,South Korea IoT Sensors Solutions 913 Ltd.,South Korea,902610,IoT Sensors,Electronics Components,7532591.7,61740.64,0.37,UK,3.79,Low,68.4359441635832,0.0654,100756.6,0.94,1.77,2024,Enterprise,32,964,19,35891,No,No,Yes,TT,5.7,6.9,4.4,0.97,94.76,Air Freight,206.22,9.0
SUP_EEA5A7E6,Japan Semiconductors Solutions 191 Ltd.,Japan,854110,Semiconductors,Electronics Components,9262800.92,40478.06,-4.79,China,9.45,Low,94.41434706773953,0.0165,415814.5,0.8,3.6,2024,Enterprise,50,1508,42,205171,No,No,No,LC,8.9,8.1,4.2,0.83,86.31,Sea Freight,352.7,6.4
SUP_7C80CE32,USA Food Processing Equipment Solutions 767 Ltd.,USA,843810,Food Processing Equipment,Machinery & Spares,3285938.22,124171.25,-3.19,UK,7.13,Low,91.2270499444532,0.027,684684.6,0.9,1.76,2024,Large,19,2434,14,325718,No,No,No,LC,6.3,6.3,3.9,3.49,85.91,Land,233.54,6.4
SUP_E98886B2,India Aluminum Ingots Solutions 740 Ltd.,India,760110,Aluminum Ingots,Industrial Raw Materials,2516230.16,296681.84,-1.56,USA,8.44,None,73.34872247550312,0.0893,811899.1,0.98,3.56,2024,Enterprise,7,1854,17,304328,No,Yes,Yes,LC,8.0,5.8,4.8,3.85,92.75,Air Freight,402.62,7.3
SUP_E8406F9A,China PCB Boards Solutions 505 Ltd.,China,853400,PCB Boards,Electronics Components,12959439.37,97714.17,11.21,China,12.51,Low,94.84778424356922,0.0806,978750.2,0.93,2.42,2024,Large,11,4066,14,322160,Yes,Yes,Yes,Advance,5.6,4.6,3.9,4.85,92.3,Land,381.81,6.4
SUP_6DAB9871,Germany CNC Machine Tools Solutions 110 Ltd.,Germany,845811,CNC Machine Tools,Machinery & Spares,4354140.94,273952.89,2.88,Germany,5.0,None,60.87528236224441,0.0867,911018.4,0.8,4.62,2024,Large,40,4701,58,78350,No,Yes,Yes,TT,8.7,7.3,4.9,3.72,89.48,Land,307.07,6.1
SUP_E1B28FB8,Japan IoT Sensors Solutions 521 Ltd.,Japan,902610,IoT Sensors,Electronics Components,9867066.23,363423.15,5.32,UK,5.12,None,83.54900437083899,0.0613,551397.1,0.82,3.32,2024,Enterprise,13,603,13,220113,No,Yes,Yes,LC,5.5,6.8,3.8,2.68,95.49,Air Freight,62.83,5.4
SUP_19FA3002,Germany Industrial Fasteners Solutions 743 Ltd.,Germany,731815,Industrial Fasteners,Hardware & Tools,13002491.17,406301.94,2.72,UK,14.91,Medium,90.68000701111,0.0291,773603.1,0.91,1.61,2024,Enterprise,5,263,38,405353,No,Yes,Yes,LC,5.2,5.5,4.3,2.96,90.94,Air Freight,448.75,8.9
SUP_A272C075,Australia Copper Cathodes Solutions 265 Ltd.,Australia,740311,Copper Cathodes,Industrial Raw Materials,3694547.66,333424.52,6.72,Germany,9.55,Medium,22.850851638015868,0.0566,273941.6,0.95,4.24,2024,Large,8,4074,48,305964,No,Yes,No,TT,7.5,7.3,4.3,1.25,80.03,Land,388.65,6.3
SUP_24454D57,Russia Iron Sheets Corp 280 Ltd.,Russia,7208,Iron Sheets,metals,12721280.3,286354.61,8.28,China,6.16,None,14.561337796263805,0.0591,907269.1,0.98,3.82,2024,SME,44,1640,17,454306,Yes,No,No,TT,7.4,7.6,4.0,2.45,86.61,Land,486.77,9.4
SUP_D17D3E0F,Brazil Iron Ore Corp 456 Ltd.,Brazil,2601,Iron Ore,metals,13316879.81,19508.34,3.23,UK,10.26,Medium,94.87440212917075,0.0912,671060.6,0.89,4.59,2024,SME,17,1071,17,494396,No,Yes,No,LC,4.2,7.3,3.6,1.64,96.94,Sea Freight,358.15,8.1
SUP_F1E62935,Russia Iron Sheets Corp 541 Ltd.,Russia,7208,Iron Sheets,metals,4439589.97,328938.98,-3.86,UK,9.79,None,30.28985793812868,0.0437,569184.4,0.92,1.41,2024,Large,13,314,10,179192,Yes,No,No,TT,7.9,7.8,3.6,4.17,85.73,Sea Freight,151.25,8.7
SUP_6E47B784,China Iron Sheets Corp 267 Ltd.,China,7208,Iron Sheets,metals,2903879.38,92714.53,8.67,Germany,5.5,Medium,33.744330504922935,0.0537,327173.0,0.88,2.25,2024,SME,38,599,40,412703,Yes,No,No,LC,8.8,5.6,3.9,4.86,87.6,Sea Freight,374.16,5.5
SUP_485DDF32,China Iron Ore Corp 308 Ltd.,China,2601,Iron Ore,metals,8910611.46,49899.63,-1.17,USA,9.81,Low,18.671876646835624,0.0579,514154.7,0.98,4.36,2024,SME,11,2089,26,166241,Yes,Yes,Yes,Advance,4.6,5.4,4.0,3.17,88.78,Air Freight,317.33,5.8
SUP_B10B462D,China Iron Ore Corp 605 Ltd.,China,2601,Iron Ore,metals,7010085.4,324862.2,5.69,Germany,13.08,None,28.692180457879626,0.0249,203676.6,0.84,3.14,2024,SME,12,1072,31,423139,Yes,Yes,Yes,LC,7.4,5.5,4.3,1.31,90.69,Land,362.61,8.7
SUP_B6B888AD,China Iron Ore Corp 629 Ltd.,China,2601,Iron Ore,metals,8354408.18,401525.71,-0.78,Germany,8.56,None,77.76528865649345,0.0756,214914.2,0.91,3.17,2024,SME,41,1317,39,137503,Yes,Yes,No,Net 30,7.8,6.7,4.7,2.11,94.16,Land,14.59,8.6
SUP_23103CCB,Brazil Iron Ore Corp 859 Ltd.,Brazil,2601,Iron Ore,metals,10918277.99,286103.03,11.49,USA,2.96,Medium,22.508779331192912,0.0547,724170.1,0.85,3.26,2024,Large,5,4078,52,207759,Yes,No,Yes,Advance,7.7,6.1,4.9,1.28,83.08,Sea Freight,415.22,6.7
SUP_7D1784AD,India Iron Sheets Corp 276 Ltd.,India,7208,Iron Sheets,metals,13848899.93,186542.8,11.11,China,10.0,Low,93.57178862434637,0.0776,123313.1,0.97,1.21,2024,SME,34,4269,28,262039,No,No,Yes,LC,4.4,7.3,4.5,3.98,96.2,Air Freight,165.71,7.3
SUP_D4BDDE56,China Iron Sheets Corp 201 Ltd.,China,7208,Iron Sheets,metals,13429076.98,242104.15,14.91,USA,14.01,Medium,38.7378349150018,0.0754,248836.5,0.85,4.82,2024,SME,30,3224,42,20104,No,Yes,No,Advance,8.5,7.9,4.3,1.06,84.0,Land,85.74,9.7
SUP_FFFE532B,India Iron Sheets Corp 312 Ltd.,India,7208,Iron Sheets,metals,1913087.86,29617.67,-1.02,UK,4.45,None,26.413096388342403,0.0886,961969.9,0.98,1.17,2024,Large,16,1367,42,244167,Yes,No,Yes,Net 30,7.7,6.7,4.3,0.84,96.55,Air Freight,364.44,8.0
SUP_907DFA75,China Iron Sheets Corp 455 Ltd.,China,7208,Iron Sheets,metals,8261933.71,499113.16,-4.74,India,7.89,None,10.046445618417136,0.0492,669990.9,0.94,4.59,2024,Large,50,3200,29,249048,Yes,Yes,No,LC,8.6,8.9,3.9,3.29,95.4,Sea Freight,472.14,8.2
SUP_6291F174,Brazil Iron Ore Corp 123 Ltd.,Brazil,2601,Iron Ore,metals,14605862.78,370686.21,5.16,India,13.59,None,73.50130988246109,0.0654,800711.4,0.87,2.0,2024,Enterprise,8,4909,36,367673,Yes,No,No,TT,5.2,6.9,3.5,3.25,96.39,Land,454.18,6.9
SUP_1542FD61,Brazil Iron Ore Corp 582 Ltd.,Brazil,2601,Iron Ore,metals,6446371.48,369560.53,5.54,UK,5.28,Medium,38.868715351227415,0.0535,296775.8,0.8,2.51,2024,Enterprise,43,2695,36,301700,No,No,No,Advance,4.3,5.4,4.2,0.59,83.31,Air Freight,499.14,9.8
SUP_FE2865CE,India Iron Sheets Corp 101 Ltd.,India,7208,Iron Sheets,metals,3388943.58,259912.57,6.31,USA,10.19,Low,59.829190232156904,0.023,486294.2,0.84,3.51,2024,SME,11,3378,28,116659,Yes,No,Yes,LC,5.6,6.0,4.5,4.28,94.15,Sea Freight,104.92,5.5
SUP_B9E275D5,India Iron Sheets Corp 138 Ltd.,India,7208,Iron Sheets,metals,6042318.75,497752.25,-2.31,UK,9.66,Low,21.648002413879365,0.0294,700510.9,0.98,3.31,2024,Enterprise,12,3370,56,145166,No,Yes,No,LC,5.6,4.6,4.3,3.65,85.94,Sea Freight,236.26,8.6
SUP_F8170F52,Russia Iron Sheets Corp 133 Ltd.,Russia,7208,Iron Sheets,metals,10651274.06,270811.24,-0.16,India,6.7,None,1.5244348449712875,0.0252,813500.4,0.84,3.84,2024,Enterprise,44,3265,37,463370,No,No,No,Advance,7.0,7.5,3.5,2.6,93.53,Sea Freight,331.48,6.9
SUP_9C97BE52,India Iron Ore Corp 437 Ltd.,India,2601,Iron Ore,metals,5695474.07,81404.63,12.88,China,5.86,Medium,10.180765155675838,0.0492,360518.1,0.88,1.49,2024,Large,49,1853,58,189071,Yes,No,No,TT,4.3,7.5,3.9,0.64,89.01,Sea Freight,36.31,9.7
SUP_1CC9E64B,India Iron Sheets Corp 887 Ltd.,India,7208,Iron Sheets,metals,5474433.17,152706.43,1.77,India,9.72,None,1.1578846203081166,0.0725,131920.2,0.99,4.29,2024,Large,11,1247,10,305643,Yes,No,No,Advance,8.0,4.2,3.6,0.92,95.53,Air Freight,404.19,7.9
SUP_39071B0C,India Iron Sheets Corp 562 Ltd.,India,7208,Iron Sheets,metals,9093872.34,242495.08,3.46,India,5.61,Low,26.29674771842778,0.0769,755922.8,0.94,1.53,2024,SME,10,1495,14,382133,Yes,No,Yes,Net 30,6.2,6.9,4.1,3.41,83.0,Land,111.23,8.9
SUP_6813CDCC,Brazil Iron Sheets Corp 264 Ltd.,Brazil,7208,Iron Sheets,metals,10472294.58,36459.68,-0.05,India,10.25,None,7.92230930113284,0.0515,575200.5,0.87,2.57,2024,Large,43,2327,41,242459,No,No,Yes,TT,8.4,5.0,3.9,0.75,89.36,Land,490.92,5.2
SUP_F568D5FD,China Iron Ore Corp 277 Ltd.,China,2601,Iron Ore,metals,13680375.07,5572.37,4.38,Germany,7.81,None,91.19991802140412,0.0839,750565.8,0.81,3.35,2024,SME,34,686,31,46033,No,No,Yes,LC,4.3,5.7,3.7,2.91,81.55,Sea Freight,418.87,8.4
SUP_25D023FD,Brazil Iron Sheets Corp 525 Ltd.,Brazil,7208,Iron Sheets,metals,1428129.73,240576.01,7.82,USA,7.01,None,94.10165518265987,0.0794,298832.6,0.88,1.7,2024,Enterprise,35,1284,28,267974,Yes,Yes,No,Net 30,7.2,7.9,4.2,1.6,93.4,Sea Freight,177.24,7.2
SUP_BE07B682,China Iron Ore Corp 202 Ltd.,China,2601,Iron Ore,metals,3331196.91,71022.28,0.14,USA,12.69,Medium,54.318212427443065,0.0385,573248.6,0.91,2.35,2024,SME,42,1561,43,39088,No,No,No,TT,5.8,5.9,4.4,4.31,91.5,Air Freight,421.25,6.3
SUP_B4FA6C77,China Iron Sheets Corp 353 Ltd.,China,7208,Iron Sheets,metals,9385008.84,395016.58,-2.35,USA,12.21,Medium,93.93150189331125,0.0433,973662.5,0.83,3.14,2024,Enterprise,12,4728,25,253683,Yes,No,No,Net 30,4.4,8.7,4.8,2.14,91.95,Air Freight,419.77,6.4
SUP_A0FAAE92,China Iron Sheets Corp 820 Ltd.,China,7208,Iron Sheets,metals,13571596.54,234149.36,3.53,UK,2.57,Medium,24.206818319582563,0.0634,744093.8,0.84,3.05,2024,Large,38,2531,40,200229,No,Yes,Yes,LC,7.7,4.8,3.9,1.0,80.9,Sea Freight,464.66,8.4
SUP_52A19A6C,Brazil Iron Ore Corp 396 Ltd.,Brazil,2601,Iron Ore,metals,9093405.04,23378.82,14.25,UK,11.2,Low,19.27876259323333,0.0365,394301.3,0.82,3.55,2024,SME,23,4443,21,71217,Yes,No,Yes,TT,5.4,8.6,4.2,4.2,80.8,Sea Freight,153.31,6.2
SUP_3C521F5A,India Iron Sheets Corp 120 Ltd.,India,7208,Iron Sheets,metals,2609828.05,131934.78,13.91,Germany,9.5,Medium,46.139342662215185,0.0705,926520.3,0.86,3.62,2024,SME,26,1563,39,492415,No,Yes,No,LC,6.0,8.5,4.4,1.44,86.47,Land,86.71,8.6
SUP_BD738DED,Brazil Iron Sheets Corp 801 Ltd.,Brazil,7208,Iron Sheets,metals,10686377.3,388356.35,7.98,Germany,3.76,Low,3.425088693825928,0.0682,299795.0,0.82,2.2,2024,SME,14,2509,29,361100,Yes,No,Yes,Net 30,4.8,4.9,4.1,2.3,82.76,Land,240.39,7.7
SUP_68D49E61,India Iron Ore Corp 901 Ltd.,India,2601,Iron Ore,metals,11210719.19,60060.12,5.31,UK,9.36,None,34.78262458611527,0.0176,748692.7,0.99,4.84,2024,Enterprise,49,2008,42,16146,No,No,Yes,LC,8.2,5.9,4.8,3.51,89.79,Air Freight,352.08,5.8
SUP_BA6644E3,Australia Iron Ore Corp 934 Ltd.,Australia,2601,Iron Ore,metals,10741243.65,61831.43,-0.46,China,2.86,None,42.815315594651366,0.0615,604197.4,0.9,1.87,2024,Large,31,742,29,22313,No,Yes,No,Net 30,6.4,7.5,3.8,1.55,96.3,Land,74.56,7.2
SUP_A85470E1,Australia Iron Ore Corp 596 Ltd.,Australia,2601,Iron Ore,metals,10736691.53,452858.41,-0.57,India,4.41,Low,51.12391211221106,0.0376,217559.1,0.81,2.25,2024,SME,17,4302,34,354617,No,Yes,Yes,Advance,4.1,4.2,3.6,1.16,93.92,Sea Freight,240.03,9.5
SUP_4F327AA2,Russia Iron Sheets Corp 124 Ltd.,Russia,7208,Iron Sheets,metals,11188851.61,110364.52,4.09,China,10.97,Low,33.74044018497389,0.069,226157.6,0.8,1.37,2024,SME,22,477,33,178532,No,No,No,Net 30,4.4,5.9,4.2,3.01,81.16,Sea Freight,336.63,9.8
SUP_D7DD0FFB,China Iron Sheets Corp 427 Ltd.,China,7208,Iron Sheets,metals,9572797.55,243352.29,-1.96,China,14.43,Medium,77.15667985853845,0.0752,400014.2,0.96,4.96,2024,SME,44,4237,51,304195,Yes,No,No,Advance,6.4,6.0,4.3,3.42,88.39,Sea Freight,99.92,6.5
SUP_346B8488,India Iron Sheets Corp 242 Ltd.,India,7208,Iron Sheets,metals,12513541.35,190368.55,14.81,USA,6.65,None,21.170868932719053,0.0596,834519.6,0.9,1.0,2024,Enterprise,13,4765,21,408982,Yes,No,No,Net 30,7.8,4.2,3.8,4.73,89.87,Land,117.72,5.8
SUP_74BCA159,Russia Iron Sheets Corp 492 Ltd.,Russia,7208,Iron Sheets,metals,6019725.28,36474.09,0.6,India,9.77,Medium,5.7107423593119915,0.0999,665973.4,0.91,3.47,2024,Large,18,437,33,152898,Yes,No,Yes,Advance,4.2,7.1,3.6,0.53,98.78,Land,28.75,7.0
SUP_4C1CAD7E,Brazil Iron Ore Corp 876 Ltd.,Brazil,2601,Iron Ore,metals,10104402.94,297319.2,13.22,UK,11.89,Medium,54.212728285776976,0.0967,799269.1,0.83,4.08,2024,Large,31,192,48,202712,Yes,Yes,Yes,TT,4.8,4.7,4.1,3.72,80.98,Sea Freight,161.29,5.2
SUP_9FB01E4D,India Iron Ore Corp 936 Ltd.,India,2601,Iron Ore,metals,2189294.86,384276.59,8.11,Germany,3.11,None,8.57169480880224,0.0464,117302.8,0.95,2.5,2024,SME,31,4684,12,433055,No,Yes,Yes,LC,8.3,4.6,3.5,3.59,93.34,Sea Freight,43.74,5.9
SUP_739E49AD,Australia Iron Ore Corp 929 Ltd.,Australia,2601,Iron Ore,metals,7015360.72,237009.1,2.49,India,14.98,Medium,32.54837760111097,0.0349,461035.0,0.86,4.58,2024,Large,38,691,57,63072,Yes,Yes,Yes,LC,7.5,7.6,4.9,2.27,84.01,Land,193.19,9.2
SUP_B42B74E0,China Iron Sheets Corp 714 Ltd.,China,7208,Iron Sheets,metals,9475954.09,140504.8,4.83,India,6.56,None,61.82861906327416,0.0233,356334.4,0.95,3.99,2024,SME,20,971,13,293636,No,No,Yes,Advance,4.2,8.1,4.6,4.03,89.61,Land,135.94,5.6
SUP_039E5FE6,India Iron Ore Corp 595 Ltd.,India,2601,Iron Ore,metals,7417621.8,140521.38,14.0,USA,11.78,Medium,43.73900504746041,0.0568,105527.6,0.83,1.71,2024,Large,46,1985,27,354667,Yes,Yes,Yes,Net 30,8.8,6.1,4.7,4.22,95.76,Sea Freight,94.33,7.8
SUP_DD094CA2,Brazil Iron Sheets Corp 297 Ltd.,Brazil,7208,Iron Sheets,metals,13499573.81,107406.02,-1.9,China,12.72,None,32.03573159635109,0.0127,663158.6,0.88,1.85,2024,Large,12,2602,18,363612,No,No,Yes,LC,7.2,7.8,4.9,1.92,94.08,Land,291.84,5.3
SUP_D1499F3B,Brazil Iron Sheets Corp 487 Ltd.,Brazil,7208,Iron Sheets,metals,9493940.31,176979.42,14.11,Germany,10.11,None,4.40556462508252,0.059,830956.3,0.89,4.56,2024,SME,16,4598,13,31452,No,Yes,No,Net 30,4.1,5.1,4.9,2.64,88.47,Sea Freight,408.9,7.5
SUP_59B2DF9D,China Iron Ore Corp 606 Ltd.,China,2601,Iron Ore,metals,7458895.9,194237.42,2.19,China,7.0,None,95.37195913225486,0.0211,733822.3,0.83,2.23,2024,SME,19,4494,46,484314,Yes,Yes,No,Net 30,4.4,6.0,4.9,4.5,81.53,Sea Freight,365.33,7.6
SUP_647E0435,Russia Iron Sheets Corp 829 Ltd.,Russia,7208,Iron Sheets,metals,12692375.02,441247.91,-3.42,China,4.02,Medium,2.1292462108229815,0.0241,542094.5,0.88,3.51,2024,Large,14,1211,49,173465,No,Yes,Yes,Advance,6.1,6.3,3.6,1.56,92.85,Air Freight,373.32,6.9
SUP_2EE220BE,Russia Iron Sheets Corp 468 Ltd.,Russia,7208,Iron Sheets,metals,8709591.82,51712.22,-1.64,USA,5.49,Medium,80.61227330958467,0.0874,597743.3,0.83,2.58,2024,Enterprise,36,2913,43,315571,No,No,Yes,TT,5.9,7.2,4.3,1.06,86.52,Air Freight,253.23,9.9
SUP_2D4F9FE8,China Iron Sheets Corp 999 Ltd.,China,7208,Iron Sheets,metals,11838431.42,373893.99,-1.01,China,2.89,Low,10.605704647836356,0.0188,913685.7,0.96,2.75,2024,SME,29,2967,24,84485,Yes,Yes,Yes,Advance,6.0,7.1,4.5,1.34,89.43,Air Freight,352.11,6.0
SUP_B1911015,India Iron Sheets Corp 221 Ltd.,India,7208,Iron Sheets,metals,9294327.7,171807.58,1.29,China,10.05,Medium,92.68888987904235,0.0206,531455.3,0.82,3.58,2024,Large,43,1072,33,285235,No,Yes,No,LC,6.1,8.7,4.5,1.27,85.06,Air Freight,363.87,5.3
SUP_13F1D7BD,Brazil Iron Sheets Corp 380 Ltd.,Brazil,7208,Iron Sheets,metals,14216167.93,185361.7,4.49,China,2.31,None,23.653107592548693,0.0106,123796.7,0.87,2.76,2024,SME,13,3404,57,368136,No,No,Yes,Net 30,5.3,6.4,4.9,2.64,82.01,Land,143.86,5.3
SUP_1C0EE8DC,China Iron Ore Corp 505 Ltd.,China,2601,Iron Ore,metals,1798378.5,350617.71,10.23,Germany,7.97,Medium,92.19622028375352,0.0702,615578.0,0.83,2.26,2024,Large,23,4820,19,436241,No,No,Yes,TT,7.9,6.7,4.3,4.12,94.31,Sea Freight,74.92,8.7
SUP_24DEB019,Italy Raw Cotton Traders,Italy,520100,Raw Cotton,Agriculture,1356056.93,436108.96,27.68,France,9.77,0,0.9,3.01,824.73,0.76,5.46,2023,SME,26,47635,13,105583,Yes,No,No,Net 30,6.6,5.2,3.11,7.27,98.76,Land,268.05,9.0
SUP_BE19DEC7,Australia Robusta Coffee Traders,Australia,090111,Robusta Coffee,Agriculture,6542284.69,355635.23,24.05,France,0.06,1,850.0,8.16,969.9,0.83,4.35,2023,SME,10,6763,13,180447,Yes,Yes,No,TT,7.6,5.2,4.04,1.19,93.13,Air,439.29,7.8
SUP_F7157F6A,Italy Urea Fertilizer Traders,Italy,310210,Urea Fertilizer,Chemicals,2561457.15,498805.81,-1.74,Japan,1.64,0,7.0,1.09,501.66,0.71,7.48,2023,Enterprise,20,30263,29,71813,No,No,No,TT,4.7,8.5,3.85,5.07,91.97,Land,197.04,7.4
SUP_8AC5D133,Vietnam Urea Fertilizer Traders,Vietnam,310210,Urea Fertilizer,Chemicals,7465566.99,387123.09,0.37,China,2.49,1,850.0,9.78,216.0,0.75,4.61,2023,Enterprise,30,48417,20,198483,No,No,No,TT,5.1,5.0,4.2,4.65,87.35,Land,165.14,6.4
SUP_C82DE750,Brazil Organic Turmeric Traders,Brazil,091030,Organic Turmeric,Spices,9895358.96,97376.57,29.93,Germany,7.4,0,56.0,7.35,465.86,0.81,9.56,2023,SME,37,27657,41,124770,No,No,Yes,LC,9.9,7.4,4.6,3.97,88.02,Land,496.05,4.3
SUP_FFBC10A9,Vietnam Black Pepper Traders,Vietnam,090411,Black Pepper,Spices,1644925.29,56078.8,9.86,UK,11.48,0,0.9,8.8,334.19,0.92,8.16,2023,SME,33,29743,42,91175,Yes,No,No,LC,7.3,9.5,3.98,2.79,84.44,Air,113.64,8.2
SUP_3D086159,Chile Cardamom Traders,Chile,090832,Cardamom,Spices,8024950.3,266805.34,22.19,UAE,9.62,0,56.0,6.37,456.33,0.79,3.96,2023,SME,12,9931,14,24419,No,No,Yes,Advance,5.7,6.7,3.84,6.07,80.01,Sea,83.29,8.9
SUP_9D23FE48,Australia Cinnamon Traders,Australia,090611,Cinnamon,Spices,6654164.42,202266.18,-3.89,France,6.84,1,83.0,8.27,475.9,0.97,5.99,2023,SME,46,6034,35,131333,Yes,Yes,Yes,TT,7.8,6.6,3.01,5.38,85.53,Air,463.0,9.2
SUP_B72F0E3A,Chile Milled Rice Traders,Chile,100630,Milled Rice,Agriculture,3652676.18,472877.97,29.19,UAE,0.94,0,0.9,0.89,323.02,0.82,9.74,2023,Enterprise,13,36105,40,146002,No,No,No,Net 30,8.6,4.6,3.95,0.39,88.64,Land,217.98,6.9
SUP_9EC780DB,Vietnam Organic Turmeric Traders,Vietnam,091030,Organic Turmeric,Spices,684643.22,326876.29,22.34,Japan,2.07,1,83.0,3.62,463.42,0.73,8.06,2023,SME,10,18383,20,95862,No,Yes,No,Net 30,6.5,7.5,4.56,1.39,98.45,Land,350.98,5.6
SUP_F94144DD,Ethiopia Organic Turmeric Traders,Ethiopia,091030,Organic Turmeric,Spices,7064702.89,33191.07,21.56,France,8.05,1,850.0,8.76,756.12,0.73,3.43,2023,Large,7,22706,32,142193,No,Yes,No,Net 30,8.1,10.0,4.03,6.42,94.49,Air,147.04,5.4
SUP_76337521,Ethiopia Robusta Coffee Traders,Ethiopia,090111,Robusta Coffee,Agriculture,1564925.31,6964.71,18.2,UAE,2.37,1,1.0,0.25,544.63,0.81,4.52,2023,Large,23,41177,30,107799,No,Yes,No,Net 30,6.2,5.1,4.33,3.05,96.65,Sea,458.64,7.2
SUP_D0B73F3A,Vietnam Cinnamon Traders,Vietnam,090611,Cinnamon,Spices,1826606.42,83478.88,-0.19,USA,7.31,0,850.0,8.73,307.54,0.73,4.89,2023,SME,50,7804,31,27483,Yes,No,Yes,Advance,4.4,7.9,4.69,4.13,95.18,Land,216.54,8.5
SUP_DC3144DD,Mexico Nutmeg Traders,Mexico,090811,Nutmeg,Spices,7293078.89,271996.66,21.44,UAE,5.97,0,83.0,3.14,253.72,0.78,4.39,2023,SME,46,25963,55,148946,No,No,No,TT,4.1,8.8,3.63,1.14,87.41,Air,79.79,5.0
SUP_8A502394,China Cardamom Traders,China,090832,Cardamom,Spices,9737965.27,282112.07,24.29,Germany,9.26,1,35.0,2.98,168.77,0.78,7.08,2023,Enterprise,40,37464,15,62510,Yes,No,Yes,LC,8.9,5.6,4.07,2.51,97.97,Sea,387.74,5.7
SUP_ABFAC259,Italy Nutmeg Traders,Italy,090811,Nutmeg,Spices,6719349.96,103713.11,13.59,China,6.9,1,56.0,6.22,990.54,0.95,4.94,2023,SME,13,14287,51,28509,Yes,Yes,Yes,Advance,4.7,7.0,3.71,5.72,94.79,Air,96.06,7.4
SUP_8DC26EBC,Germany Raw Sugar Traders,Germany,170114,Raw Sugar,Agriculture,897643.89,258696.31,27.31,China,9.01,1,56.0,3.71,665.63,0.77,8.92,2023,SME,4,31125,33,22823,Yes,No,Yes,Advance,4.6,8.2,4.35,7.0,89.57,Sea,18.12,4.2
SUP_9FC3596B,India Raw Sugar Traders,India,170114,Raw Sugar,Agriculture,3950030.41,175116.39,21.12,India,1.28,0,5.0,5.11,684.51,0.88,7.09,2023,Large,26,23708,48,95930,No,Yes,Yes,Advance,9.5,7.0,4.97,1.53,90.57,Air,275.35,9.5
SUP_732D5DE8,Vietnam Urea Fertilizer Traders,Vietnam,310210,Urea Fertilizer,Chemicals,7930079.49,43618.32,6.72,Brazil,5.03,1,35.0,9.21,426.6,0.82,5.81,2023,Enterprise,32,45563,52,129608,Yes,No,No,TT,5.5,4.9,3.88,4.92,91.68,Sea,200.73,9.9
SUP_C134764D,Australia Cinnamon Traders,Australia,090611,Cinnamon,Spices,8947991.47,325286.59,12.26,UK,1.47,1,24000.0,5.14,194.38,0.76,3.87,2023,Large,49,48390,31,170633,Yes,Yes,No,Net 30,6.6,7.2,3.83,5.12,89.84,Sea,65.17,9.5
SUP_DB5993B2,Brazil Wheat Traders,Brazil,100199,Wheat,Grains,8157362.21,7500.63,23.61,Mexico,8.13,1,35.0,2.7,512.99,0.9,1.69,2023,Large,49,41877,40,36376,Yes,No,No,TT,8.4,4.4,4.68,5.14,92.09,Land,47.7,6.9
SUP_72E5FC49,Germany Coriander Traders,Germany,090921,Coriander,Spices,1707444.09,446836.33,25.67,India,0.29,0,35.0,6.3,58.49,0.78,2.01,2023,Large,46,7631,13,20084,No,Yes,Yes,Advance,9.1,7.9,4.76,3.98,93.83,Sea,367.11,9.1
SUP_AA39D53C,Indonesia Cinnamon Traders,Indonesia,090611,Cinnamon,Spices,5918096.05,387504.56,20.56,Germany,0.15,0,83.0,2.18,498.24,0.89,2.1,2023,Large,10,31408,16,165431,Yes,No,Yes,Net 30,9.9,4.4,4.31,4.53,91.9,Air,112.38,8.7
SUP_A3A26A6F,Indonesia Cinnamon Traders,Indonesia,090611,Cinnamon,Spices,3759302.71,468897.35,-2.2,UAE,7.57,1,850.0,7.29,181.01,0.74,8.84,2023,Enterprise,35,31146,26,189099,Yes,No,Yes,Net 30,7.9,7.7,4.46,0.13,98.15,Sea,87.98,6.9
SUP_AADA3385,Indonesia Cloves Traders,Indonesia,090710,Cloves,Spices,3802787.81,84843.62,29.1,UAE,11.9,0,1.0,9.68,826.86,0.9,3.63,2023,SME,26,25248,23,52486,Yes,Yes,Yes,Advance,9.5,4.5,4.62,7.17,95.85,Land,225.63,8.3
SUP_C4CC3BA2,Vietnam Milled Rice Traders,Vietnam,100630,Milled Rice,Agriculture,5173792.32,299825.49,23.11,Brazil,0.74,0,5.0,5.11,871.43,0.81,9.56,2023,Large,19,12070,10,199364,No,No,Yes,LC,9.8,4.2,3.93,4.8,84.87,Land,273.79,9.6
SUP_76300B76,Australia Cloves Traders,Australia,090710,Cloves,Spices,9806677.13,189852.11,20.4,India,6.92,0,850.0,0.68,495.06,0.93,1.28,2023,Large,36,6471,28,28558,No,No,Yes,Net 30,4.1,5.7,4.36,4.88,80.94,Land,216.61,4.6
SUP_4E0068F3,Indonesia Coriander Traders,Indonesia,090921,Coriander,Spices,8527400.66,144150.16,24.55,Japan,4.89,0,1.0,7.95,773.62,0.85,6.18,2023,SME,30,25870,55,36645,No,No,Yes,Net 30,6.8,8.8,4.33,5.6,81.01,Land,60.26,10.0
SUP_72EAD8AB,Germany Cumin Traders,Germany,090931,Cumin,Spices,5823531.92,69741.11,4.81,UK,1.74,0,0.9,6.67,437.67,0.98,1.96,2023,SME,40,11194,55,65499,Yes,No,Yes,LC,8.8,4.9,3.57,6.18,88.59,Air,490.87,5.9
SUP_7C877E0C,Ethiopia Black Pepper Traders,Ethiopia,090411,Black Pepper,Spices,5024373.26,449421.03,15.13,UAE,7.65,0,56.0,1.03,98.1,0.79,2.88,2023,Large,25,25486,10,162779,Yes,No,No,LC,5.0,7.5,4.42,2.84,97.92,Air,484.83,6.2
SUP_911C693D,USA Raw Sugar Traders,USA,170114,Raw Sugar,Agriculture,4849221.73,477654.85,6.02,Germany,3.29,0,24000.0,3.32,981.18,0.8,6.11,2023,Large,9,47793,14,124357,Yes,Yes,No,Advance,4.1,5.3,3.94,6.73,93.79,Air,183.84,6.9
SUP_EF740945,Chile Raw Cotton Traders,Chile,520100,Raw Cotton,Agriculture,6954427.19,52922.16,13.22,Germany,9.83,1,56.0,0.87,728.79,0.96,3.06,2023,Large,9,43743,28,118338,Yes,Yes,Yes,TT,4.4,9.2,3.35,5.44,85.87,Air,413.23,4.0
SUP_649A5DB4,Australia Bulk Palm Oil Traders,Australia,151110,Bulk Palm Oil,Agriculture,4696211.64,469739.7,-0.82,France,14.34,0,15500.0,5.08,868.1,0.71,8.86,2023,SME,32,4476,27,199402,No,Yes,Yes,Advance,4.9,7.0,4.51,4.53,95.95,Land,149.94,6.7
SUP_E98979B7,Brazil Milled Rice Traders,Brazil,100630,Milled Rice,Agriculture,4201626.09,303253.78,16.32,Mexico,10.25,1,35.0,3.54,458.77,0.76,2.7,2023,SME,50,21024,58,50448,No,No,Yes,Advance,7.6,4.2,3.15,5.88,87.12,Air,468.2,8.4
SUP_F89F5FBC,China Cloves Traders,China,090710,Cloves,Spices,5654127.22,201546.33,20.47,Germany,2.86,0,83.0,0.51,359.44,0.95,1.14,2023,SME,24,24422,53,183238,No,Yes,No,LC,5.4,6.1,3.37,7.06,94.54,Land,81.34,4.1
SUP_2967F456,Mexico Raw Sugar Traders,Mexico,170114,Raw Sugar,Agriculture,5192366.75,32610.27,27.93,India,6.96,1,5.0,1.16,68.49,0.92,6.57,2023,SME,16,12221,44,154999,Yes,Yes,No,Net 30,6.7,4.5,3.66,0.99,85.78,Air,385.56,5.7
SUP_DDD6ECD9,Germany Cumin Traders,Germany,090931,Cumin,Spices,8139752.56,389203.19,14.19,Mexico,4.27,0,15500.0,1.5,573.3,0.85,2.5,2023,Large,35,9786,58,24385,No,No,Yes,Advance,7.0,9.7,3.47,3.43,87.81,Sea,474.78,5.3
SUP_6D2A4512,Taiwan Cinnamon Traders,Taiwan,090611,Cinnamon,Spices,8653776.13,13678.32,15.15,Japan,7.61,0,1.0,9.35,897.37,0.76,4.34,2023,SME,33,10559,35,37642,No,No,No,LC,5.5,4.8,3.36,0.69,92.49,Air,137.4,7.1
SUP_2E95F3FD,USA Cardamom Traders,USA,090832,Cardamom,Spices,727360.29,60261.87,13.12,Brazil,6.68,0,83.0,1.55,965.87,0.87,3.58,2023,SME,18,10874,26,124005,Yes,No,No,LC,9.0,7.9,4.63,1.0,96.55,Air,114.78,6.0
SUP_55A85D0C,China Raw Cotton Traders,China,520100,Raw Cotton,Agriculture,3413027.14,150901.74,12.08,Brazil,13.33,1,7.0,0.8,824.4,0.97,1.63,2023,Large,35,21230,59,75457,No,Yes,Yes,LC,4.4,9.6,3.55,4.12,86.46,Sea,476.86,5.8
SUP_8306AB3F,Indonesia Cumin Traders,Indonesia,090931,Cumin,Spices,3846253.39,424965.07,19.37,Brazil,7.86,1,35.0,3.23,802.36,0.79,5.63,2023,Large,48,44939,10,87459,Yes,No,No,LC,6.0,8.1,3.14,1.33,90.15,Sea,358.77,7.6
SUP_FC333393,Mexico Milled Rice Traders,Mexico,100630,Milled Rice,Agriculture,5616139.12,178484.47,12.11,UK,3.24,1,5.0,6.9,545.73,0.91,6.46,2023,Large,42,4210,48,45276,No,Yes,No,TT,4.2,5.3,4.56,4.46,80.9,Air,365.2,5.1
SUP_9F35E898,Australia Bulk Palm Oil Traders,Australia,151110,Bulk Palm Oil,Agriculture,4906105.93,348404.2,24.6,Mexico,4.23,1,83.0,3.33,682.01,0.96,7.37,2023,Large,6,14721,45,60903,Yes,No,No,LC,8.6,5.9,3.48,0.6,97.0,Land,365.29,6.4
SUP_E831A65A,India Cardamom Traders,India,090832,Cardamom,Spices,1981264.74,474373.36,18.15,Brazil,5.58,0,15500.0,3.05,110.3,0.81,5.77,2023,Large,5,19240,21,64309,Yes,No,Yes,LC,4.3,6.1,3.6,4.96,87.49,Air,16.03,8.4
SUP_BB0B1E76,Mexico Coriander Traders,Mexico,090921,Coriander,Spices,2110620.21,21212.71,28.27,Brazil,11.81,0,56.0,1.76,425.58,0.86,6.44,2023,Enterprise,9,27454,56,34626,No,No,Yes,Advance,7.4,4.6,3.28,3.23,81.28,Air,138.16,9.8
SUP_0B5DE256,Mexico Cumin Traders,Mexico,090931,Cumin,Spices,9113804.14,340309.93,4.52,UAE,2.39,0,7.0,7.9,608.11,0.81,7.35,2023,Large,49,43139,34,100433,No,Yes,No,Advance,7.0,4.9,3.82,7.8,89.28,Air,351.06,4.7
SUP_13BF8075,Ethiopia Wheat Traders,Ethiopia,100199,Wheat,Grains,5770771.78,183792.41,29.2,UAE,13.96,1,15500.0,1.04,690.8,0.93,8.97,2023,Enterprise,9,21815,18,34424,No,No,No,Advance,7.6,7.1,3.56,7.83,82.1,Air,37.13,7.3
SUP_6BC4E495,Ethiopia Coriander Traders,Ethiopia,090921,Coriander,Spices,3315627.36,58226.86,14.79,Mexico,9.08,0,35.0,6.32,295.44,0.84,5.68,2023,Large,20,2819,53,124885,Yes,Yes,Yes,Net 30,9.5,8.2,4.05,4.96,86.83,Land,252.69,8.2
SUP_FA0147EA,Chile Robusta Coffee Traders,Chile,090111,Robusta Coffee,Agriculture,9533045.42,492681.42,23.51,Mexico,7.67,1,35.0,5.23,129.45,0.97,2.69,2023,Large,38,30910,43,75702,No,Yes,No,LC,7.0,9.0,4.35,3.85,88.3,Land,426.96,6.5
SUP_1C001062,Chile Coriander Traders,Chile,090921,Coriander,Spices,2319105.73,307167.05,12.63,China,2.43,0,56.0,3.34,555.0,0.94,4.0,2023,Enterprise,46,11883,44,126083,No,Yes,No,LC,9.5,6.9,3.88,2.21,88.63,Land,214.76,6.2
SUP_4BFC974C,Mexico Cumin Traders,Mexico,090931,Cumin,Spices,9233621.84,60672.8,15.62,Brazil,1.93,0,35.0,5.49,760.41,0.71,9.17,2023,Enterprise,7,1460,28,84930,Yes,Yes,No,LC,8.6,7.2,4.9,5.06,86.43,Sea,191.3,5.2
SUP_969E9FF6,Vietnam Robusta Coffee Traders,Vietnam,090111,Robusta Coffee,Agriculture,7773195.22,318549.02,17.32,Brazil,9.51,0,0.9,4.82,861.07,0.82,2.45,2023,Large,16,19685,19,40266,No,No,No,Advance,6.5,6.5,3.05,7.65,92.21,Land,435.35,9.3
SUP_9A77FDEE,Brazil Urea Fertilizer Traders,Brazil,310210,Urea Fertilizer,Chemicals,2811791.54,422651.04,27.27,India,11.16,1,0.9,4.77,99.49,0.86,5.78,2023,Large,13,8689,48,103290,No,No,No,TT,4.2,8.2,4.26,1.7,81.63,Sea,321.8,8.4
SUP_39BC5FEF,Vietnam Raw Sugar Traders,Vietnam,170114,Raw Sugar,Agriculture,1000008.53,104070.39,4.34,UK,5.28,0,83.0,4.77,168.37,0.79,5.69,2023,Large,43,17448,50,86908,No,No,No,LC,5.1,6.7,4.39,2.8,93.95,Air,300.71,5.2
SUP_70FC49BC,China Wheat Traders,China,100199,Wheat,Grains,6276185.09,361586.51,1.93,UAE,10.57,1,7.0,1.94,415.09,0.95,6.99,2023,Large,50,19198,28,182686,Yes,No,No,Advance,8.2,6.8,3.39,5.43,94.16,Land,357.18,4.7
SUP_5AE20572,USA Nutmeg Traders,USA,090811,Nutmeg,Spices,7625577.9,271655.75,0.89,Germany,11.81,1,5.0,5.44,909.89,0.98,3.53,2023,Large,23,27750,26,132857,Yes,No,No,Net 30,6.0,5.1,3.11,3.33,92.7,Air,462.25,9.0
SUP_DD5FA5A0,Brazil Cumin Traders,Brazil,090931,Cumin,Spices,1207886.96,240251.92,19.16,Germany,12.49,1,850.0,6.21,847.68,0.94,4.66,2023,Enterprise,10,24177,52,161063,Yes,Yes,No,LC,8.7,9.3,3.34,3.58,87.66,Land,63.76,7.3
SUP_E0E4A90F,Ethiopia Wheat Traders,Ethiopia,100199,Wheat,Grains,2127830.57,222518.89,1.93,USA,11.88,0,7.0,8.44,925.44,0.93,9.07,2023,SME,4,14479,60,125653,No,No,No,Net 30,9.1,9.7,4.15,5.84,83.38,Sea,119.49,5.7
SUP_EFC99403,Indonesia Raw Cotton Traders,Indonesia,520100,Raw Cotton,Agriculture,1691811.03,306719.57,13.59,UK,11.82,0,850.0,2.14,430.99,0.94,6.7,2023,SME,39,39787,31,177795,Yes,Yes,Yes,TT,6.5,7.9,3.2,2.0,92.23,Sea,74.2,9.7
SUP_CE8C1AB6,Vietnam Raw Cotton Traders,Vietnam,520100,Raw Cotton,Agriculture,7946749.91,392158.15,25.19,China,13.18,1,7.0,9.52,907.46,0.77,3.87,2023,Enterprise,40,42866,31,115261,Yes,No,No,Net 30,5.3,5.3,3.43,6.05,91.81,Sea,334.35,8.2
SUP_A9721478,Australia Raw Sugar Traders,Australia,170114,Raw Sugar,Agriculture,2531698.9,470240.2,6.68,Brazil,3.9,1,850.0,9.4,848.27,0.99,7.48,2023,Enterprise,10,47265,25,180491,No,Yes,No,LC,7.5,9.0,3.2,0.48,98.56,Land,104.8,6.5
SUP_9D2F1BD5,Australia Wheat Traders,Australia,100199,Wheat,Grains,1042383.23,163724.7,20.66,France,10.31,0,83.0,5.42,986.35,0.73,1.74,2023,SME,27,21689,48,106452,No,No,No,Net 30,9.7,5.2,3.41,5.25,95.53,Air,159.76,5.5
SUP_B48A2003,China Coriander Traders,China,090921,Coriander,Spices,9168587.45,160177.91,-3.32,China,6.63,0,15500.0,2.11,763.36,0.87,6.86,2023,SME,8,45105,16,113653,No,Yes,Yes,LC,7.6,7.7,3.47,4.29,84.74,Sea,371.51,4.7
SUP_6E08C206,Mexico Raw Cotton Traders,Mexico,520100,Raw Cotton,Agriculture,8268575.89,464849.78,27.7,Brazil,13.25,1,35.0,2.36,895.98,0.81,1.44,2023,Large,15,13941,55,195355,No,Yes,No,TT,8.4,6.3,4.86,6.87,88.98,Sea,43.1,7.5
SUP_E04A3903,Ethiopia Black Pepper Traders,Ethiopia,090411,Black Pepper,Spices,4568814.84,186956.18,26.31,UAE,1.44,0,83.0,2.6,542.33,0.96,1.34,2023,Enterprise,6,46124,49,160570,Yes,Yes,No,LC,9.8,5.2,4.66,2.6,91.69,Sea,287.91,8.7
SUP_DC2E0E1C,China Raw Cotton Traders,China,520100,Raw Cotton,Agriculture,4185493.13,222229.34,29.21,Germany,14.4,0,5.0,9.77,325.78,0.75,2.82,2023,Large,48,32868,43,44078,Yes,Yes,No,Advance,8.5,7.9,4.79,6.55,87.15,Land,436.15,7.2
SUP_4E27124B,India Nutmeg Traders,India,090811,Nutmeg,Spices,8355232.59,353693.33,25.19,UK,13.53,0,7.0,4.34,644.95,0.74,3.15,2023,SME,45,1734,12,151884,No,No,No,Advance,4.0,7.2,4.66,7.66,82.83,Air,109.31,4.3
SUP_34067DAF,Australia Cloves Traders,Australia,090710,Cloves,Spices,8872812.68,462691.42,9.05,Germany,13.63,1,7.0,6.19,936.5,0.97,1.24,2023,Enterprise,37,5858,57,82214,Yes,No,Yes,LC,7.3,6.8,3.51,4.75,81.49,Air,422.25,9.5
SUP_B38D8D6D,Indonesia Cumin Traders,Indonesia,090931,Cumin,Spices,4177883.61,287489.04,27.19,USA,2.21,0,35.0,4.37,327.76,0.79,4.17,2023,Enterprise,34,19274,39,89850,Yes,No,No,TT,7.5,7.5,4.69,6.23,97.36,Land,18.91,5.0
SUP_76ADDE14,Chile Cloves Traders,Chile,090710,Cloves,Spices,3960640.67,110899.9,-3.6,Japan,1.7,0,850.0,9.76,482.64,0.92,7.78,2023,SME,21,45595,52,41702,No,No,No,Net 30,4.8,4.7,4.67,6.46,84.16,Air,222.23,6.8
SUP_AE4CEE67,China Cumin Traders,China,090931,Cumin,Spices,7974948.46,181759.38,-2.66,India,13.57,0,83.0,6.21,249.7,0.74,6.76,2023,SME,49,46039,27,134511,Yes,No,No,TT,5.8,4.9,3.13,3.71,91.27,Land,337.07,9.7
SUP_0EED33D1,Italy Urea Fertilizer Traders,Italy,310210,Urea Fertilizer,Chemicals,7340007.38,137512.23,25.48,India,6.04,1,1.0,0.35,905.36,0.73,9.33,2023,Large,22,48318,14,74660,No,No,No,Net 30,8.5,7.8,4.79,0.97,83.18,Land,192.06,4.7
SUP_E7309727,India Nutmeg Traders,India,090811,Nutmeg,Spices,8991578.67,429221.01,25.79,France,12.27,1,850.0,1.12,830.64,0.87,7.83,2023,Large,21,1512,56,148569,No,No,Yes,LC,7.8,4.7,3.79,3.57,95.72,Land,449.32,6.4
SUP_010D077A,USA Coriander Traders,USA,090921,Coriander,Spices,1025542.54,68418.74,3.45,India,12.33,0,15500.0,2.85,729.78,0.94,4.14,2023,Enterprise,44,22223,13,47477,Yes,No,No,LC,6.5,4.5,3.89,7.34,80.5,Land,79.06,7.3
SUP_9002BB32,Ethiopia Cloves Traders,Ethiopia,090710,Cloves,Spices,1119068.39,33605.49,19.19,USA,1.25,1,24000.0,0.34,873.18,0.76,5.54,2023,Enterprise,16,49448,25,21623,Yes,No,Yes,TT,6.3,6.2,3.81,2.99,95.58,Land,467.49,9.6
SUP_6A952F06,Taiwan Organic Turmeric Traders,Taiwan,091030,Organic Turmeric,Spices,947867.49,187802.75,-4.69,France,0.44,1,15500.0,0.92,618.7,0.76,3.17,2023,SME,2,33188,53,119720,Yes,Yes,Yes,TT,7.6,4.3,3.74,5.41,95.04,Land,254.24,6.7
SUP_5B092852,China Wheat Traders,China,100199,Wheat,Grains,5032841.25,60445.39,22.35,China,13.15,0,0.9,0.65,590.12,0.82,9.72,2023,Enterprise,13,25172,28,26983,No,No,No,TT,4.4,8.6,4.74,5.15,85.82,Air,205.83,4.4
SUP_DDA4767A,Ethiopia Urea Fertilizer Traders,Ethiopia,310210,Urea Fertilizer,Chemicals,6938471.15,411211.16,19.05,Germany,12.74,0,7.0,6.71,819.9,0.76,9.91,2023,Enterprise,30,11084,48,143265,No,No,No,TT,4.7,6.2,3.35,2.31,92.06,Sea,181.41,7.1
SUP_7DD4FA25,Australia Raw Sugar Traders,Australia,170114,Raw Sugar,Agriculture,5843007.77,475122.64,18.68,Brazil,2.71,1,15500.0,0.16,485.35,0.86,7.07,2023,Enterprise,27,2731,22,133944,Yes,Yes,No,LC,4.5,7.5,3.52,3.97,93.12,Sea,432.64,8.5
SUP_EE8F8B1A,Mexico Milled Rice Traders,Mexico,100630,Milled Rice,Agriculture,5521383.77,448113.27,14.75,UAE,10.27,0,24000.0,4.35,371.27,0.9,9.05,2023,SME,12,35314,36,133833,No,No,No,LC,6.3,7.9,3.72,3.74,84.69,Air,457.09,8.1
SUP_8304B0B9,Ethiopia Cinnamon Traders,Ethiopia,090611,Cinnamon,Spices,4591154.97,29483.34,7.14,Brazil,1.2,1,35.0,3.06,991.47,0.73,9.57,2023,SME,36,38537,50,51636,No,Yes,Yes,LC,8.2,6.8,3.87,6.51,98.96,Sea,323.57,7.8
SUP_D4798784,Brazil Raw Sugar Traders,Brazil,170114,Raw Sugar,Agriculture,8919670.4,203901.6,-0.31,India,6.13,1,0.9,7.93,124.73,0.84,5.43,2023,Large,26,10742,17,143280,No,No,No,LC,5.0,6.3,3.26,5.67,98.99,Sea,31.92,9.9
SUP_55411EDF,China Raw Cotton Traders,China,520100,Raw Cotton,Agriculture,7539222.42,425839.96,9.92,Germany,12.8,1,0.9,1.54,426.98,0.95,5.44,2023,Enterprise,20,22772,23,115620,No,No,No,Net 30,5.0,9.4,4.0,6.56,85.1,Land,440.71,9.5
SUP_7349ADAC,Chile Organic Turmeric Traders,Chile,091030,Organic Turmeric,Spices,9253178.02,109539.27,-2.66,USA,3.45,0,5.0,7.44,532.07,0.84,7.67,2023,Large,20,30299,21,185223,Yes,Yes,Yes,TT,8.3,7.9,3.74,0.36,97.74,Air,295.78,8.3
SUP_AFDD3759,China Cloves Traders,China,090710,Cloves,Spices,877607.91,200686.94,29.86,Mexico,6.3,1,56.0,4.84,104.05,0.7,7.96,2023,Enterprise,39,40113,38,183148,No,No,Yes,TT,8.2,9.7,3.51,4.77,98.65,Sea,282.82,8.1
SUP_E53DCB06,Germany Cardamom Traders,Germany,090832,Cardamom,Spices,7398070.72,237325.9,-3.94,Germany,13.64,1,83.0,6.88,128.61,0.98,7.85,2023,Large,10,47615,38,29816,No,No,Yes,Net 30,7.7,8.1,4.36,6.53,89.08,Air,29.47,5.4
SUP_518BB8C2,Mexico Urea Fertilizer Traders,Mexico,310210,Urea Fertilizer,Chemicals,594882.49,446415.61,-0.94,USA,1.76,1,0.9,8.47,538.47,0.78,3.06,2023,Enterprise,10,29872,17,140057,Yes,No,No,Net 30,5.8,8.3,3.63,3.51,91.42,Air,150.28,9.8
SUP_6419B7EE,Australia Raw Cotton Traders,Australia,520100,Raw Cotton,Agriculture,4778835.03,172799.7,27.6,UAE,1.7,1,1.0,5.42,207.92,0.93,5.39,2023,Enterprise,44,4198,43,21690,No,No,Yes,Advance,7.6,9.5,3.19,7.56,93.98,Sea,441.21,5.8
SUP_92957A2A,USA Black Pepper Traders,USA,090411,Black Pepper,Spices,7238634.2,363007.84,24.69,India,14.1,0,15500.0,3.24,525.46,0.83,6.17,2023,SME,49,37624,33,103441,No,No,Yes,TT,5.9,8.0,3.51,7.59,97.23,Land,349.39,8.6
SUP_97865909,Brazil Nutmeg Traders,Brazil,090811,Nutmeg,Spices,4353453.25,60200.77,-4.29,India,11.68,1,7.0,2.94,409.53,0.93,4.3,2023,Enterprise,6,24815,27,102393,No,No,Yes,Advance,4.3,5.8,3.22,4.8,96.21,Sea,306.19,9.1
SUP_DF484C8B,Australia Bulk Palm Oil Traders,Australia,151110,Bulk Palm Oil,Agriculture,3659837.9,459413.95,0.49,India,2.53,1,56.0,8.75,307.95,0.85,5.16,2023,SME,9,35408,60,152657,Yes,Yes,No,LC,5.5,4.2,4.7,4.74,98.75,Land,395.21,5.2
SUP_CD8A3E3B,USA Cinnamon Traders,USA,090611,Cinnamon,Spices,3384790.72,196355.54,26.45,Japan,2.88,0,7.0,2.53,946.46,0.99,4.34,2023,Large,12,13500,51,143662,Yes,No,No,Net 30,6.1,8.7,3.8,6.6,85.71,Land,377.24,7.3
SUP_B73F7B5D,Mexico Coriander Traders,Mexico,090921,Coriander,Spices,1722981.11,303761.33,-1.72,USA,12.89,1,56.0,2.33,595.34,0.91,4.67,2023,Large,36,35174,11,160942,Yes,Yes,No,Advance,5.8,6.2,3.28,1.29,91.69,Land,213.9,4.8
SUP_D79D915E,Ethiopia Coriander Traders,Ethiopia,090921,Coriander,Spices,9174430.68,120316.44,29.03,UK,2.49,1,1.0,7.12,887.74,0.79,6.35,2023,Enterprise,26,40480,20,20994,Yes,Yes,Yes,Advance,9.7,8.4,4.74,3.52,94.19,Sea,52.65,7.4
SUP_45B60087,India Cumin Traders,India,090931,Cumin,Spices,2793503.34,135426.09,0.46,Germany,7.06,0,0.9,3.51,458.56,0.97,7.91,2023,SME,22,19070,22,116852,Yes,Yes,Yes,TT,7.7,9.1,3.09,1.71,94.04,Air,403.54,9.8
SUP_905F7F89,China Raw Sugar Traders,China,170114,Raw Sugar,Agriculture,7635033.59,404443.72,27.34,Germany,10.43,0,83.0,0.9,866.05,0.74,8.2,2023,SME,32,34026,24,44497,No,No,Yes,LC,8.0,7.0,4.73,7.61,88.2,Land,394.22,6.1
SUP_C9229CC0,India Cardamom Traders,India,090832,Cardamom,Spices,4149701.49,113602.04,5.78,Japan,7.16,1,83.0,5.73,514.62,0.89,1.69,2023,SME,45,38860,44,167724,No,Yes,No,LC,7.2,6.2,4.78,7.95,95.03,Air,256.24,8.5
SUP_268160E1,USA Milled Rice Traders,USA,100630,Milled Rice,Agriculture,6398808.55,245831.91,0.37,UK,2.36,0,0.9,3.77,255.23,0.96,5.67,2023,Enterprise,9,4989,49,58270,Yes,Yes,No,Advance,4.3,5.9,3.98,0.1,88.17,Air,341.4,8.7
SUP_D41BD42B,USA Organic Turmeric Traders,USA,091030,Organic Turmeric,Spices,540609.14,170594.22,10.54,Japan,11.32,1,83.0,4.9,827.28,0.85,6.84,2023,Large,6,11313,13,181990,No,No,Yes,TT,5.4,8.4,4.39,1.15,84.36,Air,456.37,6.1
SUP_C13D132A,India Wheat Traders,India,100199,Wheat,Grains,8195661.85,93344.16,12.73,Brazil,11.89,0,1.0,0.38,594.52,0.93,7.95,2023,Enterprise,24,28048,22,198383,No,No,No,TT,5.9,9.5,4.68,7.53,96.23,Air,459.7,5.1
SUP_15C9B7A2,Italy Wheat Traders,Italy,100199,Wheat,Grains,5079476.03,218322.4,16.33,France,12.5,0,15500.0,9.35,266.8,0.89,2.41,2023,Large,42,2917,27,117014,Yes,No,No,LC,7.4,9.4,3.92,2.3,91.53,Air,498.66,4.5
SUP_53F87CAB,Ethiopia Cumin Traders,Ethiopia,090931,Cumin,Spices,4121971.65,105949.62,6.82,Mexico,9.58,0,5.0,6.51,587.35,0.77,5.28,2023,Large,9,42887,12,74001,Yes,No,No,Advance,8.3,5.4,3.81,1.49,94.07,Land,46.14,9.3
SUP_887F1631,Mexico Wheat Traders,Mexico,100199,Wheat,Grains,8154737.32,27108.95,-0.79,UK,4.37,0,7.0,8.11,863.85,0.87,4.74,2023,SME,45,38276,25,30723,No,No,No,LC,8.4,8.6,4.79,3.4,95.94,Sea,214.71,7.2
SUP_4AA517AB,Brazil Coriander Traders,Brazil,090921,Coriander,Spices,4629099.3,141988.17,14.88,Mexico,4.58,0,83.0,9.29,790.08,0.91,6.26,2023,SME,41,39511,56,84494,Yes,Yes,Yes,LC,7.8,5.0,3.67,0.54,91.4,Sea,57.68,8.2
SUP_F48DCED7,Taiwan Milled Rice Traders,Taiwan,100630,Milled Rice,Agriculture,7629593.75,335859.52,-2.37,China,12.41,1,83.0,7.15,983.06,0.96,2.52,2023,Large,8,26894,41,64022,No,No,No,Net 30,4.3,4.6,3.76,5.91,85.61,Air,259.97,4.3
SUP_F08F4A3F,USA Black Pepper Traders,USA,090411,Black Pepper,Spices,2844291.08,10032.09,27.0,UAE,5.13,0,1.0,7.6,443.68,0.76,1.26,2023,Large,46,2232,27,117691,Yes,No,Yes,Net 30,8.0,7.6,3.48,4.18,81.96,Land,180.8,9.6
SUP_E235FD50,Taiwan Nutmeg Traders,Taiwan,090811,Nutmeg,Spices,8200363.19,59802.64,20.66,Germany,6.03,1,1.0,3.37,605.57,0.74,6.19,2023,SME,26,20927,45,143821,No,No,No,TT,6.4,9.6,3.13,5.02,80.81,Land,162.05,7.0
SUP_630E9F33,Mexico Organic Turmeric Traders,Mexico,091030,Organic Turmeric,Spices,3736886.42,252783.88,5.65,Mexico,10.59,0,24000.0,5.95,522.96,0.82,4.01,2023,SME,8,39496,19,87437,Yes,Yes,No,LC,9.3,5.2,3.49,3.98,80.9,Sea,118.23,9.7
SUP_829A86D7,Australia Cloves Traders,Australia,090710,Cloves,Spices,5753746.45,402663.74,12.58,UK,13.88,1,83.0,1.78,206.57,0.91,5.68,2023,Large,19,26520,37,199070,Yes,Yes,Yes,TT,4.2,4.2,3.35,1.78,85.55,Air,99.91,4.8
SUP_37A9D928,Mexico Urea Fertilizer Traders,Mexico,310210,Urea Fertilizer,Chemicals,8586240.07,313775.13,6.58,France,12.27,0,83.0,3.21,117.83,0.96,3.32,2023,SME,41,37112,55,51435,No,No,No,TT,5.4,4.1,3.28,0.87,98.02,Land,344.98,5.4
SUP_486853A7,Taiwan Cardamom Traders,Taiwan,090832,Cardamom,Spices,8569082.15,315369.7,28.96,India,4.5,0,0.9,0.37,240.48,0.99,4.96,2023,Enterprise,8,24506,42,147627,No,Yes,Yes,TT,7.2,6.2,3.76,5.13,96.47,Sea,91.14,4.6
SUP_FD0969E8,Germany Cumin Traders,Germany,090931,Cumin,Spices,6625137.7,350428.67,23.46,China,8.71,0,35.0,0.37,642.13,0.82,7.66,2023,Enterprise,12,15679,10,122412,No,Yes,Yes,Advance,7.4,6.6,4.15,2.64,92.22,Land,147.46,9.2
SUP_073649F7,Italy Cumin Traders,Italy,090931,Cumin,Spices,9665671.06,381202.89,10.54,India,8.37,0,83.0,5.91,378.96,0.92,4.0,2023,SME,42,5935,17,58264,No,No,Yes,Advance,7.5,9.7,3.69,4.26,95.68,Sea,145.48,7.2
SUP_E74B1386,Indonesia Cinnamon Traders,Indonesia,090611,Cinnamon,Spices,5788739.62,450709.57,8.68,France,10.07,1,5.0,1.2,269.22,0.74,8.3,2023,Large,26,14013,39,194073,No,No,No,LC,9.6,6.0,4.7,0.5,81.19,Land,148.65,6.6
SUP_DE2D2D3C,USA Cumin Traders,USA,090931,Cumin,Spices,6048265.34,179365.94,-0.05,USA,9.28,0,15500.0,0.74,845.87,0.77,6.78,2023,SME,40,45469,55,59538,Yes,Yes,No,Net 30,9.2,6.1,4.45,1.21,87.71,Land,82.17,7.9
SUP_D98E291B,Chile Organic Turmeric Traders,Chile,091030,Organic Turmeric,Spices,6087286.52,495536.99,17.24,USA,11.36,1,15500.0,8.21,406.22,0.71,6.73,2023,SME,33,5300,10,46779,No,No,No,Net 30,6.6,8.4,4.69,3.84,91.64,Air,360.64,8.3
SUP_820DBF74,Italy Raw Sugar Traders,Italy,170114,Raw Sugar,Agriculture,7685399.0,171404.42,8.87,China,1.37,1,5.0,6.99,222.66,0.98,1.56,2023,Large,13,19975,54,118904,Yes,No,Yes,Net 30,5.2,7.9,4.87,5.97,90.95,Sea,404.12,5.1
SUP_5D7AB1A0,Taiwan Bulk Palm Oil Traders,Taiwan,151110,Bulk Palm Oil,Agriculture,1677965.57,431073.47,29.12,Brazil,1.05,1,15500.0,8.95,124.7,0.7,3.96,2023,Large,13,47132,57,184764,Yes,Yes,No,TT,7.4,7.1,3.67,5.69,89.93,Land,311.9,7.9
SUP_83AE34B3,Ethiopia Nutmeg Traders,Ethiopia,090811,Nutmeg,Spices,4681998.92,6062.15,-4.2,Germany,8.47,0,0.9,0.77,640.52,0.85,6.99,2023,Enterprise,27,3080,53,176180,No,Yes,Yes,Net 30,6.5,9.0,4.24,3.49,98.8,Land,440.38,4.6
SUP_625A9CCB,Germany Raw Cotton Traders,Germany,520100,Raw Cotton,Agriculture,6156580.83,47657.67,22.17,USA,10.21,1,850.0,9.53,284.62,0.93,5.16,2023,Large,25,5717,20,138034,Yes,Yes,No,Advance,8.5,5.6,4.13,4.37,92.17,Sea,32.11,7.4
SUP_E10AF3C2,Indonesia Wheat Traders,Indonesia,100199,Wheat,Grains,1555924.61,314779.58,28.25,India,7.23,0,850.0,7.18,962.8,0.71,9.05,2023,Large,47,44369,41,153110,Yes,No,No,Net 30,6.7,6.3,3.92,1.87,96.06,Air,443.54,9.5
SUP_FA597CA7,Germany Black Pepper Traders,Germany,090411,Black Pepper,Spices,8221584.09,339275.16,11.35,China,14.94,0,1.0,5.9,390.85,0.81,6.17,2023,Enterprise,33,19430,43,100171,No,No,Yes,TT,4.9,9.0,4.0,1.55,86.93,Sea,268.72,5.3
SUP_DF30C520,Australia Raw Sugar Traders,Australia,170114,Raw Sugar,Agriculture,4347655.45,225823.48,24.86,China,7.61,0,1.0,9.52,64.37,0.87,9.64,2023,SME,26,4321,30,158811,Yes,No,Yes,Advance,6.6,7.8,4.25,1.44,89.46,Land,132.27,4.3
SUP_283B7453,Taiwan Cloves Traders,Taiwan,090710,Cloves,Spices,9085357.35,15277.53,14.44,USA,3.13,0,35.0,1.17,744.35,0.72,8.59,2023,Enterprise,30,30341,39,31073,Yes,Yes,No,Net 30,7.6,4.0,4.96,0.53,88.2,Sea,49.83,6.2
SUP_FDCCE530,USA Wheat Traders,USA,100199,Wheat,Grains,753418.71,354884.28,10.65,Mexico,1.24,1,7.0,6.3,445.1,0.73,9.75,2023,Enterprise,37,15871,41,184833,No,No,No,LC,7.9,4.6,3.99,5.98,85.86,Land,66.15,5.3
SUP_D0526171,Mexico Cinnamon Traders,Mexico,090611,Cinnamon,Spices,3371331.59,90871.2,8.53,India,4.83,0,24000.0,2.54,508.43,0.86,4.29,2023,Large,42,24177,24,27918,No,No,No,LC,6.2,4.1,4.15,1.06,84.65,Sea,144.98,4.3
SUP_108CE763,Vietnam Organic Turmeric Traders,Vietnam,091030,Organic Turmeric,Spices,3505227.03,397447.97,19.89,Germany,9.98,0,15500.0,1.54,625.98,0.99,5.78,2023,SME,21,15627,45,30935,No,Yes,Yes,LC,9.5,5.2,3.35,1.29,88.87,Sea,108.21,5.9
SUP_A7FC4616,India Urea Fertilizer Traders,India,310210,Urea Fertilizer,Chemicals,8912687.71,403579.03,10.44,France,3.45,0,56.0,2.79,611.69,0.91,4.95,2023,Large,48,739,42,72531,No,No,No,Net 30,4.5,9.0,3.41,0.25,86.76,Land,221.42,10.0
SUP_2AE70AA5,Germany Cumin Traders,Germany,090931,Cumin,Spices,2106010.78,357833.17,27.73,UAE,11.47,0,56.0,2.74,490.64,0.87,2.86,2023,Enterprise,14,11819,21,116761,Yes,Yes,No,Advance,8.7,8.7,4.46,6.1,95.06,Sea,344.46,6.3
SUP_528AAAEB,Taiwan Cardamom Traders,Taiwan,090832,Cardamom,Spices,3380107.99,194061.34,4.68,France,11.99,0,850.0,2.66,998.08,0.87,7.05,2023,Large,21,5867,41,57852,Yes,Yes,Yes,Net 30,6.5,8.4,3.71,0.53,80.29,Sea,149.9,5.4
SUP_4A24277D,Vietnam Black Pepper Traders,Vietnam,090411,Black Pepper,Spices,932113.74,279093.96,5.65,China,9.77,1,24000.0,6.66,846.3,0.89,4.49,2023,SME,37,6101,11,66497,No,No,No,LC,6.7,5.7,3.25,6.78,84.5,Air,403.04,4.4
SUP_2899F044,USA Coriander Traders,USA,090921,Coriander,Spices,4529573.78,271647.37,23.54,France,7.22,0,7.0,3.89,669.78,0.75,1.94,2023,Enterprise,3,5254,43,157890,Yes,Yes,No,LC,6.0,5.9,4.81,7.76,92.39,Sea,256.89,7.1
SUP_3E1E95FD,Mexico Bulk Palm Oil Traders,Mexico,151110,Bulk Palm Oil,Agriculture,8177667.36,31928.15,-3.06,USA,14.01,0,24000.0,2.94,661.74,0.93,7.32,2023,Enterprise,4,36227,41,145906,No,Yes,No,LC,9.9,5.2,4.96,7.9,93.36,Sea,176.36,4.0
SUP_B4DA79DF,Taiwan Cinnamon Traders,Taiwan,090611,Cinnamon,Spices,5915364.37,251835.55,20.29,Japan,8.39,1,7.0,5.97,364.88,0.88,9.4,2023,Large,22,21557,24,42386,No,No,No,LC,6.6,8.4,4.09,6.77,82.76,Land,148.57,6.4
SUP_FC87498B,Australia Raw Cotton Traders,Australia,520100,Raw Cotton,Agriculture,6289665.23,151233.36,0.9,Japan,14.48,1,35.0,4.25,149.32,0.81,8.52,2023,Large,16,11641,10,195160,No,Yes,Yes,TT,5.1,5.4,3.36,3.14,94.02,Sea,359.43,5.5
SUP_5574CC0C,Chile Black Pepper Traders,Chile,090411,Black Pepper,Spices,7874114.42,291463.47,5.66,UK,4.96,1,0.9,7.5,359.25,0.81,8.52,2023,Large,18,39247,41,135039,Yes,No,No,Net 30,7.8,9.7,4.64,5.21,90.98,Sea,262.13,8.4
SUP_BCB6C4AA,Taiwan Nutmeg Traders,Taiwan,090811,Nutmeg,Spices,1989945.15,346181.11,1.14,Germany,14.98,1,35.0,2.08,981.69,0.77,5.81,2023,SME,41,24435,29,53245,Yes,No,No,Net 30,7.3,4.5,3.07,3.13,89.45,Land,282.14,4.5
SUP_CB211B50,India Coriander Traders,India,090921,Coriander,Spices,2381560.06,109993.92,21.27,UAE,5.62,0,850.0,5.1,926.65,0.8,2.75,2023,Large,17,16889,48,140338,Yes,Yes,Yes,TT,9.9,4.1,4.28,7.44,82.24,Land,385.23,7.9
SUP_A614B755,Italy Cumin Traders,Italy,090931,Cumin,Spices,1288995.4,151925.1,-1.23,Japan,9.27,0,1.0,8.07,542.54,0.82,2.64,2023,SME,27,1472,58,184705,Yes,No,No,LC,6.2,7.4,4.43,7.13,97.97,Sea,308.92,4.9
SUP_1C204339,Taiwan Raw Sugar Traders,Taiwan,170114,Raw Sugar,Agriculture,2765108.3,205232.3,8.17,Japan,2.11,0,7.0,8.0,306.48,0.82,3.65,2023,SME,48,2977,17,94444,No,No,No,Advance,9.3,8.6,3.22,1.63,97.55,Sea,363.81,8.5
SUP_B7BAFC80,India Raw Sugar Traders,India,170114,Raw Sugar,Agriculture,970784.37,173759.87,-3.33,India,6.9,0,15500.0,9.83,553.15,0.77,4.93,2023,Enterprise,39,31054,60,33692,No,No,Yes,TT,6.4,9.7,3.64,3.03,87.36,Land,54.61,8.5
SUP_B5240F04,Mexico Bulk Palm Oil Traders,Mexico,151110,Bulk Palm Oil,Agriculture,2428873.49,233158.11,26.68,Germany,3.79,0,5.0,6.44,821.34,0.87,8.0,2023,Enterprise,39,22729,45,37337,Yes,Yes,Yes,Net 30,4.7,8.5,4.3,6.94,93.8,Air,240.82,8.5
SUP_526A0082,Chile Wheat Traders,Chile,100199,Wheat,Grains,8694500.01,405384.23,19.7,China,2.48,0,83.0,1.0,953.75,0.96,5.6,2023,SME,9,10084,14,36099,Yes,No,No,Advance,4.8,5.3,4.33,2.12,80.51,Air,257.13,8.1
SUP_0CD7AD67,Brazil Wheat Traders,Brazil,100199,Wheat,Grains,2378692.31,114160.4,16.74,Brazil,8.87,1,35.0,8.92,705.88,0.76,3.82,2023,Enterprise,8,19387,46,178100,No,No,No,Advance,6.6,7.8,4.13,1.19,94.25,Sea,400.7,8.5
SUP_9BED6C45,Indonesia Wheat Traders,Indonesia,100199,Wheat,Grains,8170329.88,421446.13,24.59,China,8.74,0,1.0,4.8,607.04,0.95,3.87,2023,Large,9,37074,23,64332,No,No,No,TT,5.9,5.9,3.07,7.41,88.67,Land,66.81,7.2
SUP_D827352C,Taiwan Cumin Traders,Taiwan,090931,Cumin,Spices,2344085.24,238503.12,2.64,India,6.33,1,1.0,6.63,903.87,0.71,5.04,2023,Enterprise,47,22067,19,110278,Yes,No,Yes,Net 30,5.8,7.4,4.59,0.66,89.37,Air,325.14,8.1
SUP_08EF8254,Vietnam Wheat Traders,Vietnam,100199,Wheat,Grains,8706131.77,153841.9,5.95,Germany,3.99,0,0.9,7.45,918.02,0.88,3.92,2023,SME,43,29970,50,74330,Yes,No,No,Net 30,8.2,6.3,4.82,5.07,90.87,Sea,339.52,9.9
SUP_D5DF9D66,Chile Cardamom Traders,Chile,090832,Cardamom,Spices,7171223.77,322782.31,29.85,Mexico,13.75,1,7.0,8.78,612.64,0.84,6.16,2023,Enterprise,2,11989,18,62426,No,Yes,Yes,Advance,5.0,5.8,3.79,3.97,95.45,Land,201.43,5.0
SUP_76D22C0E,Mexico Raw Sugar Traders,Mexico,170114,Raw Sugar,Agriculture,5398667.83,482682.43,8.34,France,4.88,1,5.0,2.75,862.41,0.85,2.73,2023,Enterprise,7,34836,18,150407,No,Yes,Yes,LC,9.9,9.1,4.28,3.4,89.05,Sea,160.15,9.8
SUP_15330C17,Mexico Robusta Coffee Traders,Mexico,090111,Robusta Coffee,Agriculture,5660145.41,310817.26,9.29,Japan,8.83,1,56.0,4.37,840.06,0.85,8.93,2023,SME,45,21313,47,48169,Yes,No,Yes,TT,9.1,5.1,3.29,4.35,88.41,Sea,74.15,5.8
SUP_B1F4E73A,Indonesia Wheat Traders,Indonesia,100199,Wheat,Grains,2909251.67,254242.45,-2.46,India,10.55,1,24000.0,3.84,492.11,0.77,2.56,2023,Enterprise,45,23207,40,55722,Yes,No,No,Net 30,7.0,4.0,3.99,1.47,89.73,Land,13.35,10.0
SUP_3267F935,Mexico Wheat Traders,Mexico,100199,Wheat,Grains,9447338.34,201415.32,24.89,India,0.53,1,35.0,3.99,765.88,0.79,5.96,2023,Enterprise,37,47729,49,174080,Yes,No,No,LC,6.1,5.3,4.34,0.54,96.3,Land,330.99,9.7
SUP_FC339925,Australia Nutmeg Traders,Australia,090811,Nutmeg,Spices,4628811.09,435681.02,10.77,Brazil,5.23,0,15500.0,6.54,300.62,0.73,9.38,2023,SME,38,25052,53,103424,Yes,Yes,Yes,Advance,6.3,8.5,3.44,2.72,84.05,Sea,201.75,8.3
SUP_55D0B75C,Brazil Wheat Traders,Brazil,100199,Wheat,Grains,6747914.97,367935.37,22.07,Mexico,11.19,0,850.0,4.25,376.46,0.73,7.23,2023,SME,6,33562,31,72886,No,No,No,Net 30,5.3,9.7,4.52,5.95,89.72,Land,339.26,9.8
SUP_A24C18F4,Chile Raw Sugar Traders,Chile,170114,Raw Sugar,Agriculture,9787542.1,406778.58,5.7,India,13.25,1,850.0,4.33,79.23,0.96,6.8,2023,Enterprise,5,32724,54,190935,No,Yes,No,TT,6.6,6.4,4.1,6.39,91.79,Sea,173.34,10.0
SUP_D0267A56,Brazil Bulk Palm Oil Traders,Brazil,151110,Bulk Palm Oil,Agriculture,1991123.05,340333.66,9.02,Japan,5.91,1,15500.0,7.82,280.89,0.86,1.55,2023,Enterprise,16,22302,11,178005,No,Yes,Yes,Advance,9.7,5.7,4.88,4.01,85.86,Air,422.57,8.6
SUP_C162DAE9,Brazil Cloves Traders,Brazil,090710,Cloves,Spices,1686329.26,401643.83,15.2,UK,10.8,0,850.0,5.93,447.21,0.73,1.3,2023,Large,7,43218,40,27852,No,No,Yes,Net 30,8.6,9.0,3.68,3.98,93.1,Air,287.78,8.4
SUP_FA5C5261,Brazil Raw Sugar Traders,Brazil,170114,Raw Sugar,Agriculture,2902893.84,188935.46,28.36,France,6.29,0,15500.0,8.17,272.24,0.97,6.14,2023,Enterprise,21,7230,16,25396,No,Yes,No,LC,4.5,9.1,4.19,3.29,98.38,Land,312.96,8.5
SUP_E16567FB,Chile Organic Turmeric Traders,Chile,091030,Organic Turmeric,Spices,6981839.35,343287.36,10.77,USA,1.66,1,15500.0,7.99,586.36,0.72,2.03,2023,SME,25,28902,60,119505,Yes,Yes,No,TT,8.9,8.5,3.65,7.09,84.77,Air,394.06,6.3
SUP_1FDDCBE7,India Cumin Traders,India,090931,Cumin,Spices,9012821.81,128668.58,-1.78,USA,10.23,0,56.0,7.08,491.57,0.82,2.11,2023,Enterprise,42,47739,49,85065,Yes,Yes,Yes,Advance,8.1,5.3,3.08,7.6,88.79,Air,126.6,4.1
SUP_CEB9CF5E,Australia Cinnamon Traders,Australia,090611,Cinnamon,Spices,8521239.66,133158.27,29.62,USA,5.62,0,7.0,9.87,930.6,0.98,4.5,2023,SME,2,37392,46,184350,No,Yes,Yes,Net 30,4.5,5.8,3.97,1.42,91.51,Air,404.3,4.9
SUP_36DC6DA5,Vietnam Raw Cotton Traders,Vietnam,520100,Raw Cotton,Agriculture,8616062.04,372745.41,-4.07,USA,0.97,0,35.0,4.17,359.53,0.96,2.32,2023,Large,13,48820,55,75327,No,Yes,No,TT,10.0,9.6,3.83,2.68,95.53,Air,148.69,8.6
SUP_91C78C2B,Chile Nutmeg Traders,Chile,090811,Nutmeg,Spices,6811529.13,335924.26,-3.75,UAE,5.42,1,24000.0,3.86,500.61,0.92,4.13,2023,Large,40,3607,16,97129,Yes,Yes,No,Advance,5.8,9.2,3.76,1.88,81.06,Air,40.04,4.1
SUP_BAD5CC85,Mexico Bulk Palm Oil Traders,Mexico,151110,Bulk Palm Oil,Agriculture,7569047.7,230175.89,-0.23,Japan,1.46,0,850.0,1.81,261.84,0.79,8.99,2023,Enterprise,24,37694,42,175883,Yes,Yes,Yes,Advance,5.1,5.6,3.22,7.49,94.67,Sea,64.05,7.4
SUP_E8D0D646,USA Milled Rice Traders,USA,100630,Milled Rice,Agriculture,5487926.96,328459.95,15.35,France,0.47,0,35.0,7.76,280.67,0.76,6.26,2023,Large,45,15322,37,188755,Yes,Yes,No,TT,9.1,5.4,3.83,1.77,93.87,Land,442.27,9.4
SUP_5A254A76,India Black Pepper Traders,India,090411,Black Pepper,Spices,1784783.17,315614.25,-2.78,Mexico,4.69,1,35.0,6.7,597.77,0.81,4.42,2023,Enterprise,10,15683,55,124374,Yes,No,Yes,TT,4.6,4.8,3.33,3.91,87.13,Air,270.41,8.7
SUP_8F9CB1AA,China Black Pepper Traders,China,090411,Black Pepper,Spices,1395937.0,419796.7,7.33,China,4.25,1,83.0,2.5,531.01,0.77,1.47,2023,Enterprise,35,19147,49,97217,No,No,Yes,Advance,8.6,4.9,3.91,6.67,86.51,Air,139.82,8.3
SUP_B90A4181,Chile Wheat Traders,Chile,100199,Wheat,Grains,1305844.38,82969.51,-0.07,Brazil,0.02,0,24000.0,1.98,178.68,0.86,9.43,2023,SME,3,48215,14,166394,No,No,No,Net 30,5.9,9.3,3.89,1.78,82.28,Sea,129.04,6.6
SUP_FB0F8621,Chile Coriander Traders,Chile,090921,Coriander,Spices,3079513.13,376980.55,6.77,Mexico,8.94,1,5.0,8.25,595.82,0.82,6.4,2023,Large,36,6725,45,103132,No,No,Yes,Advance,6.9,5.4,4.08,2.0,98.53,Land,80.9,7.5
SUP_BF4FAF30,Vietnam Robusta Coffee Traders,Vietnam,090111,Robusta Coffee,Agriculture,2654897.84,387259.18,26.79,France,13.33,0,56.0,0.3,727.33,0.97,6.1,2023,Enterprise,50,34195,50,132089,Yes,Yes,No,Net 30,8.8,4.5,3.36,1.42,80.64,Sea,455.34,4.5
SUP_12F428A3,Indonesia Raw Sugar Traders,Indonesia,170114,Raw Sugar,Agriculture,6538883.17,350975.98,19.6,Mexico,3.3,0,1.0,9.86,728.19,0.72,2.41,2023,Enterprise,42,9646,32,195230,No,No,Yes,Net 30,5.8,6.5,3.63,2.96,92.21,Sea,345.0,8.5
SUP_EBA646A1,USA Cumin Traders,USA,090931,Cumin,Spices,568583.25,167107.62,7.83,Germany,10.58,1,35.0,1.11,950.51,0.75,6.52,2023,Enterprise,3,45866,11,51177,Yes,Yes,No,Net 30,7.5,6.6,3.55,2.31,82.89,Air,296.0,9.9
SUP_59896F12,Australia Raw Cotton Traders,Australia,520100,Raw Cotton,Agriculture,7053731.33,487832.67,20.79,India,0.11,1,24000.0,6.61,448.55,0.91,8.81,2023,Enterprise,39,12410,38,40538,No,Yes,No,Net 30,4.1,4.5,4.47,5.42,94.55,Sea,293.68,8.4
SUP_94E733C3,Chile Nutmeg Traders,Chile,090811,Nutmeg,Spices,6717853.08,409693.48,7.12,USA,12.4,1,0.9,2.52,586.49,0.79,5.0,2023,Enterprise,3,48560,31,95130,No,Yes,No,TT,7.5,6.9,4.73,4.04,82.33,Sea,389.58,9.7
SUP_F5FCBC8E,Mexico Raw Sugar Traders,Mexico,170114,Raw Sugar,Agriculture,5509768.33,70518.36,-3.7,China,12.21,0,5.0,9.08,404.57,0.88,2.45,2023,Large,8,34941,28,118304,Yes,No,No,Advance,6.9,10.0,3.34,0.68,91.41,Land,22.94,9.3
SUP_17EB7F04,Mexico Bulk Palm Oil Traders,Mexico,151110,Bulk Palm Oil,Agriculture,3916873.4,200069.62,-1.27,Germany,5.63,0,24000.0,5.37,645.31,0.95,8.79,2023,Large,7,2461,17,124459,No,Yes,No,LC,5.7,4.9,3.44,3.16,81.2,Sea,426.35,8.0
SUP_5467FF7C,Australia Nutmeg Traders,Australia,090811,Nutmeg,Spices,6257824.58,287190.07,15.74,UAE,2.51,0,1.0,9.8,775.04,0.98,7.53,2023,SME,6,11716,53,180374,Yes,No,Yes,TT,6.9,7.3,4.19,1.36,84.71,Sea,296.22,8.9
SUP_00E8A29B,Ethiopia Raw Sugar Traders,Ethiopia,170114,Raw Sugar,Agriculture,5828018.72,184655.82,5.16,France,10.05,0,56.0,6.17,642.38,0.88,9.27,2023,Enterprise,18,26646,14,102973,Yes,Yes,Yes,Advance,7.7,9.7,4.81,5.99,82.28,Land,113.45,5.1
SUP_52ABFC28,Australia Organic Turmeric Traders,Australia,091030,Organic Turmeric,Spices,6329679.61,141078.53,20.95,UK,1.31,1,5.0,4.57,255.56,0.98,8.83,2023,Enterprise,6,19735,53,191849,No,No,Yes,Advance,4.5,9.0,3.33,5.64,85.29,Sea,190.07,5.9
SUP_0903C90B,Taiwan Cardamom Traders,Taiwan,090832,Cardamom,Spices,7062787.4,158344.65,11.19,India,3.08,0,1.0,2.09,614.68,0.97,2.47,2023,SME,36,10575,12,28460,No,No,No,Advance,4.5,9.9,4.82,2.8,82.47,Air,180.74,9.0
SUP_724B0DEE,Vietnam Raw Sugar Traders,Vietnam,170114,Raw Sugar,Agriculture,1373833.14,380200.98,6.75,UK,2.17,1,56.0,0.19,506.19,0.73,3.64,2023,Large,2,28375,19,128614,No,No,Yes,Net 30,6.6,8.2,3.72,0.84,94.45,Land,380.1,9.4
SUP_8928B456,Indonesia Coriander Traders,Indonesia,090921,Coriander,Spices,3986404.69,277181.66,11.5,Mexico,2.8,0,35.0,3.17,901.58,0.93,9.11,2023,Enterprise,23,15642,41,108363,Yes,Yes,Yes,LC,9.9,8.3,4.4,3.96,97.05,Land,464.95,9.3
SUP_C24A4D34,China Cinnamon Traders,China,090611,Cinnamon,Spices,9363040.89,34125.37,0.34,Germany,0.47,1,83.0,0.96,277.11,0.98,6.5,2023,Enterprise,5,43693,43,56295,No,Yes,Yes,Advance,6.6,4.4,3.35,1.37,81.66,Air,190.28,9.2
SUP_CFD5AD8F,India Robusta Coffee Traders,India,090111,Robusta Coffee,Agriculture,8631892.81,300098.31,0.22,China,9.06,0,24000.0,3.7,534.07,0.82,5.08,2023,Large,22,21303,37,118547,Yes,Yes,Yes,TT,8.7,9.2,3.56,4.02,96.02,Sea,65.04,4.3
SUP_810B14F7,Australia Wheat Traders,Australia,100199,Wheat,Grains,2033786.63,393306.02,22.85,Brazil,10.87,0,83.0,1.35,722.12,0.88,9.95,2023,Enterprise,10,16181,10,56200,No,No,No,LC,9.3,5.6,3.28,0.49,87.42,Sea,310.53,5.5
SUP_0936814B,India Cloves Traders,India,090710,Cloves,Spices,7450758.33,192049.75,28.66,UK,14.81,1,35.0,8.98,659.44,0.92,4.65,2023,SME,23,4759,22,165058,Yes,No,Yes,Advance,4.6,4.2,4.7,7.45,80.85,Air,283.41,5.6
SUP_4C47B833,Taiwan Robusta Coffee Traders,Taiwan,090111,Robusta Coffee,Agriculture,9885913.25,23332.57,-1.92,China,9.96,0,5.0,2.25,261.33,0.74,3.65,2023,SME,23,27645,49,138039,Yes,Yes,Yes,Net 30,6.3,7.0,4.79,6.66,91.95,Land,463.28,7.4
SUP_0D6740D5,Indonesia Organic Turmeric Traders,Indonesia,091030,Organic Turmeric,Spices,4105271.03,243835.35,10.55,India,13.99,0,35.0,0.35,946.69,0.96,4.51,2023,Enterprise,14,24641,45,177680,Yes,No,Yes,Net 30,5.5,9.2,3.65,7.2,85.56,Sea,43.53,7.0
SUP_A4ABBABD,Chile Nutmeg Traders,Chile,090811,Nutmeg,Spices,9502412.35,26334.18,3.92,Mexico,0.01,1,83.0,4.37,883.9,0.89,8.01,2023,Enterprise,50,34809,41,109661,No,Yes,Yes,TT,4.8,7.1,3.97,3.68,89.39,Sea,490.45,7.8
SUP_9C94D148,Brazil Raw Sugar Traders,Brazil,170114,Raw Sugar,Agriculture,6872384.83,317404.03,-1.66,UK,2.1,1,24000.0,6.19,741.51,0.84,4.4,2023,Enterprise,25,28271,60,44229,No,No,No,LC,6.2,5.7,3.97,6.07,87.44,Land,126.21,7.4
SUP_55B8C190,USA Wheat Traders,USA,100199,Wheat,Grains,4568777.72,383432.44,12.89,UK,7.09,0,1.0,9.23,798.37,0.72,6.78,2023,SME,30,23317,16,107910,Yes,No,No,LC,9.0,7.9,4.29,0.44,86.31,Land,30.78,6.9
SUP_32873945,Vietnam Urea Fertilizer Traders,Vietnam,310210,Urea Fertilizer,Chemicals,7478936.33,147426.75,29.66,France,11.49,1,0.9,1.73,496.42,0.91,1.95,2023,Enterprise,48,1213,17,193229,Yes,No,No,Advance,10.0,9.3,3.37,3.23,93.17,Sea,458.98,9.8
SUP_1C3F57D6,Germany Raw Sugar Traders,Germany,170114,Raw Sugar,Agriculture,2298395.78,382591.11,7.15,France,4.42,0,5.0,6.94,925.55,0.77,1.99,2023,Enterprise,33,13213,44,120833,Yes,Yes,Yes,LC,9.1,5.5,4.72,5.5,87.85,Land,63.75,8.2
SUP_24097354,Indonesia Milled Rice Traders,Indonesia,100630,Milled Rice,Agriculture,4319101.35,39760.26,7.84,UK,13.41,1,1.0,4.74,463.85,0.71,2.51,2023,Enterprise,8,48462,51,101545,No,No,No,Advance,7.5,7.3,4.57,5.66,82.51,Air,325.5,6.1
SUP_1AF95DBF,Australia Organic Turmeric Traders,Australia,091030,Organic Turmeric,Spices,8774658.92,458060.28,29.05,UK,2.62,1,56.0,2.74,747.33,0.95,7.25,2023,SME,39,9632,27,47137,No,Yes,No,Net 30,4.8,4.4,4.61,7.7,94.13,Land,228.38,6.5
SUP_82889600,Mexico Urea Fertilizer Traders,Mexico,310210,Urea Fertilizer,Chemicals,1179333.97,449337.35,16.04,Germany,8.15,1,35.0,0.77,679.63,0.94,3.35,2023,Large,41,16568,36,76054,Yes,No,No,Advance,5.8,4.6,3.17,7.77,95.02,Sea,405.12,7.0
SUP_5248B465,Germany Bulk Palm Oil Traders,Germany,151110,Bulk Palm Oil,Agriculture,5892801.1,147002.54,8.07,Japan,7.8,1,850.0,1.51,884.63,0.81,8.69,2023,SME,15,4823,10,92885,Yes,No,No,LC,8.7,4.7,4.91,6.4,84.76,Sea,425.82,8.8
SUP_7C0E4E3B,China Cardamom Traders,China,090832,Cardamom,Spices,3409520.81,344634.8,6.08,USA,13.26,1,850.0,2.75,96.21,0.76,7.03,2023,Large,48,12874,18,161551,No,No,No,TT,7.9,7.4,3.93,1.04,93.15,Air,77.8,6.5
SUP_5699E6B3,Taiwan Black Pepper Traders,Taiwan,090411,Black Pepper,Spices,6905940.67,309664.13,-2.06,China,10.98,1,5.0,0.28,726.48,0.76,9.2,2023,Large,20,9023,60,106766,No,No,Yes,LC,6.2,8.0,3.36,2.78,85.14,Land,142.47,5.5
SUP_6EC1D6B3,Vietnam Wheat Traders,Vietnam,100199,Wheat,Grains,1492869.91,104657.44,28.63,Japan,5.09,0,1.0,0.89,212.33,0.91,5.6,2023,Large,14,26840,19,187805,Yes,No,No,Net 30,9.9,4.6,3.0,7.38,96.36,Land,101.0,4.4
SUP_BA564A8C,USA Robusta Coffee Traders,USA,090111,Robusta Coffee,Agriculture,6969656.47,33661.19,-0.36,USA,2.12,1,850.0,5.06,570.26,0.95,2.15,2023,SME,43,29857,44,87427,No,Yes,No,Advance,9.6,8.8,4.92,1.74,96.59,Air,142.05,9.5
SUP_C33324BB,China Coriander Traders,China,090921,Coriander,Spices,4510942.5,442769.47,19.58,Japan,7.39,1,7.0,5.18,218.28,0.74,4.16,2023,SME,23,49769,15,183644,No,No,Yes,Net 30,6.4,9.4,3.24,3.56,89.21,Land,396.8,9.0
SUP_8EC5BACD,Mexico Black Pepper Traders,Mexico,090411,Black Pepper,Spices,3844158.13,189693.08,24.1,USA,4.02,0,0.9,5.96,709.62,0.71,6.9,2023,Large,20,1012,24,147290,Yes,Yes,No,TT,5.9,5.3,4.92,7.53,86.89,Land,325.71,9.0
SUP_C2CF830E,Mexico Bulk Palm Oil Traders,Mexico,151110,Bulk Palm Oil,Agriculture,1388051.19,158779.56,16.75,Germany,7.06,0,1.0,5.93,616.4,0.88,5.58,2023,Enterprise,18,1909,10,58247,Yes,No,No,Advance,10.0,4.8,3.21,5.5,91.89,Air,33.71,5.0
SUP_7007045B,Australia Milled Rice Traders,Australia,100630,Milled Rice,Agriculture,3386032.54,117335.41,21.85,UK,6.81,1,24000.0,8.4,222.78,0.9,3.32,2023,SME,20,46409,50,76243,No,No,Yes,Advance,6.8,5.3,3.98,4.71,80.29,Air,179.13,7.2
SUP_2546AAF4,USA Cinnamon Traders,USA,090611,Cinnamon,Spices,6950239.68,122479.82,4.03,Brazil,8.66,0,35.0,8.93,883.3,0.94,5.16,2023,SME,32,21274,24,161517,Yes,Yes,Yes,Advance,9.2,6.9,3.52,3.62,90.44,Air,406.53,7.8
SUP_7B8A4F02,China Robusta Coffee Traders,China,090111,Robusta Coffee,Agriculture,7736935.95,451277.06,14.99,China,13.23,1,850.0,2.96,944.28,0.77,7.41,2023,SME,40,37714,23,75373,Yes,No,No,TT,8.3,6.8,4.22,0.58,87.65,Sea,7.96,7.1
SUP_4CF85C7F,Germany Robusta Coffee Traders,Germany,090111,Robusta Coffee,Agriculture,2975210.47,359243.96,21.91,Mexico,7.26,1,56.0,0.71,143.3,0.81,4.5,2023,Large,41,7080,57,54186,Yes,No,No,Net 30,9.4,4.5,4.81,1.66,86.05,Sea,209.3,9.5
SUP_1419E9A7,Brazil Wheat Traders,Brazil,100199,Wheat,Grains,820823.59,206466.25,4.11,France,6.83,1,35.0,5.1,518.83,0.79,9.16,2023,SME,28,12427,25,79859,Yes,No,No,TT,8.9,7.6,3.64,0.4,93.38,Air,183.18,5.2
SUP_05B018FA,Italy Cardamom Traders,Italy,090832,Cardamom,Spices,1787561.3,325437.89,23.55,India,10.55,0,7.0,1.14,341.32,0.99,2.85,2023,SME,45,7773,12,31517,Yes,Yes,No,LC,6.7,7.8,3.33,4.83,90.58,Air,59.03,5.9
SUP_72B618B4,Australia Robusta Coffee Traders,Australia,090111,Robusta Coffee,Agriculture,3596800.71,434495.81,28.45,USA,5.56,0,56.0,5.76,689.54,0.98,4.15,2023,Enterprise,15,2346,27,87565,Yes,No,No,Net 30,6.8,9.1,3.14,0.19,80.98,Sea,59.53,4.2
SUP_90D9AC62,India Milled Rice Traders,India,100630,Milled Rice,Agriculture,9987840.1,299793.98,18.6,India,4.34,1,24000.0,1.09,612.5,0.89,6.89,2023,Large,27,26029,43,111310,Yes,Yes,Yes,Net 30,5.9,9.4,3.38,2.09,82.31,Air,36.48,8.6
SUP_8C3C7CBA,Australia Bulk Palm Oil Traders,Australia,151110,Bulk Palm Oil,Agriculture,3291479.47,346293.51,20.62,China,4.15,0,15500.0,5.96,995.44,0.94,6.74,2023,Large,18,36457,17,173029,Yes,No,Yes,Advance,5.1,8.9,3.27,0.39,80.88,Air,206.75,6.5
SUP_5C5E41CF,Brazil Robusta Coffee Traders,Brazil,090111,Robusta Coffee,Agriculture,1028405.72,459659.26,28.97,China,4.27,1,0.9,4.65,81.25,0.73,4.86,2023,Enterprise,19,9623,14,191997,Yes,Yes,Yes,TT,6.6,6.7,4.57,1.63,87.92,Sea,276.04,6.5
SUP_8F27240E,Vietnam Cloves Traders,Vietnam,090710,Cloves,Spices,9849721.92,160176.49,20.13,Brazil,10.19,0,1.0,4.0,856.22,0.88,5.25,2023,Large,8,35340,38,122978,Yes,Yes,No,LC,4.8,6.9,3.74,1.86,90.91,Land,156.75,9.7
SUP_2257998E,Australia Nutmeg Traders,Australia,090811,Nutmeg,Spices,4020238.58,231752.79,17.17,Germany,3.31,1,5.0,2.32,718.44,0.8,1.83,2023,Enterprise,46,41747,12,68417,No,No,Yes,Advance,7.0,7.2,3.02,3.0,96.58,Air,72.78,9.8
SUP_26DEA13E,Ethiopia Nutmeg Traders,Ethiopia,090811,Nutmeg,Spices,4053459.77,321985.26,0.85,Mexico,3.77,0,0.9,5.69,400.63,0.73,2.49,2023,Large,48,23513,54,37040,No,No,Yes,Advance,7.3,5.3,3.81,7.24,93.24,Sea,354.99,9.1
SUP_CAF6EB00,Chile Organic Turmeric Traders,Chile,091030,Organic Turmeric,Spices,2684196.08,465505.32,6.8,Brazil,4.04,1,0.9,3.54,196.83,0.97,6.65,2023,Large,15,33845,39,21036,Yes,No,Yes,Advance,5.3,9.9,3.21,7.96,90.05,Land,35.06,6.5
SUP_1B94D318,Chile Coriander Traders,Chile,090921,Coriander,Spices,6986610.08,261611.53,13.6,USA,6.62,1,0.9,5.79,426.45,0.85,2.28,2023,Large,43,15841,34,151367,Yes,No,No,LC,6.9,5.5,3.65,5.64,93.85,Air,37.71,4.6
SUP_7B28B866,Australia Raw Cotton Traders,Australia,520100,Raw Cotton,Agriculture,743096.88,69614.29,27.96,China,12.37,0,83.0,5.79,58.27,0.81,1.18,2023,Large,50,30994,42,192030,No,Yes,Yes,TT,8.3,8.7,3.38,1.3,91.47,Land,85.5,6.5
SUP_75F4B504,India Cumin Traders,India,090931,Cumin,Spices,3932894.94,203097.86,5.25,Brazil,2.5,0,1.0,0.65,373.47,0.73,5.78,2023,Enterprise,13,43166,41,116132,Yes,Yes,Yes,LC,6.4,4.1,4.66,7.7,82.44,Land,296.75,7.4
SUP_398E27FB,USA Cumin Traders,USA,090931,Cumin,Spices,7109912.33,308442.72,1.71,UK,13.64,0,24000.0,1.9,532.73,0.98,4.63,2023,SME,5,30957,12,151244,No,No,No,Advance,8.6,8.3,4.89,7.9,96.64,Air,496.33,8.3
SUP_48368935,USA Coriander Traders,USA,090921,Coriander,Spices,4352144.65,444053.2,-3.2,Brazil,6.93,0,1.0,9.11,724.56,0.98,3.5,2023,SME,14,48870,15,157208,No,No,Yes,Net 30,7.5,7.9,3.89,6.31,89.29,Land,307.13,5.4
SUP_A784153B,USA Robusta Coffee Traders,USA,090111,Robusta Coffee,Agriculture,9168744.48,167608.61,11.27,UK,4.94,1,24000.0,9.4,226.16,0.73,9.46,2023,SME,41,13221,39,71269,Yes,No,Yes,Net 30,7.4,7.6,4.31,6.76,88.45,Sea,443.25,9.6
SUP_878C4149,Brazil Robusta Coffee Traders,Brazil,090111,Robusta Coffee,Agriculture,3425574.21,166948.02,26.33,Germany,10.32,1,5.0,4.41,491.61,0.96,1.43,2023,SME,10,23340,53,25293,No,No,Yes,LC,7.8,6.4,4.18,4.94,89.85,Land,120.94,6.7
SUP_8DDEB2BE,Chile Cardamom Traders,Chile,090832,Cardamom,Spices,3707670.72,375541.71,9.63,Brazil,10.26,0,15500.0,5.81,461.27,0.9,2.99,2023,SME,37,35936,60,147514,Yes,Yes,Yes,Net 30,5.5,6.7,3.91,3.57,94.66,Air,121.83,4.9
SUP_B050364C,India Cumin Traders,India,090931,Cumin,Spices,9721305.43,484754.05,11.6,UAE,5.28,0,56.0,4.42,470.83,0.89,4.25,2023,SME,30,12985,48,114504,Yes,Yes,No,Net 30,6.9,8.6,3.27,6.36,89.41,Sea,207.58,6.5
SUP_3C2E405D,Vietnam Bulk Palm Oil Traders,Vietnam,151110,Bulk Palm Oil,Agriculture,8461204.85,14033.57,-3.36,France,8.0,1,5.0,6.78,855.48,0.85,7.01,2023,Enterprise,8,48220,20,46697,Yes,No,No,LC,7.3,4.0,4.81,7.55,83.84,Land,338.07,5.1
SUP_095B1E42,Vietnam Cardamom Traders,Vietnam,090832,Cardamom,Spices,6963299.57,193091.05,13.21,Mexico,11.28,0,56.0,4.55,817.02,0.83,3.25,2023,Enterprise,27,27915,24,55681,No,No,No,LC,6.2,9.8,4.82,2.29,92.15,Air,46.34,4.1
SUP_273CD76A,Chile Cardamom Traders,Chile,090832,Cardamom,Spices,8646525.38,206086.09,4.11,China,3.61,1,7.0,4.88,113.16,0.95,2.15,2023,SME,27,26101,27,38583,No,Yes,Yes,Net 30,6.4,9.1,4.97,6.39,83.71,Sea,66.15,8.4
SUP_C0A20440,Indonesia Cinnamon Traders,Indonesia,090611,Cinnamon,Spices,4592066.2,494003.88,21.88,France,1.64,1,7.0,6.19,425.77,0.97,1.73,2023,Enterprise,47,14950,10,170910,No,Yes,Yes,TT,4.8,6.7,3.16,3.36,98.9,Sea,269.21,7.2
SUP_96AC3A06,Brazil Organic Turmeric Traders,Brazil,091030,Organic Turmeric,Spices,3997131.69,381753.42,9.22,USA,11.71,0,15500.0,9.09,761.03,0.75,7.92,2023,SME,43,18593,35,59778,No,No,No,LC,8.4,5.9,4.65,0.55,95.45,Sea,22.34,9.1
SUP_A9BD5E37,India Raw Sugar Traders,India,170114,Raw Sugar,Agriculture,2230253.24,266001.5,26.3,UK,6.47,1,83.0,3.08,419.66,0.76,2.97,2023,SME,8,49559,49,119145,Yes,Yes,No,Net 30,8.2,7.2,3.77,6.84,96.08,Air,452.51,4.8
SUP_B0690305,Ethiopia Bulk Palm Oil Traders,Ethiopia,151110,Bulk Palm Oil,Agriculture,9034515.86,60823.07,-1.83,Brazil,9.91,1,0.9,0.84,507.73,0.89,8.93,2023,Enterprise,35,39827,51,104384,Yes,No,No,Net 30,8.7,5.8,4.22,5.88,96.73,Sea,281.61,8.2
SUP_8647BFFD,Chile Urea Fertilizer Traders,Chile,310210,Urea Fertilizer,Chemicals,3724741.57,217959.72,2.1,India,7.17,1,850.0,4.99,272.81,0.79,6.56,2023,Enterprise,50,20992,18,113791,No,No,No,Advance,9.3,4.2,3.43,7.26,96.69,Air,26.91,9.9
SUP_05F9B9AB,Italy Nutmeg Traders,Italy,090811,Nutmeg,Spices,7065122.15,324424.74,0.82,UK,1.78,1,15500.0,4.75,704.2,0.77,1.44,2023,Large,43,36530,59,128296,Yes,No,Yes,LC,9.7,7.9,4.17,2.3,80.81,Sea,448.13,6.8
SUP_687DCC76,Vietnam Cloves Traders,Vietnam,090710,Cloves,Spices,9629696.43,217731.63,25.43,France,13.13,1,15500.0,5.26,985.3,0.7,1.17,2023,Large,29,25229,13,48569,No,Yes,Yes,LC,6.0,7.7,4.24,0.83,84.47,Sea,421.58,4.9
SUP_9F01B21F,Taiwan Milled Rice Traders,Taiwan,100630,Milled Rice,Agriculture,3729593.19,130688.59,-1.72,UAE,3.87,1,0.9,0.31,954.7,0.82,8.81,2023,SME,45,12748,41,130662,Yes,No,Yes,TT,6.3,9.9,3.84,4.68,80.39,Sea,274.07,9.3
SUP_F1BCAD4D,China Organic Turmeric Traders,China,091030,Organic Turmeric,Spices,2391741.14,435560.94,9.15,UAE,11.01,1,850.0,7.82,351.58,0.84,7.54,2023,Large,32,47216,57,157017,No,Yes,No,Net 30,7.1,4.9,4.28,7.4,83.96,Land,435.29,7.5
SUP_4DE2A99E,Indonesia Urea Fertilizer Traders,Indonesia,310210,Urea Fertilizer,Chemicals,7448019.7,71037.57,-0.41,France,2.97,1,7.0,1.3,281.58,0.86,7.76,2023,Enterprise,14,4911,58,88675,Yes,No,No,Net 30,7.7,7.9,3.84,6.28,84.34,Land,196.17,4.5
SUP_CED5FC0A,Indonesia Black Pepper Traders,Indonesia,090411,Black Pepper,Spices,3017346.93,290944.33,16.36,China,4.32,1,15500.0,0.34,294.33,0.83,1.64,2023,Large,48,2585,58,176958,Yes,No,No,Advance,6.8,4.7,3.89,7.08,96.34,Land,60.52,8.8
SUP_515770B1,India Raw Cotton Traders,India,520100,Raw Cotton,Agriculture,5887450.17,383776.8,2.18,UK,3.42,1,83.0,8.77,351.04,0.87,4.96,2023,Enterprise,16,42797,12,194361,Yes,No,No,TT,5.8,9.8,4.13,7.54,95.32,Sea,143.33,6.5
SUP_959ADE21,Vietnam Cardamom Traders,Vietnam,090832,Cardamom,Spices,3557192.84,388336.51,10.68,China,2.63,0,0.9,0.39,196.09,0.89,5.65,2023,SME,10,43035,23,75955,No,Yes,Yes,LC,8.3,7.7,3.38,2.36,89.35,Air,403.83,9.6
SUP_BDFC9FE4,Brazil Organic Turmeric Traders,Brazil,091030,Organic Turmeric,Spices,1356243.91,5454.76,7.89,Germany,14.14,0,56.0,5.4,652.46,0.96,3.67,2023,SME,8,20217,60,177807,Yes,No,Yes,Advance,6.5,6.2,3.05,4.76,81.6,Sea,306.95,8.2
SUP_9879BDA0,China Black Pepper Traders,China,090411,Black Pepper,Spices,4465000.38,22632.61,-3.78,India,0.23,1,35.0,7.11,903.88,0.91,4.79,2023,Enterprise,4,13904,27,34204,No,No,Yes,Net 30,6.3,6.7,3.71,6.22,94.31,Air,80.1,9.8
SUP_5BD10B02,Brazil Robusta Coffee Traders,Brazil,090111,Robusta Coffee,Agriculture,8756563.49,166360.63,24.57,USA,3.6,1,0.9,8.6,596.53,0.78,8.92,2023,SME,41,21087,55,43388,No,Yes,Yes,TT,4.3,5.7,3.32,1.97,88.32,Air,68.39,5.2
SUP_91491EEA,Taiwan Black Pepper Traders,Taiwan,090411,Black Pepper,Spices,5020029.14,102464.8,4.29,Brazil,5.66,0,15500.0,0.63,798.13,0.8,7.07,2023,Enterprise,15,37015,59,49257,Yes,No,No,Net 30,4.3,9.1,4.52,1.45,97.22,Sea,100.68,8.3
SUP_6AE170F8,Ethiopia Milled Rice Traders,Ethiopia,100630,Milled Rice,Agriculture,7106023.78,124645.26,-0.38,Japan,5.7,1,56.0,7.42,941.5,0.84,4.26,2023,Large,2,4404,40,78164,Yes,Yes,No,TT,6.2,5.3,3.28,3.92,90.97,Land,125.59,4.8
SUP_7FE71D44,Italy Cloves Traders,Italy,090710,Cloves,Spices,5728524.68,285634.83,17.05,France,8.2,1,24000.0,6.4,949.4,0.84,8.8,2023,Large,22,3118,50,53306,Yes,No,Yes,Net 30,4.0,4.5,3.6,2.5,85.64,Air,49.32,5.2
SUP_3AC375B7,Brazil Cumin Traders,Brazil,090931,Cumin,Spices,7844452.27,90110.72,17.94,China,1.42,0,7.0,6.91,574.15,0.79,9.14,2023,Large,39,665,57,184175,Yes,No,Yes,Advance,6.7,6.1,3.32,5.16,84.05,Sea,76.53,5.7
SUP_86819E6C,Brazil Black Pepper Traders,Brazil,090411,Black Pepper,Spices,6332365.97,83508.51,0.85,UK,11.54,1,850.0,4.78,157.79,0.88,8.57,2023,Large,32,41256,14,62428,Yes,Yes,Yes,LC,7.0,9.0,3.16,6.97,90.95,Sea,451.92,6.6
SUP_D2787012,Ethiopia Cardamom Traders,Ethiopia,090832,Cardamom,Spices,1438013.25,287134.28,6.36,Brazil,2.35,0,1.0,1.06,187.8,0.98,9.63,2023,SME,30,22461,25,33028,No,Yes,No,TT,6.8,6.0,4.74,5.22,91.7,Land,234.62,6.8
SUP_C29F92B2,Taiwan Cloves Traders,Taiwan,090710,Cloves,Spices,6802668.88,362632.16,15.97,UK,11.89,1,850.0,4.59,867.71,0.82,2.66,2023,SME,23,5369,11,170573,Yes,No,No,Net 30,5.8,6.8,4.43,2.71,94.87,Sea,363.93,5.8
SUP_D9AE3803,Chile Nutmeg Traders,Chile,090811,Nutmeg,Spices,1856784.98,361163.71,4.53,USA,1.69,0,24000.0,1.5,899.2,0.97,6.13,2023,Enterprise,48,27204,56,160455,Yes,No,No,LC,5.2,6.4,3.66,1.99,90.31,Land,119.37,7.1
SUP_9B8897E7,Australia Wheat Traders,Australia,100199,Wheat,Grains,8154610.6,283713.17,0.93,UAE,0.16,1,5.0,4.48,589.16,0.92,8.47,2023,SME,9,21062,26,176744,No,No,No,Advance,5.0,6.3,3.57,2.65,81.91,Sea,45.03,9.2
SUP_0D2499DB,Brazil Bulk Palm Oil Traders,Brazil,151110,Bulk Palm Oil,Agriculture,4375477.97,222685.38,15.11,France,2.63,0,0.9,7.31,401.97,0.98,1.51,2023,Enterprise,26,21172,28,147420,No,Yes,No,Advance,9.3,6.3,3.5,6.58,92.5,Land,96.55,5.0
SUP_57C8A917,Indonesia Urea Fertilizer Traders,Indonesia,310210,Urea Fertilizer,Chemicals,6767248.5,355752.31,12.11,India,2.16,1,7.0,1.7,432.17,0.76,6.1,2023,SME,2,15011,38,79513,No,No,No,LC,9.5,8.2,4.21,5.23,80.15,Sea,116.27,8.4
SUP_B94CC1E9,Ethiopia Coriander Traders,Ethiopia,090921,Coriander,Spices,9844179.41,65397.29,8.5,UK,3.09,0,7.0,0.36,99.45,0.87,6.12,2023,SME,9,34083,20,165137,No,No,No,TT,6.3,9.9,3.72,5.27,87.81,Sea,475.01,9.5
SUP_D713C774,Chile Cinnamon Traders,Chile,090611,Cinnamon,Spices,2975022.13,466960.04,10.03,USA,10.77,1,56.0,2.98,74.47,0.74,8.44,2023,Large,43,28842,48,151180,Yes,No,No,Advance,8.0,6.2,4.03,6.32,90.89,Air,14.86,8.7
SUP_27073386,Germany Milled Rice Traders,Germany,100630,Milled Rice,Agriculture,6007476.91,447302.23,1.75,UK,6.18,0,24000.0,2.26,366.23,0.97,5.6,2023,Large,47,22594,45,56625,No,Yes,No,LC,8.8,4.2,4.51,6.99,94.06,Land,140.25,9.1
SUP_473A69C1,Vietnam Wheat Traders,Vietnam,100199,Wheat,Grains,5998584.71,84032.25,9.64,China,3.72,0,5.0,7.27,610.92,0.74,9.63,2023,SME,10,25082,60,70003,No,No,No,Advance,5.1,5.7,4.11,3.64,92.78,Air,290.67,8.5
SUP_6AA3E0C5,China Coriander Traders,China,090921,Coriander,Spices,653550.94,91181.02,11.06,Brazil,5.08,1,24000.0,4.77,638.28,0.91,9.84,2023,SME,8,33315,54,78229,Yes,Yes,Yes,Net 30,4.9,7.7,4.64,4.77,87.99,Sea,298.23,5.2
SUP_59C50DAB,Chile Wheat Traders,Chile,100199,Wheat,Grains,5388119.41,117316.13,-1.96,UK,0.41,1,0.9,9.14,601.5,0.91,4.19,2023,Large,3,13708,49,44255,Yes,No,No,TT,7.4,7.0,5.0,0.43,80.5,Air,318.68,5.9
SUP_2092EBBE,Ethiopia Cinnamon Traders,Ethiopia,090611,Cinnamon,Spices,2294977.82,285693.46,1.04,Japan,0.69,1,1.0,8.22,636.09,0.82,4.49,2023,Large,23,15191,46,87648,No,No,Yes,Net 30,6.6,7.6,3.45,4.37,85.98,Air,121.82,4.5
SUP_736A131E,Vietnam Coriander Traders,Vietnam,090921,Coriander,Spices,777243.6,403345.66,16.2,Germany,2.17,0,5.0,0.9,599.08,0.76,6.6,2023,Large,48,24582,15,76785,Yes,Yes,No,LC,8.9,9.9,3.54,2.08,97.33,Land,274.71,6.6
SUP_067616B3,Vietnam Wheat Traders,Vietnam,100199,Wheat,Grains,5521697.59,363262.79,16.58,Brazil,3.02,0,83.0,7.27,72.61,0.95,3.25,2023,Large,23,5008,22,133818,No,No,No,TT,7.6,6.8,3.24,1.97,92.22,Land,200.12,8.1
SUP_38F8DCC6,Mexico Black Pepper Traders,Mexico,090411,Black Pepper,Spices,6053715.38,248006.51,10.31,UAE,10.78,1,5.0,4.43,568.21,0.73,6.5,2023,SME,7,1188,58,23302,No,No,No,Advance,6.1,7.1,4.04,0.34,93.46,Sea,247.93,4.5
SUP_D62259B7,Indonesia Cloves Traders,Indonesia,090710,Cloves,Spices,9764988.88,397009.59,28.79,Mexico,7.56,0,5.0,2.53,68.83,0.76,1.5,2023,SME,12,4679,11,25970,No,No,No,TT,8.8,8.9,3.47,8.0,83.73,Air,382.39,7.7
SUP_1F2E8B6C,Brazil Robusta Coffee Traders,Brazil,090111,Robusta Coffee,Agriculture,1218836.42,330863.3,18.75,Japan,7.59,1,56.0,7.6,984.1,0.94,7.65,2023,Enterprise,49,5338,55,64045,No,Yes,No,LC,8.1,4.7,3.14,4.07,87.93,Air,247.9,4.9
SUP_3D50F128,USA Milled Rice Traders,USA,100630,Milled Rice,Agriculture,3735986.44,264152.84,11.61,Brazil,10.65,1,83.0,2.23,316.18,0.76,8.92,2023,Large,31,37690,32,46487,Yes,No,No,Advance,7.4,5.1,4.72,2.33,91.0,Sea,87.23,6.6
SUP_478DFEE7,Australia Wheat Traders,Australia,100199,Wheat,Grains,604660.26,160733.9,22.54,UK,1.91,0,850.0,0.79,248.73,0.83,2.74,2023,Enterprise,26,15915,30,145100,Yes,No,No,TT,8.5,5.4,4.92,7.3,88.14,Land,282.31,7.4
SUP_ED66C825,India Nutmeg Traders,India,090811,Nutmeg,Spices,3697432.16,85838.63,18.22,Japan,6.46,1,35.0,2.36,907.48,0.76,3.28,2023,SME,44,22591,39,46241,No,Yes,No,Advance,4.5,5.6,4.64,6.46,87.13,Land,83.66,9.9
SUP_05E3FC79,India Wheat Traders,India,100199,Wheat,Grains,5138880.25,223367.41,9.71,Germany,8.68,0,24000.0,3.19,143.42,0.85,1.42,2023,Enterprise,16,25894,21,171325,Yes,No,No,Net 30,4.7,8.4,4.89,0.8,97.41,Land,175.69,4.9
SUP_BF1C8E40,Vietnam Organic Turmeric Traders,Vietnam,091030,Organic Turmeric,Spices,9009981.78,88729.02,10.25,China,0.22,1,850.0,9.85,139.07,0.81,8.02,2023,Enterprise,9,39865,40,195900,Yes,Yes,No,Advance,4.7,4.0,3.0,5.26,88.54,Air,385.96,9.5
SUP_5CD60C3C,Brazil Organic Turmeric Traders,Brazil,091030,Organic Turmeric,Spices,1325640.75,401140.36,23.09,China,6.32,1,850.0,7.9,124.82,0.87,6.04,2023,SME,21,29707,46,122088,No,Yes,Yes,Advance,8.0,8.6,3.44,3.57,82.12,Air,191.84,5.8
SUP_A84BEB42,Germany Cardamom Traders,Germany,090832,Cardamom,Spices,1950912.15,124794.53,4.95,Mexico,5.67,1,83.0,1.99,113.51,0.94,8.97,2023,SME,15,21416,18,131550,No,No,Yes,TT,9.2,4.7,3.73,5.0,86.88,Sea,221.1,5.6
SUP_2282C7A7,China Cumin Traders,China,090931,Cumin,Spices,3742912.65,91265.3,-2.33,France,2.12,1,56.0,0.2,87.9,0.93,3.49,2023,Enterprise,11,5024,54,163031,No,Yes,Yes,LC,8.8,5.9,3.21,3.09,88.8,Sea,98.89,4.4
SUP_65B473B5,Vietnam Robusta Coffee Traders,Vietnam,090111,Robusta Coffee,Agriculture,7901647.83,29311.86,10.44,France,13.43,0,850.0,7.77,922.8,0.74,6.84,2023,Large,30,24120,12,86238,No,Yes,Yes,TT,8.4,4.2,3.21,0.38,97.56,Sea,104.41,8.4
SUP_680434FB,Taiwan Organic Turmeric Traders,Taiwan,091030,Organic Turmeric,Spices,684623.12,144244.61,-3.66,France,8.41,0,35.0,2.89,705.92,0.85,8.55,2023,SME,44,21850,24,102433,Yes,No,Yes,Net 30,7.1,7.6,3.5,5.09,82.02,Sea,395.96,8.6
SUP_AF2BA6E2,Mexico Milled Rice Traders,Mexico,100630,Milled Rice,Agriculture,3092889.9,202510.08,21.53,India,9.41,1,850.0,4.56,259.04,0.73,7.1,2023,Enterprise,13,44003,54,183231,Yes,Yes,Yes,Advance,7.6,8.2,4.35,6.08,90.99,Sea,381.61,8.7
SUP_D006B10E,Brazil Nutmeg Traders,Brazil,090811,Nutmeg,Spices,8745904.54,401612.52,6.15,UK,13.76,0,83.0,7.69,714.96,0.73,7.96,2023,Enterprise,32,36086,18,88372,No,Yes,Yes,TT,8.2,6.2,4.35,2.41,87.96,Sea,5.9,7.8
SUP_CB6FA672,Vietnam Urea Fertilizer Traders,Vietnam,310210,Urea Fertilizer,Chemicals,7766106.98,470986.16,19.25,Brazil,11.28,0,5.0,6.0,504.66,0.96,8.11,2023,Enterprise,45,34201,42,186906,Yes,No,No,Advance,7.3,4.2,3.92,7.54,95.84,Land,253.66,8.0
SUP_3B5F9A6B,Chile Cardamom Traders,Chile,090832,Cardamom,Spices,3067297.27,308573.17,-0.06,Mexico,13.24,0,56.0,2.16,732.09,0.87,6.46,2023,SME,7,38872,48,27414,Yes,No,No,Net 30,8.1,6.8,4.53,5.75,83.43,Sea,237.82,9.6
SUP_D832B4FE,Indonesia Urea Fertilizer Traders,Indonesia,310210,Urea Fertilizer,Chemicals,8053594.93,81171.36,28.3,Mexico,12.48,0,83.0,8.61,267.13,0.94,5.54,2023,Large,30,48934,25,188588,No,No,No,TT,8.9,8.5,3.75,1.77,92.77,Air,17.21,8.5
SUP_1D459B8F,Taiwan Milled Rice Traders,Taiwan,100630,Milled Rice,Agriculture,5948281.96,217335.84,13.49,India,13.52,1,5.0,3.01,305.4,0.88,5.46,2023,Large,9,30066,12,27061,Yes,Yes,No,LC,4.8,5.1,4.04,3.4,92.4,Land,292.79,8.2
SUP_7750B086,USA Raw Sugar Traders,USA,170114,Raw Sugar,Agriculture,5323256.5,470625.96,28.7,UK,4.82,1,56.0,6.5,837.9,0.9,7.07,2023,SME,30,49169,10,67315,No,No,Yes,Advance,5.0,8.5,4.97,3.61,83.02,Air,298.25,8.0
SUP_357BD7D5,Brazil Cinnamon Traders,Brazil,090611,Cinnamon,Spices,1591480.21,402245.92,15.73,China,0.33,1,15500.0,8.76,611.67,0.91,9.62,2023,Large,8,29972,38,153214,Yes,Yes,No,LC,8.1,9.7,4.83,5.85,81.13,Land,33.11,9.3
SUP_8ED0791E,Indonesia Black Pepper Traders,Indonesia,090411,Black Pepper,Spices,8459085.83,94548.75,7.81,China,9.73,1,24000.0,9.0,953.57,0.98,9.25,2023,Enterprise,47,23875,57,59134,No,Yes,No,Advance,4.2,8.2,3.01,6.77,95.0,Land,224.2,6.8
SUP_1FBD755D,Ethiopia Organic Turmeric Traders,Ethiopia,091030,Organic Turmeric,Spices,985386.34,139600.17,11.78,Brazil,6.82,0,850.0,5.15,360.47,0.97,2.21,2023,Enterprise,41,12393,29,59234,Yes,No,Yes,Advance,4.1,8.5,3.66,2.6,92.44,Land,68.87,5.9
SUP_B56FEE98,Italy Nutmeg Traders,Italy,090811,Nutmeg,Spices,4043407.84,373306.31,3.01,Brazil,9.79,0,15500.0,3.82,467.46,0.94,3.82,2023,Enterprise,7,37278,19,178389,No,Yes,Yes,Advance,6.5,5.3,3.13,1.7,82.17,Land,234.92,7.8
SUP_75878A6C,China Nutmeg Traders,China,090811,Nutmeg,Spices,5048171.08,348052.17,-0.62,India,4.84,0,7.0,9.87,142.28,0.86,8.45,2023,SME,9,18304,18,95493,No,No,Yes,LC,7.2,4.4,3.89,3.1,90.79,Air,57.76,4.1
SUP_C004EF30,Indonesia Bulk Palm Oil Traders,Indonesia,151110,Bulk Palm Oil,Agriculture,5669680.65,487590.21,18.5,Japan,13.07,1,15500.0,8.52,482.47,0.97,5.43,2023,Large,3,1844,28,91631,No,No,Yes,LC,4.4,5.9,4.53,1.45,84.36,Air,448.05,5.7
SUP_D0B187C0,USA Coriander Traders,USA,090921,Coriander,Spices,9492851.65,230418.58,29.48,USA,4.14,0,7.0,1.92,214.85,0.76,2.5,2023,Enterprise,36,5207,16,30286,Yes,Yes,Yes,Advance,9.0,6.3,4.8,0.67,96.95,Land,254.34,4.8
SUP_8540DAFC,Germany Raw Cotton Traders,Germany,520100,Raw Cotton,Agriculture,4287075.46,14709.92,18.95,Brazil,11.99,0,56.0,5.13,866.39,0.96,9.45,2023,Large,36,30727,41,96513,Yes,No,No,TT,5.3,9.1,4.54,0.41,90.87,Sea,188.99,6.5
SUP_ED99328D,Indonesia Cumin Traders,Indonesia,090931,Cumin,Spices,1941395.39,372228.52,5.31,India,12.13,0,1.0,4.41,645.34,0.71,2.85,2023,SME,27,20918,10,188438,No,No,No,LC,5.1,6.6,3.33,5.41,87.24,Sea,277.3,6.2
SUP_A166D34D,Australia Raw Cotton Traders,Australia,520100,Raw Cotton,Agriculture,4136213.29,67321.09,5.69,China,13.59,0,35.0,5.28,310.95,0.78,4.81,2023,Large,19,7117,24,87985,Yes,Yes,No,Advance,5.0,9.1,4.44,6.29,98.13,Air,471.79,4.2
SUP_F0D7F7ED,Brazil Coriander Traders,Brazil,090921,Coriander,Spices,9740161.73,369220.06,22.63,China,14.9,0,5.0,6.91,472.41,0.76,5.15,2023,Enterprise,32,38630,38,153054,Yes,Yes,Yes,TT,6.8,4.8,3.57,3.92,93.43,Sea,496.37,8.2
SUP_87FDC225,USA Cumin Traders,USA,090931,Cumin,Spices,2002855.43,191143.92,0.11,Mexico,3.14,1,15500.0,6.17,573.64,0.92,2.84,2023,Large,39,47619,31,97207,Yes,Yes,Yes,Net 30,7.4,7.9,4.38,2.89,97.54,Sea,156.14,5.4
SUP_27B32697,Vietnam Urea Fertilizer Traders,Vietnam,310210,Urea Fertilizer,Chemicals,1069871.75,287367.24,-1.12,France,0.97,1,15500.0,6.39,228.06,0.91,8.56,2023,SME,15,17797,56,88933,No,No,No,TT,8.6,6.3,3.6,7.09,81.36,Air,130.38,9.2
SUP_4D1C04CF,China Cardamom Traders,China,090832,Cardamom,Spices,8517693.38,335875.94,15.49,Mexico,0.44,0,24000.0,7.6,978.52,0.82,2.63,2023,Enterprise,42,45547,29,131471,Yes,No,No,Advance,7.7,6.5,3.44,7.03,94.06,Sea,125.18,6.5
SUP_39BB41A5,Taiwan Cloves Traders,Taiwan,090710,Cloves,Spices,9104759.7,54705.7,9.09,Mexico,12.35,0,850.0,6.79,884.65,0.73,3.76,2023,Enterprise,6,25205,16,138732,No,No,No,TT,4.4,6.3,3.02,0.65,90.98,Sea,62.82,8.9
SUP_254C6767,Ethiopia Urea Fertilizer Traders,Ethiopia,310210,Urea Fertilizer,Chemicals,1209651.52,182836.19,10.71,China,0.62,1,24000.0,0.72,914.5,0.84,2.22,2023,Large,9,15480,38,165566,Yes,No,No,TT,9.1,9.0,4.4,3.35,82.32,Air,245.38,9.1
SUP_5C38A802,Mexico Cumin Traders,Mexico,090931,Cumin,Spices,9392625.79,93672.36,2.33,Japan,11.6,0,0.9,3.05,489.33,0.84,1.32,2023,SME,16,20838,18,166572,Yes,No,No,Net 30,9.9,7.1,4.48,1.38,81.98,Land,393.07,4.2
SUP_463C2748,India Cardamom Traders,India,090832,Cardamom,Spices,6932234.91,145186.18,-4.87,Brazil,3.14,1,56.0,4.96,403.34,0.76,3.92,2023,Enterprise,15,1622,37,148675,No,Yes,No,LC,7.9,9.8,4.47,2.66,81.23,Land,327.11,5.8
SUP_13AAA168,China Urea Fertilizer Traders,China,310210,Urea Fertilizer,Chemicals,9155858.93,18283.61,5.12,Japan,5.88,1,56.0,2.31,488.8,0.83,3.92,2023,SME,21,39291,18,138024,Yes,No,No,LC,6.9,4.2,3.83,3.9,80.05,Air,293.02,6.5
SUP_A38525BE,Mexico Cinnamon Traders,Mexico,090611,Cinnamon,Spices,5521583.17,97957.8,20.82,Brazil,3.15,0,35.0,8.91,318.98,0.8,1.08,2023,SME,10,15216,60,103328,No,Yes,No,Net 30,7.8,8.1,4.43,6.24,81.26,Land,462.48,4.1
SUP_55AC8450,Germany Nutmeg Traders,Germany,090811,Nutmeg,Spices,4141121.94,437627.35,19.32,India,14.48,1,5.0,7.86,576.34,0.96,5.99,2023,Enterprise,19,29806,44,95308,Yes,No,No,Net 30,8.9,5.1,3.15,5.05,84.51,Sea,19.19,7.5
SUP_21AD3088,Italy Wheat Traders,Italy,100199,Wheat,Grains,2982654.08,37426.51,-3.01,UK,11.15,1,56.0,7.27,811.44,0.93,9.61,2023,Enterprise,19,21796,34,143490,Yes,No,No,LC,4.6,8.3,4.45,6.15,94.54,Air,330.72,6.5
SUP_417A6F5E,Germany Raw Cotton Traders,Germany,520100,Raw Cotton,Agriculture,6049557.54,275107.09,5.57,France,1.95,0,850.0,5.31,133.26,0.72,8.28,2023,SME,33,48384,16,89997,Yes,No,Yes,TT,9.4,7.3,3.67,7.5,84.22,Sea,133.24,8.8
SUP_1FE2EA2F,Mexico Cinnamon Traders,Mexico,090611,Cinnamon,Spices,2466990.88,316157.75,3.29,USA,13.37,1,5.0,7.39,429.6,0.9,9.13,2023,Enterprise,36,28251,43,96576,Yes,No,No,TT,8.5,7.7,3.77,7.96,91.84,Land,338.19,7.2
SUP_B28C1D92,Indonesia Organic Turmeric Traders,Indonesia,091030,Organic Turmeric,Spices,8365938.64,93606.09,5.65,Mexico,8.69,0,15500.0,4.35,884.79,0.94,6.21,2023,Large,4,48721,40,188521,No,Yes,No,TT,6.0,5.9,3.07,2.31,92.07,Sea,248.31,5.5
SUP_EE777E59,China Bulk Palm Oil Traders,China,151110,Bulk Palm Oil,Agriculture,5408137.2,468344.12,21.23,Japan,14.07,0,1.0,4.92,218.58,0.78,3.4,2023,Enterprise,27,25227,19,90492,No,Yes,No,Advance,8.3,7.2,4.46,1.46,87.42,Land,448.04,5.8
SUP_2F3C5E96,China Cumin Traders,China,090931,Cumin,Spices,575439.73,282011.08,3.14,Mexico,0.05,0,1.0,3.79,445.15,0.74,8.03,2023,Enterprise,8,8896,22,134365,No,No,No,Net 30,4.4,8.6,4.32,7.51,94.53,Air,394.6,5.1
SUP_1D33C111,Ethiopia Nutmeg Traders,Ethiopia,090811,Nutmeg,Spices,2125259.4,200701.47,1.11,India,7.28,0,5.0,1.45,513.08,0.85,9.31,2023,Enterprise,4,35701,46,129461,Yes,No,No,LC,8.7,8.0,3.52,2.56,83.28,Air,326.48,4.0
SUP_BD6EBFC8,USA Nutmeg Traders,USA,090811,Nutmeg,Spices,6572409.85,333547.36,0.98,USA,3.91,0,83.0,0.87,495.26,0.96,1.62,2023,Enterprise,32,21306,41,195535,Yes,No,Yes,LC,9.8,6.0,3.22,1.71,95.66,Air,175.44,5.4
SUP_38E47D88,Germany Wheat Traders,Germany,100199,Wheat,Grains,4056474.43,134208.34,-0.08,India,12.27,1,850.0,9.91,345.42,0.75,6.04,2023,SME,38,3798,13,38676,Yes,No,No,TT,5.2,4.9,4.33,3.91,90.94,Land,86.82,6.6
SUP_F28E6430,Vietnam Nutmeg Traders,Vietnam,090811,Nutmeg,Spices,1005858.0,316754.28,5.82,Mexico,2.54,1,1.0,3.61,200.76,0.93,2.13,2023,Large,27,7543,43,143655,No,No,No,TT,8.4,8.5,4.21,0.62,84.88,Land,108.67,5.0
SUP_12E423AD,Vietnam Organic Turmeric Traders,Vietnam,091030,Organic Turmeric,Spices,5905915.6,499401.64,-3.84,USA,13.92,0,5.0,9.24,220.84,0.73,5.67,2023,Large,34,4200,17,186480,Yes,Yes,No,Net 30,7.5,7.0,3.35,5.88,97.07,Land,101.19,8.0
SUP_416F228B,Ethiopia Cardamom Traders,Ethiopia,090832,Cardamom,Spices,1549772.61,465006.01,-0.35,France,9.45,0,15500.0,7.42,525.73,0.95,6.23,2023,SME,30,31092,53,37529,No,No,Yes,Net 30,5.4,7.0,3.12,2.08,80.35,Land,314.9,6.2
SUP_B244FF78,Vietnam Cloves Traders,Vietnam,090710,Cloves,Spices,5977884.52,353511.41,7.42,USA,2.2,1,24000.0,5.77,193.93,0.76,7.59,2023,Enterprise,24,8283,50,23816,No,Yes,Yes,Advance,6.3,6.0,4.82,1.43,98.84,Land,395.56,5.5
SUP_BD2DEB06,Australia Organic Turmeric Traders,Australia,091030,Organic Turmeric,Spices,3179144.67,35480.84,25.45,Germany,4.22,1,1.0,3.93,671.38,0.8,9.01,2023,SME,41,44685,21,75084,Yes,Yes,No,Advance,7.5,7.6,4.85,0.21,84.28,Land,493.41,6.2
SUP_3A5595BF,China Organic Turmeric Traders,China,091030,Organic Turmeric,Spices,597433.26,197181.59,14.01,Japan,9.43,0,24000.0,4.43,486.62,0.89,4.38,2023,SME,15,10662,20,28825,No,Yes,No,Advance,8.4,7.1,4.77,7.49,91.0,Land,337.34,7.9
SUP_D4E5D18F,Mexico Black Pepper Traders,Mexico,090411,Black Pepper,Spices,8413794.29,83653.51,24.95,UK,0.07,0,83.0,3.44,357.33,0.76,1.28,2023,Large,26,7094,42,144724,Yes,Yes,Yes,LC,7.0,8.6,4.41,2.23,86.91,Sea,174.99,7.8
SUP_70039820,China Milled Rice Traders,China,100630,Milled Rice,Agriculture,5423269.02,464572.63,25.17,France,2.78,1,0.9,1.2,847.15,0.95,7.52,2023,Enterprise,32,24587,39,168510,No,Yes,Yes,TT,6.9,6.3,4.94,2.22,97.85,Air,36.38,4.9
SUP_E8C5D91C,India Cumin Traders,India,090931,Cumin,Spices,1975858.04,142495.33,22.26,Germany,11.42,0,1.0,4.58,988.8,0.82,1.27,2023,Large,48,42710,19,42903,No,Yes,No,LC,7.6,6.7,4.15,7.56,90.31,Air,424.11,9.7
SUP_F31F9E99,Germany Organic Turmeric Traders,Germany,091030,Organic Turmeric,Spices,3864065.57,129171.56,13.01,Germany,13.66,0,15500.0,1.75,520.37,0.8,4.37,2023,Large,48,18325,26,44475,Yes,No,Yes,Net 30,4.1,5.6,3.51,1.93,87.14,Sea,169.81,7.2
SUP_9055C42E,Australia Raw Sugar Traders,Australia,170114,Raw Sugar,Agriculture,3758705.53,189612.0,7.53,UK,12.01,1,24000.0,6.2,473.99,0.86,1.45,2023,SME,18,10418,22,183123,Yes,No,Yes,Advance,4.4,9.9,3.44,6.55,92.81,Land,37.42,8.6
SUP_CC9BFDA5,Ethiopia Milled Rice Traders,Ethiopia,100630,Milled Rice,Agriculture,6444387.48,498460.58,11.17,USA,12.93,0,56.0,6.27,326.1,0.78,8.33,2023,Enterprise,39,19734,59,137493,Yes,No,Yes,Advance,6.2,8.3,4.38,1.46,82.15,Sea,395.01,6.8
SUP_DD1911ED,Italy Cinnamon Traders,Italy,090611,Cinnamon,Spices,6878932.46,93614.28,24.46,USA,12.99,0,850.0,7.0,923.32,0.87,6.21,2023,SME,15,34940,37,55304,Yes,No,No,TT,5.9,9.6,3.16,1.66,82.0,Land,79.81,9.1
SUP_3C4D39EC,Chile Urea Fertilizer Traders,Chile,310210,Urea Fertilizer,Chemicals,2953814.38,371443.71,2.0,France,13.27,1,56.0,0.9,361.62,0.9,4.72,2023,SME,37,34291,17,137757,Yes,No,No,TT,4.2,8.3,3.98,0.42,83.44,Land,295.43,7.0
SUP_48957BE6,USA Cinnamon Traders,USA,090611,Cinnamon,Spices,4210772.98,433132.29,25.34,Japan,9.77,0,24000.0,4.37,290.18,0.74,7.69,2023,SME,7,19302,10,172922,No,Yes,No,LC,5.9,6.9,4.82,4.1,96.69,Sea,414.31,7.8
SUP_97E770FA,Brazil Cinnamon Traders,Brazil,090611,Cinnamon,Spices,8625619.31,250951.52,-1.52,UK,10.7,0,7.0,9.74,273.82,0.87,7.31,2023,SME,31,38917,58,22575,Yes,Yes,No,LC,5.5,5.7,3.33,5.46,88.84,Air,70.8,8.6
SUP_F676DA4D,Italy Black Pepper Traders,Italy,090411,Black Pepper,Spices,8916415.93,340125.48,-3.34,UK,5.64,1,35.0,4.2,964.16,0.98,2.99,2023,SME,12,16026,55,40404,No,Yes,Yes,TT,9.6,8.9,3.76,0.81,86.37,Land,138.1,6.9
SUP_CA5C4699,USA Bulk Palm Oil Traders,USA,151110,Bulk Palm Oil,Agriculture,8952859.95,281281.04,5.84,UAE,14.36,0,5.0,2.32,898.89,0.73,4.89,2023,SME,38,23761,57,166256,Yes,Yes,No,Net 30,6.0,8.5,3.7,6.29,84.84,Air,235.03,5.3
SUP_2E7991FC,Vietnam Bulk Palm Oil Traders,Vietnam,151110,Bulk Palm Oil,Agriculture,1940884.76,431718.91,17.97,UAE,14.42,0,15500.0,6.98,746.83,0.8,3.1,2023,SME,48,31460,30,57202,Yes,Yes,Yes,TT,7.1,5.1,4.98,7.22,96.5,Air,355.26,5.8
SUP_AA2F075C,Mexico Robusta Coffee Traders,Mexico,090111,Robusta Coffee,Agriculture,5913236.36,147922.33,15.37,UK,4.08,0,850.0,1.8,723.77,0.76,6.94,2023,Large,36,32907,35,155061,No,Yes,No,Advance,9.8,9.8,4.51,5.12,90.51,Sea,159.3,5.2
SUP_6D5AEF7F,Ethiopia Raw Sugar Traders,Ethiopia,170114,Raw Sugar,Agriculture,8922333.34,189003.43,3.47,UAE,13.01,1,0.9,2.84,208.15,0.93,6.57,2023,SME,18,593,23,144676,No,Yes,Yes,TT,7.5,8.9,3.98,5.74,86.78,Air,383.1,5.8
SUP_11B0BDD9,Brazil Cinnamon Traders,Brazil,090611,Cinnamon,Spices,3576530.37,140198.83,23.4,France,7.99,1,7.0,2.77,764.58,0.8,1.67,2023,Enterprise,23,966,23,24708,No,No,Yes,Advance,8.0,4.2,3.22,1.0,91.52,Air,259.0,4.7
SUP_5FA1D7C8,Ethiopia Cloves Traders,Ethiopia,090710,Cloves,Spices,2640271.33,311265.33,22.15,Mexico,4.3,1,7.0,5.12,358.4,0.98,8.23,2023,Enterprise,45,41310,18,170213,No,Yes,Yes,LC,8.4,9.9,4.02,2.62,86.53,Sea,347.4,5.7
SUP_DB6F5401,India Organic Turmeric Traders,India,091030,Organic Turmeric,Spices,6587028.71,190385.04,22.16,Mexico,9.76,0,35.0,2.85,179.52,0.94,4.71,2023,Enterprise,35,643,24,97112,Yes,Yes,Yes,LC,5.6,7.3,4.66,2.51,82.36,Air,86.7,9.7
SUP_522FC174,Mexico Urea Fertilizer Traders,Mexico,310210,Urea Fertilizer,Chemicals,2412421.15,254876.05,28.46,Germany,5.65,1,5.0,6.15,499.74,0.96,2.2,2023,SME,11,36986,57,113229,Yes,No,No,Advance,9.8,8.0,4.56,1.89,82.19,Sea,473.2,5.5
SUP_0081E986,USA Raw Sugar Traders,USA,170114,Raw Sugar,Agriculture,8663462.68,401584.53,16.69,Brazil,2.23,0,24000.0,8.32,672.33,0.87,3.26,2023,SME,34,22139,29,28507,Yes,Yes,Yes,Advance,8.1,6.1,3.84,1.17,80.2,Land,393.49,6.7
SUP_414A2AD7,Italy Nutmeg Traders,Italy,090811,Nutmeg,Spices,9569975.52,206932.51,26.72,China,3.17,1,7.0,7.96,106.23,0.87,6.07,2023,Large,10,29632,38,168123,Yes,No,No,Net 30,5.5,5.0,3.81,3.65,80.01,Land,406.3,9.1
SUP_FE3D1A08,Mexico Nutmeg Traders,Mexico,090811,Nutmeg,Spices,9898222.25,77199.6,6.06,India,5.43,0,0.9,8.8,475.39,0.84,3.22,2023,Large,45,33072,48,188720,Yes,Yes,No,Advance,10.0,7.1,4.15,7.42,94.19,Land,226.33,7.7
SUP_FA987E09,Ethiopia Wheat Traders,Ethiopia,100199,Wheat,Grains,7611116.05,205006.53,25.72,Mexico,13.18,0,0.9,4.24,54.8,0.75,2.84,2023,Large,35,7340,58,197195,Yes,No,No,TT,8.7,8.0,4.0,5.59,91.98,Air,130.35,9.4
SUP_10D8439E,Ethiopia Raw Cotton Traders,Ethiopia,520100,Raw Cotton,Agriculture,9938305.55,103322.62,9.47,Brazil,2.64,0,850.0,9.27,186.93,0.93,4.16,2023,Large,42,14257,46,134732,No,Yes,Yes,TT,7.6,4.4,4.14,6.39,91.56,Land,471.71,8.1
SUP_71124751,India Coriander Traders,India,090921,Coriander,Spices,6489681.73,191436.78,18.45,China,2.64,0,83.0,4.4,704.0,0.87,7.54,2023,SME,42,16797,44,194023,No,Yes,Yes,Net 30,6.7,4.2,4.51,7.45,95.56,Land,186.58,7.1
SUP_966FA8B5,India Robusta Coffee Traders,India,090111,Robusta Coffee,Agriculture,8895142.38,447176.08,29.22,USA,11.48,1,5.0,1.66,233.28,0.77,4.14,2023,Enterprise,24,3606,15,183605,Yes,No,Yes,LC,5.0,4.1,3.92,4.38,93.1,Sea,267.7,9.9
SUP_83666A66,Mexico Black Pepper Traders,Mexico,090411,Black Pepper,Spices,7275864.36,373078.93,-0.94,Germany,12.69,1,1.0,3.47,262.47,0.98,7.9,2023,Large,40,26508,38,32325,No,No,No,Advance,7.3,8.8,4.51,0.75,86.01,Sea,116.23,4.2
SUP_698D48B2,Mexico Urea Fertilizer Traders,Mexico,310210,Urea Fertilizer,Chemicals,6767331.8,464405.88,29.8,Japan,5.07,1,35.0,0.51,482.64,0.83,5.61,2023,Enterprise,28,31399,58,48152,Yes,No,No,LC,6.4,10.0,4.96,7.91,96.18,Air,324.5,9.5
SUP_0C722F03,Germany Cinnamon Traders,Germany,090611,Cinnamon,Spices,1313904.7,21550.49,5.09,Mexico,3.48,1,0.9,2.97,508.43,0.96,4.32,2023,Enterprise,15,21082,30,72044,Yes,No,Yes,LC,4.5,4.5,3.0,2.59,89.81,Air,72.56,6.8
SUP_E93FA823,Chile Raw Sugar Traders,Chile,170114,Raw Sugar,Agriculture,4056925.36,349913.93,16.97,France,14.07,0,1.0,1.94,585.84,0.95,2.17,2023,Large,6,11116,50,152816,Yes,Yes,Yes,LC,7.7,5.9,4.33,5.3,90.89,Sea,485.3,6.3
SUP_DE786872,Ethiopia Robusta Coffee Traders,Ethiopia,090111,Robusta Coffee,Agriculture,8732780.2,376352.4,28.99,Germany,8.47,0,83.0,7.88,354.27,0.88,8.43,2023,Enterprise,41,10361,22,67908,Yes,Yes,No,Net 30,6.4,4.0,3.23,4.86,82.34,Sea,451.73,9.4
SUP_B7C5F542,Taiwan Cinnamon Traders,Taiwan,090611,Cinnamon,Spices,4268376.79,337757.69,27.06,India,6.29,1,35.0,9.72,132.58,0.98,5.84,2023,Enterprise,16,4791,18,128911,Yes,No,Yes,TT,8.0,5.3,3.31,5.76,94.9,Air,479.27,8.4
SUP_D94F3520,Indonesia Black Pepper Traders,Indonesia,090411,Black Pepper,Spices,4383692.43,424641.39,18.67,Mexico,8.84,1,15500.0,9.65,598.11,0.96,8.52,2023,Large,5,45717,42,175276,Yes,No,No,LC,6.9,7.6,3.1,6.23,86.65,Sea,176.36,9.3
SUP_EEC63311,Italy Cardamom Traders,Italy,090832,Cardamom,Spices,5819104.07,323953.05,0.12,China,4.05,0,850.0,6.88,187.14,0.93,5.46,2023,SME,43,4428,44,163821,No,No,Yes,Net 30,6.8,7.2,3.13,5.46,92.12,Sea,486.22,7.8
SUP_8B3CF243,Germany Wheat Traders,Germany,100199,Wheat,Grains,3005944.58,86894.82,-3.95,India,11.24,0,83.0,7.75,973.73,0.72,9.38,2023,SME,2,17456,22,100446,No,No,No,TT,5.9,5.7,4.75,0.24,87.61,Sea,455.47,8.2
SUP_96E13BF8,Chile Nutmeg Traders,Chile,090811,Nutmeg,Spices,7733194.84,66559.94,-0.89,Germany,7.7,0,24000.0,4.6,697.49,0.87,5.84,2023,Enterprise,37,15309,28,198314,No,Yes,Yes,LC,8.2,9.7,4.16,7.88,94.74,Land,257.05,7.3
SUP_1CDC1AF6,Mexico Cloves Traders,Mexico,090710,Cloves,Spices,2302234.49,364602.62,2.56,UAE,11.48,1,0.9,6.82,271.33,0.84,8.05,2023,SME,47,23767,52,195852,Yes,Yes,No,LC,7.4,8.3,4.6,3.92,82.86,Air,429.41,7.7
SUP_91C007A2,Italy Cloves Traders,Italy,090710,Cloves,Spices,7347919.96,165389.43,25.95,China,3.83,0,15500.0,1.67,580.74,0.83,8.74,2023,Large,46,17736,51,64852,Yes,No,Yes,TT,9.6,9.4,3.69,3.58,87.79,Sea,162.53,7.8
SUP_E0C56A19,Australia Cloves Traders,Australia,090710,Cloves,Spices,3238250.47,224485.83,10.76,Brazil,2.39,1,0.9,3.98,516.18,0.8,6.18,2023,Large,13,44830,12,177520,No,No,Yes,TT,8.1,4.1,4.16,3.53,86.66,Sea,378.71,7.2
SUP_774A5374,Chile Bulk Palm Oil Traders,Chile,151110,Bulk Palm Oil,Agriculture,7576715.31,456056.87,16.56,Brazil,3.06,1,5.0,4.47,95.23,0.72,6.46,2023,Enterprise,11,20440,24,114871,Yes,No,Yes,LC,5.1,8.5,3.32,3.6,82.08,Land,238.08,4.8
SUP_97F71B88,Italy Raw Sugar Traders,Italy,170114,Raw Sugar,Agriculture,8559210.44,210609.86,11.38,Brazil,11.43,1,7.0,8.04,662.02,0.91,7.48,2023,SME,27,32192,30,63905,Yes,Yes,Yes,TT,6.0,9.4,4.79,7.19,97.02,Sea,172.11,5.6
SUP_5719F504,Vietnam Urea Fertilizer Traders,Vietnam,310210,Urea Fertilizer,Chemicals,4747697.68,350137.81,2.82,China,7.99,1,7.0,2.0,501.51,0.79,7.61,2023,SME,49,10732,48,137015,Yes,No,No,LC,9.3,9.5,3.61,2.37,91.59,Air,226.8,9.6
SUP_5A1B5026,Taiwan Cinnamon Traders,Taiwan,090611,Cinnamon,Spices,2664071.12,153513.16,12.5,China,5.64,0,5.0,5.13,976.43,0.97,4.29,2023,Large,7,12152,42,98102,Yes,Yes,Yes,Advance,8.6,7.8,4.7,5.34,90.64,Sea,485.35,7.9
SUP_2D493541,Ethiopia Bulk Palm Oil Traders,Ethiopia,151110,Bulk Palm Oil,Agriculture,4405568.94,455387.17,19.03,Brazil,5.96,1,24000.0,2.99,984.23,0.73,3.49,2023,SME,23,29065,32,153422,No,Yes,Yes,LC,9.5,9.9,3.7,1.87,97.99,Land,51.65,5.4
SUP_2865929F,Ethiopia Organic Turmeric Traders,Ethiopia,091030,Organic Turmeric,Spices,1360451.98,310150.59,-4.5,USA,0.44,0,5.0,6.64,821.68,0.79,3.99,2023,Enterprise,26,46103,40,175848,No,Yes,Yes,Net 30,4.5,4.2,3.93,2.49,81.23,Land,174.79,8.4
SUP_88FC55A1,Brazil Nutmeg Traders,Brazil,090811,Nutmeg,Spices,6360977.08,367317.11,15.62,France,10.46,0,0.9,6.02,560.11,0.82,1.3,2023,SME,26,1758,45,96978,Yes,No,Yes,Advance,10.0,7.4,4.79,6.62,89.81,Land,360.89,9.7
SUP_F07BF22A,Ethiopia Raw Sugar Traders,Ethiopia,170114,Raw Sugar,Agriculture,3604507.97,315512.34,15.63,USA,11.55,0,7.0,5.78,921.66,0.93,5.91,2023,Large,11,33697,38,165502,No,Yes,Yes,Net 30,9.9,7.1,4.62,6.0,91.37,Sea,266.89,7.1
SUP_469AF3AE,Italy Raw Sugar Traders,Italy,170114,Raw Sugar,Agriculture,9116322.98,107273.05,21.3,UAE,8.58,0,35.0,2.92,509.8,0.9,2.55,2023,Large,28,42477,58,131382,Yes,Yes,No,TT,8.5,6.8,3.88,7.98,92.74,Land,483.68,6.8
SUP_AA3E99A9,China Bulk Palm Oil Traders,China,151110,Bulk Palm Oil,Agriculture,1968298.64,441710.47,22.52,France,2.71,0,56.0,2.93,744.91,0.86,9.79,2023,Large,22,40156,23,30032,No,No,No,LC,8.9,6.8,3.82,2.61,81.27,Air,414.94,7.9
SUP_788B3D73,Mexico Milled Rice Traders,Mexico,100630,Milled Rice,Agriculture,8723250.66,232546.27,-3.61,Brazil,8.2,1,24000.0,3.57,108.24,0.96,6.19,2023,Large,16,40521,28,55439,Yes,No,No,TT,9.5,9.9,3.19,0.2,86.95,Land,68.17,4.4
SUP_FA089585,China Black Pepper Traders,China,090411,Black Pepper,Spices,3910279.47,125953.28,2.97,USA,2.9,1,5.0,9.81,586.84,0.79,3.62,2023,Enterprise,14,31232,52,88277,No,Yes,Yes,LC,8.3,6.8,4.9,7.38,89.59,Air,164.74,5.9
SUP_59960F50,Italy Nutmeg Traders,Italy,090811,Nutmeg,Spices,2416918.54,483822.35,27.14,Japan,9.55,1,83.0,4.98,394.38,0.91,2.92,2023,Large,12,1919,52,192613,Yes,No,Yes,LC,4.1,8.1,4.23,0.91,92.53,Sea,453.29,4.3
SUP_55CC8464,China Milled Rice Traders,China,100630,Milled Rice,Agriculture,1355404.64,321285.69,3.5,India,3.14,0,83.0,4.01,741.78,0.96,4.6,2023,Large,50,1793,11,76071,Yes,Yes,Yes,TT,5.5,4.0,3.73,6.21,96.92,Sea,432.02,6.6
SUP_3E548170,China Cumin Traders,China,090931,Cumin,Spices,9042276.6,225576.92,27.51,Japan,13.57,0,5.0,2.81,244.3,0.8,6.15,2023,Enterprise,18,22020,34,93677,Yes,No,No,TT,5.8,5.7,3.04,1.0,93.26,Air,428.7,9.6
SUP_11B3EC6E,Brazil Urea Fertilizer Traders,Brazil,310210,Urea Fertilizer,Chemicals,1709490.99,5947.14,13.14,USA,1.96,1,35.0,7.66,787.31,0.79,8.08,2023,SME,43,48181,18,130034,No,No,No,LC,7.7,5.3,3.55,3.23,83.23,Land,327.26,8.7
SUP_28072D78,Germany Bulk Palm Oil Traders,Germany,151110,Bulk Palm Oil,Agriculture,2918725.99,34445.88,25.04,China,10.74,1,24000.0,7.44,685.34,0.88,6.41,2023,Large,30,10312,48,27821,Yes,Yes,Yes,LC,4.4,4.5,3.36,6.86,89.92,Land,154.72,5.5
SUP_44B5E00D,Indonesia Raw Sugar Traders,Indonesia,170114,Raw Sugar,Agriculture,9184081.6,335338.24,26.9,Brazil,6.66,1,24000.0,4.71,216.66,0.95,4.22,2023,SME,35,24401,18,174685,No,No,Yes,Net 30,6.4,5.4,4.83,1.21,92.61,Sea,413.9,8.8
SUP_36CF7A72,Brazil Raw Cotton Traders,Brazil,520100,Raw Cotton,Agriculture,1334518.86,460261.56,0.7,China,5.43,0,35.0,3.27,164.74,0.7,7.21,2023,SME,35,1911,32,140013,Yes,Yes,No,TT,5.7,5.0,4.23,7.21,91.22,Sea,358.99,4.6
SUP_2A35834F,Chile Raw Cotton Traders,Chile,520100,Raw Cotton,Agriculture,7608759.13,60217.71,16.24,Germany,4.03,0,15500.0,0.82,445.65,0.88,5.26,2023,Enterprise,47,29468,39,55016,No,No,Yes,LC,8.6,9.2,4.89,7.51,84.6,Sea,267.24,5.2
SUP_EE68A0E0,Australia Bulk Palm Oil Traders,Australia,151110,Bulk Palm Oil,Agriculture,8749398.92,136697.61,-4.4,Mexico,14.39,1,850.0,0.75,825.38,0.8,6.26,2023,Large,14,2437,17,96854,Yes,Yes,Yes,Advance,9.1,6.5,4.11,3.98,89.16,Sea,167.63,9.6
SUP_249A511A,Italy Cardamom Traders,Italy,090832,Cardamom,Spices,9311372.04,74741.24,28.76,UAE,14.33,0,0.9,9.76,339.81,0.78,1.27,2023,Enterprise,35,25156,38,165632,Yes,No,No,Net 30,5.5,8.7,3.71,1.99,83.76,Land,110.93,6.5
SUP_477E6EFF,USA Raw Sugar Traders,USA,170114,Raw Sugar,Agriculture,2866391.1,204647.05,0.39,Brazil,6.96,1,83.0,5.37,758.17,0.89,7.87,2023,Large,21,16898,47,82967,No,No,Yes,TT,6.2,5.9,4.36,1.54,98.45,Land,213.68,4.3
SUP_4DD454F2,USA Wheat Traders,USA,100199,Wheat,Grains,2235623.8,264720.59,9.19,France,2.19,0,83.0,5.24,144.53,0.71,6.33,2023,Enterprise,19,29742,48,61390,Yes,No,No,Net 30,6.7,6.2,4.22,2.29,95.33,Sea,181.47,9.2
SUP_78E669BB,Vietnam Organic Turmeric Traders,Vietnam,091030,Organic Turmeric,Spices,4790391.94,20248.67,9.51,China,6.18,1,24000.0,6.94,929.13,0.74,7.4,2023,Large,37,4971,37,130708,Yes,No,No,Net 30,8.8,5.5,4.92,7.39,87.5,Air,139.26,9.2
SUP_C98C21A9,Italy Cinnamon Traders,Italy,090611,Cinnamon,Spices,7755681.98,318844.16,17.26,France,9.18,1,15500.0,8.3,894.82,0.88,6.97,2023,SME,50,9592,31,64187,Yes,Yes,Yes,LC,7.8,4.4,4.24,2.02,97.94,Air,491.5,9.2
SUP_67E72E66,Germany Bulk Palm Oil Traders,Germany,151110,Bulk Palm Oil,Agriculture,1326934.14,123647.76,15.14,Germany,11.99,0,5.0,8.37,413.67,0.99,8.24,2023,Enterprise,2,39326,15,172649,Yes,Yes,Yes,TT,5.0,8.7,4.88,3.78,95.8,Land,146.8,8.6
SUP_784E75BF,Taiwan Raw Sugar Traders,Taiwan,170114,Raw Sugar,Agriculture,7092075.52,113072.48,-0.18,UAE,14.07,0,56.0,2.09,600.38,0.85,8.33,2023,SME,44,31765,13,171620,Yes,No,No,TT,4.4,7.2,4.23,2.91,91.41,Land,371.87,4.4
SUP_40CACEF5,Australia Urea Fertilizer Traders,Australia,310210,Urea Fertilizer,Chemicals,2132731.87,199226.87,4.77,China,7.56,0,1.0,9.63,783.1,0.93,3.42,2023,Enterprise,30,38207,42,127967,Yes,No,No,LC,5.4,5.4,3.16,3.63,84.2,Land,76.2,6.6
SUP_1F614E1C,Vietnam Urea Fertilizer Traders,Vietnam,310210,Urea Fertilizer,Chemicals,3364279.84,215180.43,7.76,China,14.46,1,35.0,9.98,605.06,0.76,9.55,2023,Enterprise,47,13499,55,50137,Yes,No,No,Net 30,7.6,5.6,3.29,2.92,82.83,Air,138.05,5.4
SUP_C7806FF9,Italy Robusta Coffee Traders,Italy,090111,Robusta Coffee,Agriculture,5620353.84,204149.12,19.94,China,12.2,0,7.0,3.03,404.48,0.85,7.55,2023,Large,31,26545,59,185140,No,No,Yes,Advance,7.4,6.2,4.17,2.27,90.13,Sea,59.53,8.2
SUP_B73131DE,Italy Wheat Traders,Italy,100199,Wheat,Grains,9149084.46,483383.58,19.88,USA,8.84,1,850.0,7.69,287.47,0.9,7.94,2023,Large,16,3716,45,64999,No,No,No,Net 30,9.7,4.4,3.61,6.05,93.97,Land,245.53,7.3
SUP_4AD28571,China Urea Fertilizer Traders,China,310210,Urea Fertilizer,Chemicals,1888721.99,258650.68,-3.39,UK,10.64,0,15500.0,5.27,617.0,0.95,4.69,2023,Enterprise,44,45197,53,141423,Yes,No,No,Advance,8.7,8.6,3.68,4.96,83.69,Air,278.95,9.4
SUP_F872AA0D,Brazil Robusta Coffee Traders,Brazil,090111,Robusta Coffee,Agriculture,3806193.49,42032.66,6.84,China,1.29,0,850.0,2.67,438.76,0.75,4.06,2023,Enterprise,26,31258,44,143766,Yes,No,Yes,TT,6.6,4.6,4.96,5.21,87.43,Land,227.42,4.1
SUP_2DA09110,Vietnam Cloves Traders,Vietnam,090710,Cloves,Spices,9044942.41,117208.06,29.05,Brazil,7.39,0,83.0,8.0,334.34,0.73,9.71,2023,Enterprise,37,32800,41,192746,No,No,Yes,TT,7.9,5.8,3.04,6.91,98.63,Land,173.1,8.4
SUP_CB9A8312,Chile Coriander Traders,Chile,090921,Coriander,Spices,3424494.74,491936.81,9.13,Germany,12.22,0,24000.0,9.37,57.13,0.82,4.27,2023,Large,45,12266,12,165596,No,No,Yes,TT,7.8,6.0,4.59,5.09,84.12,Land,299.71,5.7
SUP_00B3D17C,Taiwan Robusta Coffee Traders,Taiwan,090111,Robusta Coffee,Agriculture,1386012.94,449260.65,25.61,Japan,13.34,1,1.0,7.13,811.31,0.88,9.69,2023,Large,21,1653,16,33143,No,Yes,No,Net 30,4.1,5.3,3.79,4.23,85.85,Land,406.63,6.2
SUP_EBD3B5BD,USA Coriander Traders,USA,090921,Coriander,Spices,8087053.17,183282.62,1.46,Japan,12.96,0,7.0,3.4,291.48,0.85,9.51,2023,Large,31,12780,52,39185,Yes,No,No,TT,6.2,4.4,4.53,7.16,88.73,Sea,169.1,9.9
SUP_F4044C8D,Italy Wheat Traders,Italy,100199,Wheat,Grains,4069484.01,28478.32,16.15,Brazil,10.42,1,0.9,6.25,689.97,0.91,5.79,2023,Large,9,39375,28,135971,Yes,No,No,TT,4.3,7.1,3.95,4.97,92.03,Air,327.58,6.1
SUP_599F967A,Chile Cumin Traders,Chile,090931,Cumin,Spices,1843081.54,87370.43,28.66,UK,4.57,1,24000.0,8.2,901.2,0.86,2.52,2023,Enterprise,44,27907,54,171350,No,No,Yes,Advance,4.9,9.6,3.56,2.29,86.02,Sea,310.13,7.3
SUP_392E7452,Mexico Robusta Coffee Traders,Mexico,090111,Robusta Coffee,Agriculture,7463057.25,481068.93,20.96,UK,11.58,0,56.0,2.29,486.33,0.95,9.05,2023,SME,44,10829,54,49946,No,Yes,Yes,LC,6.7,9.4,3.35,0.21,96.21,Land,350.93,9.5
SUP_71D1D96B,Brazil Cumin Traders,Brazil,090931,Cumin,Spices,7147126.79,118823.77,0.22,Brazil,8.97,1,0.9,6.28,84.06,0.94,1.27,2023,SME,36,23655,22,39484,No,Yes,No,Net 30,7.8,8.0,3.88,3.1,92.25,Land,350.94,4.4
SUP_5834CD21,Ethiopia Cinnamon Traders,Ethiopia,090611,Cinnamon,Spices,4887206.52,315489.43,28.22,UK,2.16,1,7.0,5.61,876.3,0.98,9.44,2023,Large,28,46837,18,54776,No,Yes,No,Advance,9.0,7.3,4.28,7.92,90.55,Sea,27.3,9.2
SUP_632AEB70,Italy Coriander Traders,Italy,090921,Coriander,Spices,4977649.6,347018.44,9.78,Brazil,14.77,1,7.0,3.55,251.57,0.73,8.56,2023,Enterprise,16,28017,47,67540,Yes,Yes,Yes,LC,5.1,6.2,4.7,4.34,89.27,Land,232.14,6.0
SUP_44CF75C7,Mexico Milled Rice Traders,Mexico,100630,Milled Rice,Agriculture,5549765.73,101231.05,10.34,Germany,7.69,0,0.9,3.82,237.96,0.97,8.93,2023,Enterprise,11,9915,17,52830,Yes,No,Yes,Net 30,9.1,4.5,4.21,7.19,84.09,Sea,64.35,8.0
SUP_6FA89B3D,Ethiopia Black Pepper Traders,Ethiopia,090411,Black Pepper,Spices,9656254.16,210049.0,-0.0,USA,9.58,1,35.0,4.67,779.58,0.93,2.38,2023,Large,3,5003,21,55661,Yes,Yes,Yes,TT,5.1,4.8,4.56,4.52,80.01,Air,408.65,9.2
SUP_150CBAC4,Taiwan Coriander Traders,Taiwan,090921,Coriander,Spices,5987934.17,385598.91,0.79,UK,13.75,1,56.0,4.71,638.88,0.87,3.64,2023,Enterprise,30,10989,18,134269,Yes,No,No,TT,8.2,7.6,4.73,5.01,94.9,Land,160.65,4.9
SUP_D4C547AA,Brazil Black Pepper Traders,Brazil,090411,Black Pepper,Spices,2396083.88,363188.15,12.25,UK,3.3,0,15500.0,2.02,809.24,0.88,6.26,2023,SME,7,44826,26,99840,Yes,No,No,LC,7.2,6.6,3.61,2.94,85.94,Sea,227.5,8.4
SUP_2C6D66D5,Brazil Nutmeg Traders,Brazil,090811,Nutmeg,Spices,4085741.86,277367.18,6.6,Germany,10.56,0,1.0,0.79,388.09,0.94,4.84,2023,Large,49,17345,10,46437,No,Yes,Yes,LC,8.5,6.0,4.99,0.37,95.09,Land,492.71,8.9
SUP_3D5C9C26,Brazil Bulk Palm Oil Traders,Brazil,151110,Bulk Palm Oil,Agriculture,3037968.21,225062.73,11.63,USA,5.64,1,850.0,6.07,479.57,0.98,6.02,2023,SME,48,17689,12,71088,Yes,Yes,Yes,Advance,8.7,5.3,4.89,4.1,84.91,Sea,284.05,4.9
SUP_D8304703,USA Bulk Palm Oil Traders,USA,151110,Bulk Palm Oil,Agriculture,3107879.29,28842.62,17.44,France,12.23,0,1.0,2.08,618.79,0.78,1.76,2023,SME,31,18263,29,24159,No,Yes,No,LC,6.8,8.0,4.95,6.8,84.91,Land,207.54,6.7
SUP_EB4B28D3,Vietnam Cumin Traders,Vietnam,090931,Cumin,Spices,9172188.63,196070.52,20.43,Mexico,13.85,0,0.9,8.66,245.41,0.72,1.54,2023,Large,7,20001,15,68390,Yes,No,Yes,Net 30,6.3,5.5,4.75,7.05,87.9,Sea,482.28,6.7
SUP_05A66ECB,India Cinnamon Traders,India,090611,Cinnamon,Spices,6274958.5,207784.2,7.36,Mexico,1.69,0,83.0,4.94,597.8,0.76,7.42,2023,Large,45,30714,46,112734,Yes,Yes,Yes,LC,5.4,7.8,3.57,7.77,91.32,Land,276.43,4.6
SUP_D34F1D44,Indonesia Coriander Traders,Indonesia,090921,Coriander,Spices,8088337.82,84422.21,6.09,France,12.91,1,83.0,4.26,776.84,0.9,1.46,2023,Large,30,7684,54,197971,No,No,Yes,LC,9.5,8.4,3.65,2.35,87.41,Land,161.16,4.4
SUP_54255C2C,Australia Cloves Traders,Australia,090710,Cloves,Spices,5886828.28,203436.24,-4.39,USA,5.07,1,7.0,6.55,933.57,0.73,1.87,2023,Enterprise,19,31798,38,29386,Yes,No,Yes,Net 30,7.6,8.4,3.45,5.34,85.91,Air,10.91,5.9
SUP_0A891C67,Italy Raw Cotton Traders,Italy,520100,Raw Cotton,Agriculture,9844963.38,493197.5,9.54,India,5.54,0,24000.0,5.71,708.45,0.98,8.07,2023,Large,46,44559,60,157397,Yes,Yes,No,Advance,9.1,6.4,3.88,5.98,81.66,Sea,147.0,8.0
SUP_76A036A6,Mexico Cinnamon Traders,Mexico,090611,Cinnamon,Spices,2487714.83,476668.32,20.6,Brazil,3.82,1,83.0,1.23,303.23,0.88,2.4,2023,Enterprise,20,14335,42,55641,No,Yes,Yes,TT,8.3,7.4,4.59,6.68,87.88,Sea,276.29,5.3
SUP_EE94415C,Taiwan Black Pepper Traders,Taiwan,090411,Black Pepper,Spices,3865680.79,365726.42,27.96,USA,3.6,0,7.0,6.44,863.58,0.72,6.94,2023,SME,48,27729,52,108858,No,Yes,Yes,Advance,6.4,9.7,4.73,2.85,97.06,Sea,259.44,8.4
SUP_915331AF,India Nutmeg Traders,India,090811,Nutmeg,Spices,6554873.75,456346.09,9.72,Japan,4.73,1,56.0,3.14,279.37,0.95,4.58,2023,Large,42,45742,10,126959,Yes,Yes,No,Net 30,9.5,5.8,3.13,7.23,89.77,Land,125.09,7.3
SUP_B84FA47C,Brazil Black Pepper Traders,Brazil,090411,Black Pepper,Spices,3310624.79,327847.6,22.59,Japan,3.54,1,15500.0,9.22,589.95,0.77,4.71,2023,SME,8,6108,22,89748,Yes,Yes,No,Advance,8.0,4.0,4.04,5.63,97.65,Land,107.37,4.2
SUP_B86C6D47,Italy Cloves Traders,Italy,090710,Cloves,Spices,5385228.51,252646.39,3.67,Germany,0.84,1,850.0,9.88,969.6,0.77,2.52,2023,Enterprise,48,32325,43,181926,No,No,Yes,TT,8.9,8.4,4.18,2.12,92.69,Land,342.27,5.5
SUP_8E9E3E04,Vietnam Cumin Traders,Vietnam,090931,Cumin,Spices,9059503.64,191854.28,18.3,China,3.62,0,35.0,1.39,919.77,0.71,9.36,2023,Enterprise,4,45059,28,155671,No,No,Yes,TT,5.1,5.1,4.04,6.76,88.98,Air,366.47,4.6
SUP_466ACAE6,Italy Black Pepper Traders,Italy,090411,Black Pepper,Spices,9737869.23,145366.11,4.25,France,10.07,1,83.0,5.98,807.34,0.88,3.06,2023,Large,15,47342,29,152244,Yes,No,No,LC,9.6,6.8,4.69,3.88,92.05,Sea,23.66,5.7
SUP_C129B5DD,Indonesia Bulk Palm Oil Traders,Indonesia,151110,Bulk Palm Oil,Agriculture,6894295.55,410505.12,14.43,UK,12.05,1,1.0,0.7,213.88,0.75,1.81,2023,Enterprise,22,43008,24,78090,No,Yes,Yes,TT,6.8,6.8,4.04,4.5,90.88,Air,282.54,9.5
SUP_9939407F,India Cinnamon Traders,India,090611,Cinnamon,Spices,5922278.83,213754.17,6.54,UAE,11.83,0,7.0,7.49,187.73,0.75,5.02,2023,Large,22,47076,32,134725,Yes,Yes,No,TT,9.1,9.0,4.77,5.11,88.43,Air,430.27,8.5
SUP_A7B8D1CE,Taiwan Coriander Traders,Taiwan,090921,Coriander,Spices,4978790.04,61271.24,24.84,Mexico,7.52,0,56.0,6.95,415.11,0.77,5.17,2023,SME,31,19121,18,153462,Yes,No,No,Net 30,9.5,6.5,4.16,3.64,86.29,Air,177.08,5.4
SUP_F2EDDD6C,Chile Raw Sugar Traders,Chile,170114,Raw Sugar,Agriculture,8588311.35,420514.68,3.36,France,10.23,1,850.0,3.59,776.7,0.84,2.62,2023,Enterprise,20,44974,38,81154,No,Yes,Yes,TT,4.8,8.3,3.99,5.57,98.27,Air,6.04,4.6
SUP_42D33A30,China Cumin Traders,China,090931,Cumin,Spices,6741223.0,280906.42,12.98,Mexico,1.01,0,15500.0,8.95,448.59,0.76,2.98,2023,Large,2,28662,29,173380,Yes,Yes,No,Net 30,9.0,5.3,3.13,3.1,88.22,Land,261.32,9.5
SUP_1EDF1E1B,Ethiopia Cumin Traders,Ethiopia,090931,Cumin,Spices,6953416.57,245378.15,25.72,USA,13.49,0,56.0,6.25,994.93,0.82,3.07,2023,Large,12,30885,19,81784,Yes,Yes,No,LC,8.7,7.7,3.9,1.22,94.27,Sea,394.06,7.7
SUP_FEBAD1CE,USA Wheat Traders,USA,100199,Wheat,Grains,6442819.63,108982.22,14.0,UAE,13.69,1,15500.0,6.73,651.32,0.91,3.47,2023,Enterprise,32,32958,60,139386,Yes,No,No,Advance,9.6,4.7,3.23,4.02,96.45,Land,409.18,8.3
SUP_C5255901,Vietnam Raw Cotton Traders,Vietnam,520100,Raw Cotton,Agriculture,1356720.92,279267.69,6.28,Germany,4.32,1,56.0,2.21,736.41,0.84,9.89,2023,Enterprise,15,30776,15,47373,No,Yes,Yes,Net 30,6.7,7.1,4.29,6.44,83.97,Land,50.08,5.7
SUP_688325AF,China Raw Sugar Traders,China,170114,Raw Sugar,Agriculture,5514082.73,107271.29,14.08,UAE,14.35,1,83.0,3.17,247.53,0.91,1.66,2023,Large,32,43304,14,112553,No,Yes,Yes,Advance,5.2,4.5,3.84,6.84,95.01,Sea,434.76,6.8
SUP_69DB6A8F,Mexico Black Pepper Traders,Mexico,090411,Black Pepper,Spices,8420175.64,487763.91,26.12,Brazil,1.78,0,0.9,8.61,797.23,0.77,6.61,2023,Enterprise,12,1929,12,183077,Yes,Yes,No,LC,7.5,4.9,3.16,5.75,88.22,Sea,108.58,9.7
SUP_31B580AD,Ethiopia Wheat Traders,Ethiopia,100199,Wheat,Grains,1665299.73,274402.58,8.87,China,5.01,1,15500.0,2.87,168.24,0.71,5.77,2023,Large,50,22376,39,67738,No,No,No,LC,7.9,4.5,4.06,3.0,84.04,Sea,272.88,8.8
SUP_1EA0AB5C,Indonesia Raw Cotton Traders,Indonesia,520100,Raw Cotton,Agriculture,4156412.47,489781.55,16.94,Mexico,0.21,0,15500.0,1.73,641.34,0.87,3.15,2023,SME,42,12852,20,191250,No,Yes,No,Net 30,4.9,9.1,3.85,3.22,89.52,Air,397.92,5.8
SUP_1E3C5D92,Italy Black Pepper Traders,Italy,090411,Black Pepper,Spices,6189291.33,424526.16,11.35,USA,2.03,1,0.9,2.45,466.52,0.83,5.79,2023,Enterprise,37,6203,35,135835,No,No,No,Net 30,8.4,8.0,3.07,6.86,96.8,Air,474.72,9.9
SUP_E282D460,India Organic Turmeric Traders,India,091030,Organic Turmeric,Spices,2626474.16,382798.44,24.69,UAE,10.48,1,24000.0,1.1,655.05,0.94,5.61,2023,SME,34,4979,34,65328,Yes,No,Yes,Advance,6.1,9.6,3.5,0.16,98.58,Sea,238.4,8.1
SUP_7E600BD6,Chile Cinnamon Traders,Chile,090611,Cinnamon,Spices,3313335.37,234612.41,14.9,Mexico,5.65,1,15500.0,8.14,913.38,0.73,8.08,2023,Enterprise,8,29859,18,195742,Yes,Yes,Yes,Net 30,8.5,6.9,4.74,6.46,94.15,Sea,361.24,5.5
SUP_6918C6E7,Germany Robusta Coffee Traders,Germany,090111,Robusta Coffee,Agriculture,8081129.37,337670.5,2.3,USA,9.98,0,35.0,8.69,195.49,0.71,9.5,2023,SME,21,8245,18,59122,No,Yes,No,TT,5.4,8.2,3.68,0.66,81.98,Sea,252.38,4.4
SUP_FA887B52,Taiwan Black Pepper Traders,Taiwan,090411,Black Pepper,Spices,2438589.46,119924.31,28.7,USA,5.35,0,7.0,3.23,627.24,0.82,9.29,2023,Enterprise,34,15373,20,88595,Yes,Yes,Yes,Net 30,4.1,6.6,3.87,6.2,93.83,Air,116.83,8.5
SUP_57FE93FA,Brazil Bulk Palm Oil Traders,Brazil,151110,Bulk Palm Oil,Agriculture,7898446.12,95312.59,8.02,Mexico,2.02,1,850.0,3.89,454.17,0.97,7.11,2023,SME,30,23404,56,82779,Yes,Yes,Yes,LC,4.3,6.5,3.88,4.34,94.24,Sea,367.42,4.8
SUP_EED0DDD7,Indonesia Nutmeg Traders,Indonesia,090811,Nutmeg,Spices,1671128.01,14620.73,0.98,France,7.26,0,56.0,0.35,130.87,0.79,7.87,2023,Enterprise,10,29177,41,63750,No,Yes,Yes,LC,8.0,5.7,3.96,6.58,88.83,Air,126.46,9.6
SUP_AE73F936,Ethiopia Organic Turmeric Traders,Ethiopia,091030,Organic Turmeric,Spices,2532155.2,309667.68,1.8,Germany,12.89,1,24000.0,3.64,912.52,0.89,7.68,2023,SME,10,42180,26,170919,Yes,No,No,LC,5.1,5.6,3.29,4.47,93.07,Land,452.88,9.3
SUP_176C39BA,China Coriander Traders,China,090921,Coriander,Spices,5176832.93,213299.09,11.48,UAE,6.63,1,83.0,8.41,639.66,0.9,7.37,2023,SME,7,35218,59,34947,Yes,No,Yes,Net 30,9.4,8.8,4.01,7.38,81.54,Sea,266.7,6.2
SUP_9C94A0D9,Brazil Coriander Traders,Brazil,090921,Coriander,Spices,8978255.35,418903.42,24.96,France,9.76,1,0.9,7.44,950.05,0.75,1.28,2023,Large,10,47274,28,130386,No,No,Yes,TT,5.5,4.9,4.19,4.13,83.6,Land,295.21,7.0
SUP_90935730,Indonesia Raw Sugar Traders,Indonesia,170114,Raw Sugar,Agriculture,610911.4,288707.98,9.94,UAE,3.79,1,850.0,4.67,831.72,0.89,5.26,2023,SME,2,4712,25,128930,Yes,No,Yes,Advance,8.1,6.2,4.31,7.13,97.93,Sea,45.59,4.5
SUP_9B749E14,Germany Nutmeg Traders,Germany,090811,Nutmeg,Spices,8298570.33,294550.62,-4.56,Brazil,8.44,0,15500.0,4.85,103.77,0.94,8.14,2023,SME,6,49781,16,35665,No,Yes,Yes,Net 30,5.7,8.0,4.85,3.95,93.81,Sea,221.33,9.6
SUP_EFA57055,Indonesia Raw Sugar Traders,Indonesia,170114,Raw Sugar,Agriculture,4258780.61,435478.14,16.15,Germany,7.98,1,15500.0,7.22,211.03,0.89,5.89,2023,Enterprise,46,39928,40,124730,Yes,Yes,No,LC,8.0,9.3,4.62,0.27,96.13,Sea,415.14,4.8
SUP_41541427,China Organic Turmeric Traders,China,091030,Organic Turmeric,Spices,1944419.4,35150.07,18.89,UK,2.02,0,24000.0,9.4,524.43,0.76,1.21,2023,Enterprise,30,5207,25,28477,Yes,No,Yes,TT,7.7,9.5,4.19,6.4,90.69,Sea,477.56,4.6
SUP_443E43A3,India Nutmeg Traders,India,090811,Nutmeg,Spices,2031954.28,60204.15,15.76,USA,9.91,1,83.0,5.22,445.94,0.87,9.61,2023,SME,34,26023,25,78116,No,No,No,TT,5.8,6.9,4.02,5.78,94.68,Sea,82.43,4.0
SUP_C99BF3CE,Mexico Cumin Traders,Mexico,090931,Cumin,Spices,2149924.81,154434.87,-0.14,UAE,8.88,0,56.0,4.9,508.92,0.84,2.25,2023,Enterprise,28,41880,44,167208,Yes,No,Yes,LC,8.8,4.1,4.2,7.41,97.15,Air,155.92,5.6
SUP_06AF21AB,Germany Nutmeg Traders,Germany,090811,Nutmeg,Spices,3318970.7,193098.27,26.5,China,5.5,1,5.0,0.54,642.39,0.81,6.91,2023,Large,22,518,60,92569,Yes,Yes,No,TT,9.8,9.3,3.72,8.0,94.76,Sea,168.98,8.8
SUP_BD09F866,India Cloves Traders,India,090710,Cloves,Spices,5392113.32,23010.79,20.09,France,12.0,0,56.0,0.89,242.35,0.73,6.94,2023,SME,33,48144,50,185836,No,Yes,No,LC,9.7,7.8,3.22,4.21,92.73,Land,303.09,9.0
SUP_41A226E0,India Urea Fertilizer Traders,India,310210,Urea Fertilizer,Chemicals,7222798.18,362820.82,26.82,USA,11.09,0,5.0,4.75,311.79,0.73,8.34,2023,SME,32,28400,38,66605,Yes,No,No,Net 30,4.9,4.7,3.91,1.81,93.86,Sea,287.3,4.7
SUP_532D7490,Brazil Organic Turmeric Traders,Brazil,091030,Organic Turmeric,Spices,569186.57,326791.06,1.47,Mexico,11.7,0,850.0,4.62,776.82,0.75,8.99,2023,Large,19,47406,29,185868,Yes,No,No,TT,5.7,6.7,4.35,6.16,87.9,Air,366.66,7.0
SUP_A72A7E2D,Australia Milled Rice Traders,Australia,100630,Milled Rice,Agriculture,3219646.01,368160.24,26.51,France,13.71,1,7.0,7.83,134.88,0.83,8.73,2023,SME,21,46410,26,87449,No,Yes,Yes,Net 30,8.3,5.5,4.08,2.6,88.87,Air,403.76,5.3
SUP_223E05F1,Germany Nutmeg Traders,Germany,090811,Nutmeg,Spices,5172164.97,104992.54,0.38,Germany,11.67,1,15500.0,3.54,127.99,0.89,5.06,2023,Large,50,2853,40,112328,Yes,Yes,Yes,Net 30,6.0,5.2,4.4,3.12,92.27,Sea,141.18,8.0
SUP_E8004A55,Vietnam Organic Turmeric Traders,Vietnam,091030,Organic Turmeric,Spices,6818892.4,354162.81,22.91,France,3.24,1,83.0,2.93,427.73,0.84,2.91,2023,Large,18,6535,12,120847,No,Yes,Yes,TT,5.0,5.7,3.85,2.21,82.36,Sea,22.3,5.4
SUP_149BB96C,Mexico Cumin Traders,Mexico,090931,Cumin,Spices,1495147.61,386697.68,12.02,France,0.78,0,1.0,3.25,704.18,0.88,3.04,2023,Large,38,12895,37,105520,No,Yes,No,TT,8.0,8.1,4.68,4.83,80.17,Air,105.38,9.1
SUP_1CE06BBB,Australia Bulk Palm Oil Traders,Australia,151110,Bulk Palm Oil,Agriculture,1023290.0,121565.72,-4.75,Mexico,0.45,0,7.0,5.02,352.77,0.8,9.34,2023,Enterprise,46,2190,36,161952,No,Yes,No,TT,7.0,4.5,4.82,7.5,86.89,Land,429.46,7.3
SUP_CE01445E,Indonesia Raw Sugar Traders,Indonesia,170114,Raw Sugar,Agriculture,7966992.14,373812.09,6.37,China,4.07,0,83.0,8.61,456.54,0.83,5.52,2023,SME,42,21297,36,157399,No,No,No,Net 30,4.6,4.7,4.1,2.35,89.12,Land,159.73,4.3
SUP_46E10D53,Italy Organic Turmeric Traders,Italy,091030,Organic Turmeric,Spices,5574615.85,465374.31,4.76,Japan,12.68,1,5.0,2.77,826.04,0.9,3.8,2023,Large,2,18941,37,57997,Yes,No,Yes,LC,6.0,5.5,4.06,6.37,87.42,Sea,171.72,9.5
SUP_6A67E168,India Nutmeg Traders,India,090811,Nutmeg,Spices,8376361.75,50235.77,25.77,Mexico,1.89,0,7.0,1.77,709.6,0.81,8.2,2023,Large,47,9219,43,64476,Yes,Yes,Yes,LC,5.8,9.2,4.72,2.85,97.62,Air,127.31,5.0
SUP_2241ECD5,Indonesia Cumin Traders,Indonesia,090931,Cumin,Spices,6976609.32,211995.79,1.13,Germany,12.62,0,56.0,7.78,208.38,0.74,9.89,2023,Enterprise,25,27568,16,33000,Yes,No,Yes,Net 30,9.1,9.2,4.24,5.35,98.39,Sea,433.07,5.4
SUP_7A423CF0,Taiwan Milled Rice Traders,Taiwan,100630,Milled Rice,Agriculture,3036268.17,300238.99,24.24,China,13.58,1,83.0,7.85,109.93,0.89,6.19,2023,Large,32,33349,41,43157,No,Yes,No,LC,8.2,9.3,3.38,5.69,94.37,Land,491.62,4.4
SUP_07BF1F3F,Italy Nutmeg Traders,Italy,090811,Nutmeg,Spices,3374419.23,228441.82,19.66,Germany,13.23,1,83.0,6.38,499.94,0.91,7.32,2023,Enterprise,32,29187,16,167370,No,Yes,No,Net 30,5.3,8.7,3.18,7.6,86.24,Sea,287.91,4.7
SUP_DC967498,China Urea Fertilizer Traders,China,310210,Urea Fertilizer,Chemicals,6382720.09,166501.71,10.39,Brazil,14.44,1,56.0,5.79,513.02,0.73,3.74,2023,SME,15,34710,51,181842,No,No,No,Net 30,5.5,5.5,3.78,4.8,97.39,Land,186.3,6.1
SUP_D4B63161,Mexico Bulk Palm Oil Traders,Mexico,151110,Bulk Palm Oil,Agriculture,6738512.14,322164.67,28.51,France,10.8,0,15500.0,3.98,143.51,0.74,8.84,2023,SME,31,39277,40,43969,Yes,Yes,Yes,LC,6.7,5.1,3.8,5.98,91.06,Land,455.34,5.6
SUP_A9C6E257,Australia Bulk Palm Oil Traders,Australia,151110,Bulk Palm Oil,Agriculture,8392117.1,479244.66,5.49,Germany,1.01,1,35.0,6.55,942.5,0.84,7.76,2023,Large,44,27332,45,82089,Yes,Yes,No,LC,8.8,9.8,4.03,2.4,88.54,Land,462.42,8.9
SUP_4EE0A0EB,Italy Raw Sugar Traders,Italy,170114,Raw Sugar,Agriculture,3045570.53,268900.14,26.85,Brazil,1.0,1,83.0,2.17,423.37,0.94,6.23,2023,Enterprise,38,17431,40,115648,No,No,Yes,Net 30,6.3,7.2,4.93,1.88,95.45,Air,25.44,5.6
SUP_F998C589,Indonesia Wheat Traders,Indonesia,100199,Wheat,Grains,4820199.22,311823.42,20.53,Mexico,3.36,0,24000.0,5.66,323.11,0.88,4.86,2023,Enterprise,26,32482,26,186520,Yes,No,No,Advance,5.2,4.6,4.3,2.84,98.8,Land,374.8,6.8
SUP_D572D9D8,Italy Nutmeg Traders,Italy,090811,Nutmeg,Spices,7880750.02,276006.35,27.44,UK,9.51,1,1.0,6.57,134.04,0.84,1.57,2023,Large,45,14067,50,120200,Yes,No,Yes,TT,5.6,5.3,3.85,0.17,82.85,Land,114.06,9.9
SUP_25B0B5F9,Brazil Wheat Traders,Brazil,100199,Wheat,Grains,9201275.58,403592.14,20.21,UAE,4.63,1,850.0,6.97,206.39,0.82,4.14,2023,Enterprise,26,44268,56,72665,No,No,No,TT,7.9,6.9,3.99,2.56,93.47,Land,408.56,4.7
SUP_9210C07C,Taiwan Nutmeg Traders,Taiwan,090811,Nutmeg,Spices,1546582.66,496742.0,2.02,UAE,10.22,1,7.0,7.46,912.42,0.92,3.07,2023,Enterprise,31,38299,17,40891,Yes,No,No,Net 30,4.1,9.8,4.46,0.77,91.43,Air,447.59,7.6
SUP_76A74848,Germany Coriander Traders,Germany,090921,Coriander,Spices,9337297.68,228109.97,0.08,UK,8.98,1,83.0,6.55,697.07,0.86,5.73,2023,SME,39,8617,51,85019,Yes,Yes,No,Net 30,7.4,5.3,3.17,6.62,89.7,Sea,14.36,9.6
SUP_4194DEB8,Indonesia Bulk Palm Oil Traders,Indonesia,151110,Bulk Palm Oil,Agriculture,9962060.69,8909.0,6.85,China,4.13,0,24000.0,9.47,718.3,0.91,7.97,2023,Large,27,33492,49,194464,No,No,No,LC,5.1,8.0,3.62,6.6,88.71,Air,425.13,6.9
SUP_F77C5EA8,Taiwan Milled Rice Traders,Taiwan,100630,Milled Rice,Agriculture,7176253.28,154113.31,27.24,France,11.31,0,7.0,1.2,458.38,0.89,5.76,2023,Enterprise,37,40203,27,45873,Yes,No,No,TT,5.3,7.4,3.74,6.52,89.62,Air,465.47,6.1
SUP_79659B98,Brazil Cardamom Traders,Brazil,090832,Cardamom,Spices,9396044.45,86696.12,28.2,Germany,1.53,1,24000.0,8.45,672.81,0.73,6.46,2023,Large,7,12092,17,129952,No,No,No,TT,7.7,4.8,4.9,7.04,96.85,Sea,291.99,6.1
SUP_8BAB2BEA,Chile Raw Cotton Traders,Chile,520100,Raw Cotton,Agriculture,5964131.47,185518.13,10.31,Mexico,10.33,0,24000.0,0.59,249.43,0.93,5.19,2023,Large,3,45354,50,189546,No,Yes,No,Net 30,4.0,6.6,3.04,2.65,82.14,Land,244.82,5.1
SUP_6E28B88A,Brazil Nutmeg Traders,Brazil,090811,Nutmeg,Spices,4746419.29,469928.26,11.14,China,12.32,0,83.0,4.48,631.36,0.74,3.86,2023,SME,41,4538,43,40011,Yes,No,No,TT,9.9,5.2,4.03,5.72,87.78,Sea,78.45,4.0
SUP_BDB900EA,Vietnam Coriander Traders,Vietnam,090921,Coriander,Spices,3886800.58,450442.27,23.02,UAE,5.04,0,83.0,5.54,435.82,0.85,6.25,2023,Enterprise,10,4060,51,130963,No,No,Yes,Advance,4.6,6.1,4.35,4.57,95.77,Sea,77.82,9.3
SUP_AF3217AF,Ethiopia Cardamom Traders,Ethiopia,090832,Cardamom,Spices,7211182.88,44056.77,21.46,UK,14.45,1,56.0,9.06,976.62,0.85,2.7,2023,Enterprise,41,31575,38,42391,No,No,Yes,Net 30,9.9,4.1,4.89,5.33,82.47,Air,370.9,7.5
SUP_3CFF3D72,Chile Nutmeg Traders,Chile,090811,Nutmeg,Spices,7448883.12,449574.68,20.87,UK,9.02,1,56.0,6.47,150.05,0.88,5.98,2023,Large,7,11327,52,158116,Yes,No,No,Advance,7.5,4.1,4.52,4.94,91.46,Land,213.85,6.5
SUP_80AFE768,India Cloves Traders,India,090710,Cloves,Spices,6878796.27,45751.48,0.48,China,13.1,0,0.9,7.8,650.51,0.91,2.59,2023,Enterprise,28,21484,27,139793,No,Yes,No,TT,4.1,8.4,4.56,4.69,86.25,Sea,176.18,6.7
SUP_F9F751A9,USA Bulk Palm Oil Traders,USA,151110,Bulk Palm Oil,Agriculture,2177717.85,496697.82,-0.17,India,6.87,1,7.0,5.02,920.81,0.77,7.64,2023,Large,7,49903,29,176634,No,No,Yes,TT,4.8,8.6,4.39,6.35,96.47,Air,210.07,9.2
SUP_50DABC22,Germany Raw Cotton Traders,Germany,520100,Raw Cotton,Agriculture,8421589.0,107105.49,0.13,China,8.18,0,15500.0,0.18,685.62,0.83,4.94,2023,Enterprise,35,5450,23,124611,No,Yes,No,Advance,9.0,6.7,4.48,3.18,93.42,Sea,431.47,6.8
SUP_9F1B0258,Germany Black Pepper Traders,Germany,090411,Black Pepper,Spices,4347653.93,186579.38,4.96,Brazil,7.21,1,56.0,0.35,519.83,0.89,9.07,2023,SME,35,10496,26,111786,No,No,No,Advance,9.6,6.0,4.32,7.64,83.79,Sea,470.25,7.9
SUP_88CD08E6,Italy Milled Rice Traders,Italy,100630,Milled Rice,Agriculture,7585455.37,73096.38,3.58,USA,1.47,1,0.9,0.99,58.5,0.73,2.32,2023,Enterprise,28,44950,60,21222,Yes,Yes,No,Advance,7.6,8.1,3.85,3.74,91.76,Land,133.33,5.8
SUP_DF57D09F,Mexico Nutmeg Traders,Mexico,090811,Nutmeg,Spices,4194976.98,397620.75,21.15,India,13.77,1,0.9,1.62,528.04,0.74,6.52,2023,Enterprise,16,8108,27,29196,Yes,No,Yes,TT,8.4,9.9,4.61,4.86,81.84,Sea,385.23,6.5
SUP_BC7C4569,USA Milled Rice Traders,USA,100630,Milled Rice,Agriculture,4186661.72,192149.59,8.28,Brazil,9.76,0,7.0,6.06,477.41,0.97,3.92,2023,Enterprise,6,2777,59,37088,Yes,No,No,Net 30,6.6,6.8,4.52,0.79,89.64,Land,446.9,7.8
SUP_9D273D0C,USA Nutmeg Traders,USA,090811,Nutmeg,Spices,4370238.91,217795.95,-1.93,France,8.38,0,7.0,1.92,331.69,0.71,9.7,2023,Large,27,42427,41,39563,No,No,No,TT,8.7,8.8,3.52,5.86,86.0,Sea,375.32,7.4
SUP_668ABA74,India Organic Turmeric Traders,India,091030,Organic Turmeric,Spices,3090923.31,163478.89,13.6,Brazil,12.07,0,83.0,1.54,799.38,0.93,7.24,2023,Large,35,45640,51,74166,Yes,No,No,LC,8.3,4.3,3.8,6.44,98.59,Air,432.29,7.1
SUP_65D17CF2,Ethiopia Milled Rice Traders,Ethiopia,100630,Milled Rice,Agriculture,7587583.5,136601.37,1.7,Germany,1.33,1,24000.0,7.32,608.33,0.97,7.05,2023,Enterprise,18,6011,13,130197,Yes,No,No,Advance,6.9,9.7,3.25,2.96,83.76,Sea,316.12,8.3
SUP_2728E3D0,Germany Bulk Palm Oil Traders,Germany,151110,Bulk Palm Oil,Agriculture,520615.39,279159.58,-4.54,China,4.93,0,850.0,6.84,881.74,0.92,6.66,2023,SME,28,7962,14,186852,No,No,Yes,LC,9.4,7.6,3.54,7.15,82.03,Sea,135.83,5.3
SUP_A1403A93,India Milled Rice Traders,India,100630,Milled Rice,Agriculture,2728596.01,460473.82,-2.67,Germany,14.99,1,850.0,7.48,836.17,0.86,2.8,2023,SME,28,28075,55,81655,No,Yes,Yes,Advance,4.1,8.9,4.29,2.77,92.72,Land,487.07,8.3
SUP_9615D2ED,USA Black Pepper Traders,USA,090411,Black Pepper,Spices,7679132.39,491430.08,13.93,UK,1.19,1,7.0,0.11,633.3,0.97,9.58,2023,Large,36,21125,11,153062,Yes,No,Yes,TT,5.9,9.1,4.29,7.18,85.94,Sea,439.33,5.8
SUP_B2B0BA10,Ethiopia Wheat Traders,Ethiopia,100199,Wheat,Grains,2211110.33,356573.32,13.33,China,8.92,0,15500.0,5.48,110.48,0.96,6.06,2023,Large,46,2599,26,142551,Yes,No,No,Advance,9.3,8.3,3.34,7.08,93.52,Air,377.77,5.8
SUP_BB8C014D,USA Wheat Traders,USA,100199,Wheat,Grains,3359169.66,288416.52,14.66,Germany,0.76,1,56.0,4.22,606.27,0.73,5.58,2023,SME,49,33496,58,147588,Yes,No,No,Advance,5.4,5.9,4.82,2.56,85.82,Air,489.61,8.0
SUP_05B326AA,India Robusta Coffee Traders,India,090111,Robusta Coffee,Agriculture,8995595.72,123339.67,-4.55,UK,9.96,1,850.0,4.76,268.43,0.83,3.31,2023,Enterprise,38,46118,43,164463,No,No,Yes,TT,9.6,5.7,3.29,7.83,86.17,Land,218.95,6.5
